Start_chr,Start_pos,End_chr,End_pos,svtype,ctrl_count%,rel_count%,pro_count%
6,51874769,6,51880809,DEL-ht,0,25,27.87878788
5,46486069,5,46541284,DEL-ht,0,28.75816993,23.33333333
15,17394590,15,17093403,DUP-th,0,15.35947712,17.87878788
5,46541462,5,46496661,DUP-th,0,17.81045752,16.06060606
1,69561642,1,69562000,DEL-ht,0,8.660130719,10
21,10781767,21,10782948,DEL-ht,0,9.967320261,9.696969697
15,17447313,15,17093403,DUP-th,0,7.189542484,9.393939394
2,88021451,2,88021697,DEL-ht,0,4.411764706,6.363636364
6,32537433,3,57474691,TRX-th,0,5.065359477,5.454545455
6,32544885,6,32545238,DEL-ht,0.108342362,6.37254902,5.757575758
17,46289348,17,45578420,DUP-th,0.216684724,8.496732026,9.090909091
10,42206106,10,42221343,DEL-ht,0.541711809,5.065359477,6.060606061
22,24002548,22,24002849,DEL-ht,0.758396533,9.640522876,11.51515152
2,178432256,2,178436145,DEL-ht,0.758396533,6.37254902,8.787878788
17,36195938,17,36182409,DUP-th,0.866738895,3.758169935,5.757575758
11,62277793,11,125589068,INV-tt,1.516793066,3.431372549,5.454545455
1,88507127,17,33736831,TRX-tt,1.625135428,5.22875817,7.272727273
2,77864794,4,173123064,TRX-tt,1.625135428,4.08496732,6.363636364
4,129705219,4,129705494,DEL-ht,2.058504875,1.633986928,5.757575758
7,3186664,20,13723499,TRX-tt,2.166847237,4.575163399,5.151515152
4,26526697,4,26526935,DEL-ht,2.275189599,6.045751634,9.696969697
8,4137359,8,4137824,DEL-ht,2.491874323,5.392156863,6.666666667
3,187092,3,192722,DEL-ht,2.491874323,5.555555556,5.151515152
11,9083003,11,83317875,INV-hh,2.600216685,6.37254902,6.363636364
20,43852637,20,43855143,DEL-ht,2.708559047,4.738562092,6.060606061
6,32708797,6,32709253,DEL-ht,2.816901408,21.89542484,23.33333333
2,131129003,2,131129733,INV-tt,2.816901408,10.13071895,9.393939394
5,173608287,5,173609238,DEL-ht,2.816901408,7.026143791,7.575757576
3,36797655,3,190438908,INV-tt,2.816901408,5.718954248,6.666666667
1,225574619,1,225574932,DEL-ht,2.92524377,7.679738562,7.878787879
4,91014948,4,91012491,DUP-th,3.033586132,7.843137255,8.484848485
12,80454441,12,80461952,INV-tt,3.250270856,23.36601307,26.96969697
1,193266300,1,193266528,DEL-ht,3.358613218,6.37254902,6.666666667
3,80013716,3,80016128,INV-hh,3.358613218,3.921568627,5.757575758
4,98895949,4,98892637,DUP-th,3.46695558,4.575163399,5.757575758
X,70909425,X,70920177,INV-tt,3.575297941,6.209150327,5.454545455
14,54243631,14,54246968,DEL-ht,3.683640303,6.699346405,5.454545455
2,11380447,2,11380717,DEL-ht,3.683640303,6.535947712,5.151515152
4,100323694,4,100323954,DEL-ht,3.791982665,5.065359477,5.151515152
2,201281645,19,46833483,TRX-tt,3.900325027,5.392156863,5.454545455
14,46648665,14,62759566,INV-tt,4.008667389,8.823529412,9.696969697
16,48247464,16,48247012,DUP-th,4.008667389,6.37254902,5.151515152
22,49029656,2,85486995,TRX-th,4.117009751,9.803921569,9.696969697
1,153161232,1,153161488,DEL-ht,4.117009751,6.045751634,6.666666667
2,102295990,5,39787650,TRX-ht,4.117009751,5.22875817,6.666666667
15,34449542,15,34449833,DEL-ht,4.117009751,6.699346405,6.060606061
19,24343432,19,24344460,DEL-ht,4.117009751,3.594771242,6.060606061
11,5085738,11,5085982,DEL-ht,4.225352113,8.169934641,9.090909091
15,68420999,15,68421220,DEL-ht,4.225352113,6.37254902,5.757575758
5,152131457,5,152135133,DEL-ht,4.442036836,8.986928105,11.81818182
6,107944917,6,107945212,DEL-ht,4.442036836,6.209150327,7.575757576
12,1754849,12,1755161,DEL-ht,4.442036836,6.37254902,6.363636364
7,17055077,X,11935079,TRX-tt,4.550379198,7.352941176,6.060606061
17,29488401,17,29485513,DUP-th,4.550379198,7.189542484,5.757575758
15,33908246,15,33908514,DEL-ht,4.65872156,5.555555556,7.575757576
2,220481216,2,220481540,DEL-ht,4.65872156,3.104575163,5.454545455
3,46004380,3,46004638,DEL-ht,4.767063922,5.22875817,6.060606061
11,83432330,11,83432618,DEL-ht,4.875406284,4.738562092,6.060606061
1,197924888,1,197925185,DEL-ht,4.875406284,4.411764706,5.454545455
9,110275007,9,110267690,DUP-th,4.875406284,4.575163399,5.151515152
3,110032910,6,77939704,TRX-tt,4.983748646,8.660130719,8.787878788
1,66986546,1,66986952,INV-tt,4.983748646,5.882352941,7.575757576
21,21412391,21,21411143,DUP-th,4.983748646,6.535947712,6.363636364
12,98276151,12,98278313,DEL-ht,4.983748646,7.026143791,6.060606061
20,23122666,20,23122996,DEL-ht,4.983748646,7.679738562,5.454545455
12,13011918,12,13011436,DUP-th,5.092091008,6.045751634,6.666666667
11,9504249,11,9505253,DEL-ht,5.092091008,4.738562092,5.757575758
7,156594389,7,156601626,INV-tt,5.200433369,9.477124183,9.393939394
9,34681981,9,34681484,DUP-th,5.308775731,4.738562092,5.454545455
13,55367047,13,55367334,DEL-ht,5.308775731,4.08496732,5.454545455
4,91010406,4,91014686,DEL-ht,5.308775731,4.08496732,5.151515152
12,46896695,12,46915969,INV-tt,5.417118093,6.209150327,8.181818182
5,28932544,5,28934952,INV-hh,5.633802817,15.52287582,15.75757576
11,48907396,11,48907704,DEL-ht,5.633802817,4.738562092,7.575757576
2,61473618,2,61476323,INV-hh,5.633802817,7.679738562,6.363636364
3,122419604,3,122419922,DEL-ht,5.633802817,4.08496732,5.151515152
6,64313296,6,64312984,DUP-th,5.633802817,3.104575163,5.151515152
16,56583116,16,56583448,DEL-ht,5.742145179,2.614379085,5.757575758
X,29251032,X,29252080,INV-tt,5.850487541,15.8496732,15.45454545
19,605301,19,608432,DEL-ht,5.850487541,9.477124183,9.090909091
9,110262296,9,110274814,DEL-ht,5.850487541,10.29411765,7.878787879
2,72213038,2,72214235,INV-tt,5.850487541,9.31372549,7.575757576
8,117862980,8,117863355,INV-tt,5.958829902,12.09150327,14.54545455
1,168217251,3,53141869,TRX-ht,5.958829902,7.026143791,8.787878788
10,125512653,10,125502228,DUP-th,5.958829902,8.169934641,7.878787879
3,95752156,3,95749273,DUP-th,6.067172264,6.862745098,6.96969697
8,114985576,8,114986138,DEL-ht,6.067172264,4.738562092,6.060606061
19,12584070,19,12588117,DEL-ht,6.067172264,5.555555556,5.757575758
3,82887507,3,82887807,DEL-ht,6.175514626,9.31372549,6.96969697
7,37958914,7,37959221,DEL-ht,6.175514626,1.797385621,5.151515152
14,101524539,14,101524866,DEL-ht,6.175514626,2.777777778,5.151515152
11,55676540,11,55690280,INV-tt,6.283856988,8.169934641,8.484848485
7,140489423,7,140481787,DUP-th,6.283856988,5.555555556,6.666666667
5,114922388,5,114925736,INV-tt,6.283856988,6.37254902,6.363636364
5,31190135,5,31191075,INV-tt,6.39219935,10.29411765,8.787878788
2,122612418,2,122612766,DEL-ht,6.500541712,18.1372549,20.3030303
10,57497899,10,57498224,INV-tt,6.608884074,6.37254902,5.151515152
15,98055486,15,98055803,DEL-ht,6.933911159,4.575163399,6.666666667
9,121465541,9,121464631,DUP-th,6.933911159,8.660130719,6.363636364
10,10451456,10,10451770,DEL-ht,6.933911159,3.594771242,6.363636364
12,40480965,12,40482623,DEL-ht,7.042253521,11.11111111,13.33333333
17,69961943,17,69961544,DUP-th,7.042253521,3.758169935,9.393939394
10,125825185,10,125824767,DUP-th,7.042253521,8.333333333,8.787878788
16,85975618,16,85975036,DUP-th,7.042253521,7.352941176,6.666666667
2,149902795,2,149903108,DEL-ht,7.042253521,3.594771242,5.151515152
13,18203239,21,10567118,TRX-tt,7.150595883,11.11111111,14.54545455
2,28131060,2,28131381,DEL-ht,7.150595883,4.575163399,6.96969697
22,36747132,22,36751852,DEL-ht,7.258938245,8.823529412,10
3,146677378,3,146672618,DUP-th,7.258938245,7.026143791,7.878787879
18,9225122,18,9225456,DEL-ht,7.258938245,3.431372549,5.151515152
2,124294179,2,124295663,INV-hh,7.367280607,12.41830065,8.787878788
8,113922164,8,113922454,DEL-ht,7.367280607,7.516339869,6.060606061
13,103279302,13,103279609,DEL-ht,7.475622969,6.699346405,5.151515152
11,8818116,4,108408748,TRX-th,7.58396533,10.13071895,9.696969697
3,43793603,3,43794500,INV-tt,7.58396533,8.823529412,9.090909091
2,195187096,2,195187361,DEL-ht,7.58396533,3.758169935,6.363636364
15,52524853,15,52523966,DUP-th,7.58396533,7.026143791,6.363636364
16,48871900,16,48872325,INV-tt,7.692307692,7.516339869,6.060606061
7,102084258,7,102084759,INV-tt,7.800650054,13.39869281,15.15151515
1,80328939,1,80329427,INV-tt,7.800650054,13.5620915,13.63636364
9,102564715,9,102570278,INV-tt,7.800650054,10.94771242,11.81818182
7,13623568,7,13623831,DEL-ht,7.800650054,9.150326797,6.363636364
16,22075699,16,22080696,DEL-ht,7.908992416,6.045751634,7.878787879
1,175231433,1,175232801,INV-hh,8.017334778,10.13071895,10.90909091
1,91666235,1,91667096,INV-tt,8.017334778,12.90849673,10.60606061
2,220413502,5,39787649,TRX-tt,8.017334778,7.516339869,8.787878788
1,187497344,1,187497598,INV-tt,8.017334778,10.45751634,7.575757576
5,170170464,5,170171752,INV-tt,8.342361863,9.640522876,9.393939394
1,42277516,1,42277822,DEL-ht,8.450704225,5.392156863,9.090909091
12,59542015,12,59559079,DEL-ht,8.559046587,14.37908497,15.15151515
9,36423667,9,36423974,DEL-ht,8.559046587,6.862745098,6.363636364
7,57981201,7,57981573,DEL-ht,8.559046587,4.901960784,5.454545455
5,152135135,5,152131193,DUP-th,8.775731311,10.13071895,8.787878788
2,119525569,2,119525207,DUP-th,8.775731311,5.22875817,5.757575758
15,76592256,15,76604598,DEL-ht,8.884073673,11.60130719,10.3030303
4,189184282,4,189184992,DEL-ht,8.992416035,9.803921569,11.21212121
12,37924183,12,37924723,INV-tt,9.100758397,24.34640523,24.24242424
4,178006243,4,178005725,DUP-th,9.100758397,7.516339869,7.272727273
16,85155130,16,85156196,INV-hh,9.100758397,6.699346405,6.363636364
9,23075121,9,23075444,DEL-ht,9.209100758,6.209150327,6.363636364
14,66703616,14,66704992,INV-tt,9.209100758,6.209150327,5.757575758
2,207702500,2,207702806,DEL-ht,9.31744312,5.065359477,6.96969697
20,44677206,20,44683574,INV-hh,9.425785482,8.823529412,7.878787879
10,95448268,10,95447029,DUP-th,9.642470206,7.189542484,8.181818182
10,102885500,10,102885830,DEL-ht,9.85915493,11.92810458,10.90909091
15,34638551,15,34638875,DEL-ht,9.967497291,5.065359477,5.151515152
3,151430756,5,39787649,TRX-tt,10.07583965,8.823529412,10.60606061
10,55007431,10,55013437,INV-tt,10.07583965,7.679738562,9.696969697
15,91446387,15,91440231,DUP-th,10.18418202,11.4379085,10
7,24218468,7,24218865,DEL-ht,10.18418202,8.496732026,6.666666667
12,127906521,12,127907286,INV-tt,10.40086674,16.33986928,19.39393939
1,56422039,1,56422348,DEL-ht,10.40086674,5.555555556,5.454545455
13,21155151,13,21155693,DEL-ht,10.61755146,12.41830065,13.63636364
13,21168401,13,21172339,DEL-ht,10.72589382,9.967320261,14.24242424
7,81172383,7,81172710,DEL-ht,10.72589382,12.09150327,11.81818182
2,128927598,2,128928240,INV-tt,10.94257855,14.21568627,15.75757576
8,126236711,8,126237039,DEL-ht,10.94257855,7.516339869,5.151515152
11,120061951,11,120061468,DUP-th,11.26760563,9.803921569,11.21212121
7,14409425,7,14409737,DEL-ht,11.26760563,6.045751634,5.454545455
1,105473192,1,105480776,DEL-ht,11.375948,10.78431373,9.393939394
10,87516040,10,87516812,DEL-ht,11.48429036,15.03267974,17.87878788
7,96438209,7,96438516,DEL-ht,11.48429036,5.718954248,5.454545455
4,173611916,4,173614761,DEL-ht,11.59263272,12.74509804,10.60606061
6,118941155,6,118940826,DUP-th,11.59263272,4.248366013,6.363636364
22,19584096,22,19585579,DEL-ht,11.80931744,9.803921569,9.696969697
4,167193921,4,167194355,INV-tt,11.9176598,8.006535948,10.3030303
19,6987454,19,6987782,DEL-ht,11.9176598,8.496732026,7.878787879
9,7741406,5,39787650,TRX-th,12.35102925,11.76470588,11.51515152
8,46494229,8,46496289,DEL-ht,12.56771398,16.50326797,21.21212121
6,1682567,6,1682869,DEL-ht,12.56771398,6.045751634,6.666666667
3,172455538,3,172455915,INV-tt,12.67605634,12.25490196,13.93939394
7,47669934,7,47669121,DUP-th,12.67605634,8.660130719,9.696969697
10,102768370,10,102768691,DEL-ht,12.67605634,5.065359477,7.272727273
7,105520479,7,105521175,INV-tt,13.65113759,23.03921569,24.84848485
5,91278885,5,91279170,DEL-ht,13.75947996,14.21568627,12.72727273
X,86282776,X,86283079,DEL-ht,13.86782232,16.17647059,17.87878788
3,95746924,3,95751920,DEL-ht,13.97616468,12.58169935,13.33333333
7,74135436,7,74136637,DEL-ht,14.30119177,13.7254902,13.63636364
12,77990109,12,77994064,INV-tt,14.51787649,15.68627451,13.93939394
1,197787659,1,197788855,INV-tt,14.84290358,16.83006536,20.60606061
7,65797815,7,65797481,DUP-th,14.95124594,6.699346405,8.484848485
2,183704465,2,183706301,INV-tt,15.49295775,17.64705882,17.27272727
20,32723074,20,32724972,DEL-ht,15.81798483,13.39869281,12.12121212
7,31547158,7,31552382,INV-tt,15.92632719,22.22222222,27.87878788
6,130527041,6,130531150,INV-tt,16.25135428,10.78431373,10
13,42373518,13,42373133,DUP-th,16.79306609,17.15686275,18.48484848
11,13544375,11,13544744,DEL-ht,17.11809317,9.477124183,11.21212121
X,131873693,X,131874603,INV-tt,17.3347779,14.37908497,11.51515152
4,40233407,4,40235439,INV-tt,17.3347779,13.07189542,10.3030303
16,69727926,16,69728993,INV-tt,17.65980498,18.62745098,22.42424242
2,219187606,2,219188192,DEL-ht,17.76814735,24.83660131,21.81818182
16,36315707,16,36322174,DEL-ht,18.52654388,5.22875817,7.272727273
1,187495696,1,187497595,INV-hh,18.63488624,10.13071895,13.63636364
X,79667729,X,79670580,INV-tt,18.95991333,33.49673203,40
14,32484098,14,32485140,DEL-ht,19.28494041,16.33986928,19.39393939
3,80015320,3,80015952,INV-tt,19.39328277,26.79738562,30.3030303
3,70894164,3,70894499,DEL-ht,19.71830986,14.86928105,13.03030303
6,54063911,6,54059860,DUP-th,20.69339112,24.50980392,26.36363636
4,177235683,4,177236003,DEL-ht,21.56013001,7.516339869,7.878787879
1,239952716,1,239953383,INV-tt,21.77681473,20.26143791,20.60606061
4,144395295,4,144398754,DEL-ht,21.8851571,25.81699346,26.06060606
3,162827575,3,162829871,INV-tt,22.10184182,34.31372549,38.18181818
7,151312949,7,151315020,INV-tt,22.75189599,22.38562092,22.42424242
19,43679927,19,43679334,DUP-th,23.40195016,26.79738562,25.15151515
10,125501849,10,125512533,INV-tt,23.72697725,35.62091503,42.72727273
2,116216764,2,116224311,INV-tt,23.72697725,22.7124183,18.78787879
9,109524282,9,109523566,DUP-th,24.05200433,27.45098039,28.78787879
13,45431243,13,45431587,DEL-ht,24.05200433,19.93464052,19.6969697
5,28932749,5,28934786,INV-tt,25.5687974,36.92810458,43.33333333
4,189381251,4,189381571,DEL-ht,26.54387866,30.22875817,32.42424242
7,56150057,7,56152556,DEL-ht,27.73564464,17.81045752,19.39393939
2,124294183,2,124295338,INV-tt,29.36078007,38.7254902,38.78787879
20,44680251,20,44683268,INV-tt,29.36078007,29.08496732,25.75757576
2,224428264,2,224429235,INV-tt,29.57746479,28.10457516,25.75757576
22,12698698,22,12699025,DEL-ht,29.79414951,37.09150327,36.96969697
12,71139014,12,71139975,INV-tt,30.76923077,30.71895425,31.51515152
15,17093747,15,17090500,DUP-th,31.5276273,23.20261438,19.09090909
5,10005166,5,10005471,DEL-ht,31.63596966,37.58169935,37.57575758
21,26648364,21,26649407,INV-tt,38.02816901,39.54248366,41.81818182
5,148174677,5,148175216,INV-tt,41.17009751,38.88888889,42.72727273
12,12391927,12,12393688,INV-tt,41.49512459,51.14379085,51.81818182
1,207119002,1,207119851,INV-tt,45.39544962,52.77777778,49.09090909
19,46452850,19,46453172,DEL-ht,45.82881907,39.86928105,34.54545455
7,40839777,7,40840871,INV-tt,47.67063922,41.50326797,46.36363636
2,125685674,2,125694255,DEL-ht,48.75406284,50.81699346,51.21212121
7,70961199,7,70973894,INV-tt,52.11267606,57.67973856,57.57575758
2,95544969,2,95545592,INV-tt,53.62946912,56.20915033,56.06060606
16,85155108,16,85156196,INV-tt,59.91332611,65.03267974,66.66666667
4,87926012,4,87937548,INV-tt,60.2383532,58.66013072,56.96969697
5,58384174,5,58390275,DEL-ht,82.01516793,83.49673203,82.42424242
21,26001844,21,26002386,INV-tt,85.26543879,85.45751634,86.36363636
