Start_chr,Start_pos,End_chr,End_pos,svtype,proband_cnt,control_cnt,P_value,Gene
5,46486069,5,46541284,DEL-ht,133,0,1.39E-91,
5,46541462,5,46496661,DUP-th,132,0,8.01E-91,
1,69561642,1,69562000,DEL-ht,110,0,2.00E-74,
6,51874769,6,51880809,DEL-ht,99,0,1.86E-66,
15,17394590,15,17093403,DUP-th,79,0,2.42E-52,
6,32708797,6,32709253,DEL-ht,107,35,2.02E-44,
22,24002548,22,24002849,DEL-ht,78,10,2.48E-42,
17,36195938,17,36182409,DUP-th,70,8,1.28E-38,
17,46289348,17,45578420,DUP-th,61,2,5.30E-38,
12,80454441,12,80461952,INV-tt,89,30,7.03E-36,PTPRQ
20,23122666,20,23122996,DEL-ht,194,198,8.92E-36,
21,10781767,21,10782948,DEL-ht,32,0,6.57E-21,
3,82887507,3,82887807,DEL-ht,101,99,5.50E-17,
6,32537433,3,57474691,TRX-th,24,0,9.07E-16,
2,88021451,2,88021697,DEL-ht,22,0,1.72E-14,
2,178432256,2,178436145,DEL-ht,31,7,1.80E-14,
2,122612418,2,122612766,DEL-ht,86,84,2.38E-14,
6,32544885,6,32545238,DEL-ht,23,1,3.71E-14,
X,79667729,X,79670580,INV-tt,135,182,5.22E-14,N/A
10,125501849,10,125512533,INV-tt,204,354,2.95E-13,N/A
12,37924183,12,37924723,INV-tt,80,84,5.04E-12,N/A
5,28932544,5,28934952,INV-hh,72,70,5.20E-12,N/A
5,28932749,5,28934786,INV-tt,151,247,3.11E-10,N/A
12,13011918,12,13011436,DUP-th,145,237,9.63E-10,
8,46494229,8,46496289,DEL-ht,149,247,1.07E-09,
4,129705219,4,129705494,DEL-ht,87,111,1.54E-09,
10,42206106,10,42221343,DEL-ht,20,5,3.14E-09,
8,4137359,8,4137824,DEL-ht,46,41,1.20E-08,
10,125512653,10,125502228,DUP-th,144,246,1.60E-08,
3,162827575,3,162829871,INV-tt,126,205,2.47E-08,N/A
7,65797815,7,65797481,DUP-th,41,253,5.39E-08,
3,95752156,3,95749273,DUP-th,79,106,7.30E-08,
X,29251032,X,29252080,INV-tt,51,54,1.23E-07,IL1RAPL1
2,77864794,4,173123064,TRX-tt,27,17,2.04E-07,
15,76592256,15,76604598,DEL-ht,113,187,4.82E-07,
1,225574619,1,225574932,DEL-ht,36,32,6.35E-07,
15,34449542,15,34449833,DEL-ht,109,180,8.17E-07,
1,88507127,17,33736831,TRX-tt,24,15,1.03E-06,
16,36315707,16,36322174,DEL-ht,26,181,1.31E-06,
2,131129003,2,131129733,INV-tt,32,27,1.35E-06,PLEKHB2
12,40480965,12,40482623,DEL-ht,59,76,2.07E-06,
8,117862980,8,117863355,INV-tt,48,56,2.94E-06,EXT1
7,31547158,7,31552382,INV-tt,92,147,3.14E-06,ITPRID1
6,118941155,6,118940826,DUP-th,34,205,3.42E-06,
7,105520479,7,105521175,INV-tt,82,126,4.11E-06,PUS7
3,80015320,3,80015952,INV-tt,106,186,1.44E-05,N/A
15,17093747,15,17090500,DUP-th,63,291,2.28E-05,
15,33908246,15,33908514,DEL-ht,119,222,3.55E-05,
14,46648665,14,62759566,INV-tt,35,39,4.42E-05,
11,62277793,11,125589068,INV-tt,21,16,4.60E-05,
4,178006243,4,178005725,DUP-th,85,144,5.96E-05,
3,80013716,3,80016128,INV-hh,47,63,7.10E-05,
13,18203239,21,10567118,TRX-tt,48,66,9.71E-05,
22,12698698,22,12699025,DEL-ht,138,277,0.000121377,
7,102084258,7,102084759,INV-tt,50,72,0.000171404,
12,98276151,12,98278313,DEL-ht,54,81,0.000205458,
3,95746924,3,95751920,DEL-ht,89,161,0.000276487,
12,127906521,12,127907286,INV-tt,64,104,0.000289741,
5,173608287,5,173609238,DEL-ht,25,26,0.000327384,
22,49029656,2,85486995,TRX-th,37,49,0.000442174,
21,21412391,21,21411143,DUP-th,49,74,0.000516933,
2,149902795,2,149903108,DEL-ht,72,125,0.000547415,
3,46004380,3,46004638,DEL-ht,98,375,0.000561193,
10,87516040,10,87516812,DEL-ht,71,123,0.000579819,
12,59542015,12,59559079,DEL-ht,59,97,0.000716685,
4,91014948,4,91012491,DUP-th,30,37,0.000725884,
5,152131457,5,152135133,DEL-ht,73,130,0.000920809,
5,152135135,5,152131193,DUP-th,73,130,0.000920809,
12,12391927,12,12393688,INV-tt,172,383,0.001072734,BORCS5
11,9083003,11,83317875,INV-hh,24,27,0.001083023,
9,121465541,9,121464631,DUP-th,63,109,0.001346811,
7,37958914,7,37959221,DEL-ht,107,391,0.001931353,
1,80328939,1,80329427,INV-tt,47,76,0.002360316,
1,187495696,1,187497595,INV-hh,222,531,0.002393388,N/A
3,70894164,3,70894499,DEL-ht,45,196,0.003449595,
2,124294183,2,124295338,INV-tt,129,278,0.003517576,
7,156594389,7,156601626,INV-tt,34,50,0.003525275,
7,3186664,20,13723499,TRX-tt,20,23,0.003972848,
4,40233407,4,40235439,INV-tt,35,161,0.004423903,
3,36797655,3,190438908,INV-tt,22,27,0.004457634,
2,119525569,2,119525207,DUP-th,33,153,0.005210701,
6,107944917,6,107945212,DEL-ht,198,633,0.005729282,
7,56150057,7,56152556,DEL-ht,66,258,0.005807458,
1,187497344,1,187497598,INV-tt,217,525,0.005934805,N/A
6,130527041,6,130531150,INV-tt,33,150,0.007606125,
11,13544375,11,13544744,DEL-ht,43,182,0.008459631,
10,102768370,10,102768691,DEL-ht,24,118,0.009060957,
9,23075121,9,23075444,DEL-ht,83,304,0.010541307,
9,109524282,9,109523566,DUP-th,134,302,0.011931069,
15,34638551,15,34638875,DEL-ht,55,216,0.013407973,
1,197787659,1,197788855,INV-tt,69,137,0.013691729,
3,110032910,6,77939704,TRX-tt,29,46,0.01802645,
10,57497899,10,57498224,INV-tt,233,584,0.019631647,N/A
17,29488401,17,29485513,DUP-th,31,51,0.020932851,
7,96438209,7,96438516,DEL-ht,99,344,0.021233815,
15,68420999,15,68421220,DEL-ht,53,102,0.022909755,
X,131873693,X,131874603,INV-tt,39,160,0.023484775,
8,113922164,8,113922454,DEL-ht,80,286,0.024985619,
2,128927598,2,128928240,INV-tt,52,101,0.028166218,
8,126236711,8,126237039,DEL-ht,80,284,0.029944019,
1,153161232,1,153161488,DEL-ht,95,209,0.030773971,
2,219187606,2,219188192,DEL-ht,86,186,0.031011108,
1,56422039,1,56422348,DEL-ht,80,283,0.032731711,
6,1682567,6,1682869,DEL-ht,94,324,0.033970624,
1,66986546,1,66986952,INV-tt,33,58,0.034945993,
16,85155108,16,85156196,INV-tt,220,553,0.035733336,N/A
9,102564715,9,102570278,INV-tt,39,72,0.036476269,
16,56583116,16,56583448,DEL-ht,100,224,0.037940838,
6,54063911,6,54059860,DUP-th,87,191,0.040313828,
10,125825185,10,125824767,DUP-th,73,156,0.04309032,
19,6987454,19,6987782,DEL-ht,26,112,0.043699586,
7,13623568,7,13623831,DEL-ht,141,455,0.046983765,
13,55367047,13,55367334,DEL-ht,127,298,0.048417477,
1,175231433,1,175232801,INV-hh,42,81,0.049660749,
1,193266300,1,193266528,DEL-ht,99,225,0.053729633,
13,45431243,13,45431587,DEL-ht,75,262,0.055202427,
7,24218468,7,24218865,DEL-ht,24,103,0.057228503,
17,69961943,17,69961544,DUP-th,59,213,0.059010757,
4,144395295,4,144398754,DEL-ht,94,213,0.05931414,
16,69727926,16,69728993,INV-tt,76,167,0.062070562,
1,168217251,3,53141869,TRX-ht,32,59,0.06262529,
7,74135436,7,74136637,DEL-ht,129,309,0.077042953,
12,1754849,12,1755161,DEL-ht,72,159,0.077815501,
9,110262296,9,110274814,DEL-ht,30,56,0.082247697,
3,122419604,3,122419922,DEL-ht,73,250,0.089847153,
14,66703616,14,66704992,INV-tt,21,89,0.090425532,
2,61473618,2,61476323,INV-hh,28,52,0.091596669,
12,46896695,12,46915969,INV-tt,27,50,0.096646385,
2,116216764,2,116224311,INV-tt,63,219,0.098123769,
4,98895949,4,98892637,DUP-th,19,32,0.099952306,
7,70961199,7,70973894,INV-tt,190,481,0.100270514,N/A
2,220481216,2,220481540,DEL-ht,82,273,0.117564788,
5,10005166,5,10005471,DEL-ht,132,323,0.119679555,
13,21155151,13,21155693,DEL-ht,58,128,0.124581348,
19,12584070,19,12588117,DEL-ht,39,143,0.124775091,
2,183704465,2,183706301,INV-tt,73,167,0.129912914,
9,36423667,9,36423974,DEL-ht,73,245,0.130831811,
21,26001844,21,26002386,INV-tt,302,815,0.131318239,APP
20,43852637,20,43855143,DEL-ht,24,45,0.134142835,
4,177235683,4,177236003,DEL-ht,182,463,0.135643408,
2,207702500,2,207702806,DEL-ht,144,448,0.142552888,
11,5085738,11,5085982,DEL-ht,150,376,0.154024323,
18,9225122,18,9225456,DEL-ht,17,71,0.154232298,
16,85155130,16,85156196,INV-hh,21,84,0.154328154,
1,207119002,1,207119851,INV-tt,174,445,0.179004081,C4BPA
16,85975618,16,85975036,DUP-th,53,119,0.179580947,
5,31190135,5,31191075,INV-tt,29,59,0.181483572,
11,48907396,11,48907704,DEL-ht,31,64,0.184239749,
X,70909425,X,70920177,INV-tt,18,33,0.186668925,
1,91666235,1,91667096,INV-tt,35,74,0.187378779,
2,28131060,2,28131381,DEL-ht,29,107,0.192666469,
13,21168401,13,21172339,DEL-ht,48,107,0.193290119,
2,102295990,5,39787650,TRX-ht,23,45,0.19368576,
15,52524853,15,52523966,DUP-th,55,125,0.194559156,
1,42277516,1,42277822,DEL-ht,43,95,0.207287058,
11,55676540,11,55690280,INV-tt,28,58,0.21853494,
7,17055077,X,11935079,TRX-tt,22,44,0.237086345,
14,54243631,14,54246968,DEL-ht,19,37,0.244241871,
2,72213038,2,72214235,INV-tt,26,54,0.245096433,
14,101524539,14,101524866,DEL-ht,58,136,0.255988473,
16,48247464,16,48247012,DUP-th,25,52,0.259657689,
4,189184282,4,189184992,DEL-ht,49,113,0.264718352,
21,26648364,21,26649407,INV-tt,138,352,0.266748095,
11,8818116,4,108408748,TRX-th,32,70,0.276827559,
7,57981201,7,57981573,DEL-ht,23,84,0.282755929,
10,102885500,10,102885830,DEL-ht,42,96,0.290884096,
2,201281645,19,46833483,TRX-tt,18,36,0.300503675,
22,19584096,22,19585579,DEL-ht,38,129,0.300858847,
5,170170464,5,170171752,INV-tt,35,79,0.318146075,
4,87926012,4,87937548,INV-tt,188,556,0.330867431,N/A
20,32723074,20,32724972,DEL-ht,141,365,0.344225595,
2,11380447,2,11380717,DEL-ht,80,199,0.353339897,
10,10451456,10,10451770,DEL-ht,54,174,0.356378009,
5,91278885,5,91279170,DEL-ht,54,173,0.378854022,
19,605301,19,608432,DEL-ht,33,76,0.388025167,
3,172455538,3,172455915,INV-tt,49,118,0.393931222,
15,91446387,15,91440231,DUP-th,41,98,0.42671059,
3,43793603,3,43794500,INV-tt,30,70,0.454064971,
19,24343432,19,24344460,DEL-ht,23,52,0.457585695,
3,187092,3,192722,DEL-ht,22,50,0.484342615,
2,95544969,2,95545592,INV-tt,185,495,0.486117336,N/A
4,167193921,4,167194355,INV-tt,34,110,0.490962437,
19,46452850,19,46453172,DEL-ht,166,486,0.503093097,
20,44680251,20,44683268,INV-tt,90,271,0.516959378,
4,91010406,4,91014686,DEL-ht,22,51,0.533476898,
7,47669934,7,47669121,DUP-th,79,204,0.542876227,
2,124294179,2,124295663,INV-hh,31,75,0.551622067,
X,86282776,X,86283079,DEL-ht,89,232,0.56078354,
13,42373518,13,42373133,DUP-th,223,606,0.572084805,
2,125685674,2,125694255,DEL-ht,176,475,0.603345515,
9,7741406,5,39787650,TRX-th,38,118,0.615483427,
9,110275007,9,110267690,DUP-th,20,48,0.65240564,
5,148174677,5,148175216,INV-tt,141,380,0.668989871,
4,26526697,4,26526935,DEL-ht,106,283,0.672451894,
15,98055486,15,98055803,DEL-ht,62,162,0.674911066,
1,239952716,1,239953383,INV-tt,68,201,0.714027576,
2,195187096,2,195187361,DEL-ht,174,499,0.723863349,
7,40839777,7,40840871,INV-tt,153,440,0.730913142,
1,105473192,1,105480776,DEL-ht,64,170,0.75802436,
10,95448268,10,95447029,DUP-th,56,165,0.774264372,
8,114985576,8,114986138,DEL-ht,22,56,0.799397028,
4,173611916,4,173614761,DEL-ht,36,107,0.814740305,
1,197924888,1,197925185,DEL-ht,103,280,0.82046645,
2,220413502,5,39787649,TRX-tt,33,87,0.845194618,
12,71139014,12,71139975,INV-tt,104,284,0.855444435,
4,189381251,4,189381571,DEL-ht,146,402,0.879311216,
7,140489423,7,140481787,DUP-th,22,58,0.91006423,
5,114922388,5,114925736,INV-tt,23,61,0.922956478,
7,14409425,7,14409737,DEL-ht,140,387,0.927006604,
10,55007431,10,55013437,INV-tt,32,93,0.928206788,
7,151312949,7,151315020,INV-tt,74,211,0.93173557,
6,64313296,6,64312984,DUP-th,30,87,0.944808317,
22,36747132,22,36751852,DEL-ht,124,343,0.946361564,
7,81172383,7,81172710,DEL-ht,44,120,0.953344958,
19,43679927,19,43679334,DUP-th,89,252,0.964544007,
11,83432330,11,83432618,DEL-ht,22,59,0.965214533,
14,32484098,14,32485140,DEL-ht,65,179,0.969221046,
9,34681981,9,34681484,DUP-th,162,456,0.973251058,
12,77990109,12,77994064,INV-tt,47,134,0.975316273,
11,9504249,11,9505253,DEL-ht,23,62,0.976859067,
16,48871900,16,48872325,INV-tt,31,89,0.98188971,
4,100323694,4,100323954,DEL-ht,111,308,0.983855785,
13,103279302,13,103279609,DEL-ht,77,213,0.985039412,
2,224428264,2,224429235,INV-tt,113,318,0.998753331,
3,146677378,3,146672618,DUP-th,37,104,1,
16,22075699,16,22080696,DEL-ht,29,81,1,
3,151430756,5,39787649,TRX-tt,38,105,1,
11,120061951,11,120061468,DUP-th,41,115,1,
20,44677206,20,44683574,INV-hh,32,90,1,
5,58384174,5,58390275,DEL-ht,283,793,1,
15,17447313,15,17093403,DUP-th,0,0,N/A,
