,barcode,group
2,GTCCTCAGTCCTTGGG-1,810
3,CACACTCGTAGTTGGG-1,810
4,ACCGTAAGTTGTCGCG-1,810
5,CCAATCCTCGTTGGAT-1,810
6,TCAGGTACACCAAAGG-1,810
7,CGATCGGAGGAGTTTA-1,810
8,TTCGGTCGTTACGCGC-1,810
9,TTTACTGCACAGAGCA-1,810
10,TGCCAAAAGTACGTAA-1,810
11,CGTGAGCCATGAGGCA-1,810
12,TCAGCTCGTAGTGACG-1,810
13,CTCGTACGTATCAGTC-1,810
16,TCGAGGCTCCTTATTG-1,810
18,GGACGTCAGTCGAGTG-1,810
19,GAAGCAGAGCGTCAAG-1,810
20,CCTTCGACAACAACTC-1,810
21,CATCGAATCGTGTGGC-1,810
22,GGGCACTCATACGTCA-1,810
23,CAGCTAATCATGCGCG-1,810
24,CTCGTACAGATAGCAT-1,810
28,TGCACCTAGCCAGAAC-1,810
29,ACGGGCTTCCAAACCA-1,810
30,CGAACATCAACTGGAG-1,810
31,TGCGTGGTCGTGCTAA-1,810
32,CAACTAGCAAACTCAC-1,810
33,ACTGATGAGCGCGATA-1,810
34,GTAACTGCAAGTCGGA-1,810
35,TGACGGCCACGTCGGT-1,358
36,GACGTGCGTGACGGTA-1,789
37,GTACTCCGTAACGCGA-1,789
39,TAAGCGTTCTAGACAC-1,789
41,CCCATACTCGTTACCC-1,789
43,CGCTGGAGTAGAACAT-1,789
44,CGTGTCTAGAGGTAGA-1,789
45,CGACTTCGTACAAGAT-1,789
46,GAATGAACAAATACGA-1,789
47,GTTCTCGTCATCGCCT-1,314
48,AACTCCCGTCATCTAG-1,5
49,TACCTTAGTGACACGA-1,325
50,TGCCCATCATAACAAG-1,367
51,ACATACGAGAAACCAT-1,712
52,CGAGAAGGTGCGTCAC-1,712
53,AATCGGTCATGCAGTT-1,712
54,CGAGCCATCGATAGGG-1,712
55,TGAGGGACAAGAGAGA-1,361
56,CCGTACTAGCTAGCCC-1,708
57,CAGCAGCTCCTCTGCA-1,708
58,CGAACATGTCTCCACT-1,708
59,GCAGCCAAGTCTCCTC-1,708
60,TTTGGTTGTCGCGCTA-1,708
61,GTAGGCCGTTGGCGTC-1,288
62,CACCTTGCATCTCGAA-1,693
63,TAAACCGCAAGCCAAG-1,693
64,TCAGCTCAGCTCAACT-1,693
65,GAAGCAGTCATGTGAC-1,693
66,CCGGGATCACAGCTGC-1,693
67,CTTGGCTAGATATGGT-1,693
68,TCTCTAAGTAGATGTA-1,693
69,GCTTCCATCTTATGGG-1,693
70,CATCGGGCAACCTGCG-1,693
71,TTCTCCTTCGCTAGTA-1,693
72,ATTATCCGTTCCCTAC-1,693
73,ACTGATGGTGGATAAT-1,693
74,CTTAACTTCGATAAGA-1,693
75,ACGGCCAGTGCGGTAA-1,693
76,TTCTCCTTCTACGGAT-1,693
77,CAAGGCCGTTCGTCAA-1,693
78,TTGAACGCATCCCAAA-1,693
79,ATAAGAGCATCATGGT-1,693
80,CAAGTTGAGCGAACTG-1,693
81,CAGCTGGAGTCCCGAC-1,693
82,GTGCATAAGAAGGTTT-1,693
83,GGGAATGTCCTCTGCA-1,693
84,ATAAGAGAGTGGAGAA-1,693
85,CGTGAGCCACATTCAG-1,693
86,GCTGGGTTCGTGTGGC-1,693
87,AAATGCCAGGCATGGT-1,693
88,ACATACGAGGGATGGG-1,693
89,TGCTACCTCCTGACAA-1,693
90,GCGCAACCATTGCCGG-1,693
91,ATCGAGTAGTCCCACG-1,693
92,TGCTACCTCTGGCCTT-1,693
93,GTGCTTCAGCGCGATA-1,693
94,AGCTCCTGTCCATGAT-1,693
95,CCAATCCCATCAAGAA-1,693
96,CATCCACGTGTTACGT-1,693
97,AGACGTTAGCAATCTC-1,693
98,GAATGAAAGTTTCCTT-1,693
99,CGGACACAGAAACGCC-1,693
100,ACGGGCTGTTAAGCCT-1,693
101,ACTTACTAGTAGATGT-1,693
102,CTCGGGATCCGCACGA-1,693
103,CCTACCATCTGCCGTT-1,693
104,TGCGGGTTCGATAGTC-1,693
105,AGCGGTCTCTGCACTC-1,693
106,GGCTGGTTCTCCGGAG-1,693
107,CTTTGCGTCTCGGAAT-1,693
108,ACGAGGACAAGTAAGT-1,693
109,TCACGAACAAGGTGAC-1,693
110,GCGAGAAGTTAGAATG-1,693
111,AACCGCGGTTGCACTA-1,693
112,GGACATTTCCTTCGCA-1,693
113,AGGCCGTAGTGACTCT-1,693
114,GTACTCCAGCTATCAC-1,693
115,AGCATACCAGATTGTC-1,693
116,GGTGCGTTCCCGCATT-1,693
117,CTACATTAGCTCTCGG-1,693
118,GTCCTCACATAGCACT-1,693
119,GAATGAATCCACTTAT-1,689
120,AGATCTGTCGATGGTT-1,689
121,CATCGAAGTCCGCAGT-1,689
122,GTGCGGTTCACGTAGT-1,689
123,TCGTAGATCCCATGTC-1,689
124,GCATACAAGGAGTACC-1,689
125,AGTGAGGGTCCGCAGT-1,689
126,CATTCGCGTATGTACC-1,689
127,ACTGAACAGGAATGGA-1,689
128,CGATGGCAGGAGTAGA-1,689
129,GCAGTTATCGGAATGG-1,689
130,GGGCACTTCGATGGTT-1,689
131,AACCATGAGACTAGAT-1,689
132,ACGGCCAAGGCACATG-1,689
133,GGGATGATCTGGCCTT-1,689
134,CGATGGCAGGAGTTTA-1,689
135,AGGGTGACATGTATGC-1,689
136,GACGGCTAGCATGGCA-1,689
137,ATTGGTGCACCACATA-1,689
138,GTGCAGCAGACAGTTA-1,689
139,CTCTACGTCGGAGAGT-1,689
140,CGTGAGCGTGATTGTC-1,689
141,CTGATAGAGTGCGTGA-1,689
142,ACGGGCTTCTTCACAT-1,689
143,GATCTAGCAAAGGGTC-1,689
144,CACCACTAGAGCCCAA-1,689
145,ATCATGGTCCTCCTGA-1,689
146,TTCTACAGTCTTCACC-1,689
147,AGAGCTTGTAGGATAT-1,689
148,CACACTCTCAAGTGCT-1,689
149,CCTACCAGTCCGCAGT-1,689
150,GTATCTTCAGATACCT-1,689
151,CGAGCACGTAGACCAG-1,689
152,CGTGAGCTCAGTGTGT-1,689
153,ATAACGCAGAGTTGGC-1,689
154,GATTCAGCAATCCATG-1,689
155,CGGACGTAGAAGCCCA-1,689
156,TAAGTGCAGCCCAACC-1,689
157,TCAGATGAGTGGGTTG-1,689
158,GCTGCTTTCATGTCAG-1,689
159,ATTCTACAGCCGAACA-1,689
160,CCTTTCTCATGCCATA-1,689
161,GCTGCTTGTCACCTGG-1,689
162,GGAATAAGTTCGGTGC-1,689
163,TAAGAGAGTAACGACG-1,689
164,CAGTCCTGTAGTCTGT-1,716
165,AAGACCTTCCAGGCGT-1,716
166,TTGGAACGTTGAACTC-1,716
167,GCGCGATTCAGCGTCG-1,716
168,GTCACGGAGCGATGAC-1,716
169,GTATCTTTCGAACCCG-1,717
170,ATCTGCCCATTCGTTT-1,717
171,GATGAAATCGTTGGAT-1,717
172,TGGGCGTAGAGGACGG-1,709
173,CGCGTTTGTACGTTTG-1,709
175,ACTGCTCGTGTTTCAG-1,691
176,ATGTGTGTCTTCTTGA-1,691
177,CCCTCCTGTCTCTATT-1,691
178,GTGAAGGGTGTAAAGT-1,691
179,ATCATCTCATTGAAGA-1,710
180,CGGACACAGCTAGTTC-1,710
181,TCGCGAGCATACTTGG-1,710
182,CTCGGAGGTAGATAGT-1,710
183,ACTGATGAGCAGCCCT-1,710
184,GCAATCACATCCTGGG-1,710
185,ATAAGAGTCAGTGCCG-1,710
186,GGGTTGCCAGAACCAG-1,710
187,TTGTAGGAGGTCGGAT-1,710
188,CCACCTATCGAACAAA-1,710
189,TTCGAAGTCTCGAACA-1,710
190,TCTCATAAGATCTGCT-1,710
191,TCAGATGAGGGCCATA-1,710
192,CACCTTGAGGACTGGT-1,710
193,ATGGGAGGTCCATTGA-1,710
194,TGGCCAGAGGGTCTCC-1,710
195,TTGTAGGAGCCTGATT-1,710
196,CTTACCGTCAGCAGCC-1,710
197,ATCCACCCATACAGAA-1,710
198,AGCCTAAAGCTGCACC-1,710
199,TCGGTAATCCTGATTT-1,710
200,CGGAGTCCAGGGATCA-1,710
201,CTGTTTAGTCCGGGTT-1,710
202,TGTGTTTTCTTGTCCG-1,710
203,CACCAGGAGAGATGAG-1,710
204,CCTACCACAGTCCGCA-1,710
205,TATCAGGGTGATTGGG-1,710
206,ACGATGTGTCACATGT-1,710
207,CAACTAGAGACCTTTG-1,710
208,ACTATCTCACGCACCA-1,710
209,GATTCAGGTATAAGTG-1,710
210,GCAGTTACACGAGCTC-1,710
211,TAAGAGAGTTACGCGC-1,710
212,TCGAGGCTCAGCATAC-1,710
213,TACGGTAAGGGATGGG-1,710
214,CCTACACAGTGGTAAT-1,710
215,GATGAAAAGTCTAGCT-1,710
216,GTCTCGTCACACCTAA-1,710
217,AAGCCGCTCGGAGAAC-1,710
218,CGTTGGGCAGGACCAA-1,710
219,TTGGAACGTATTCGCA-1,710
220,CTACGTCTCGGAGAAC-1,710
221,CTTACCGGTGTGAAAT-1,710
222,ATAGACCTCACTCATT-1,710
223,GAGGTGAAGGCTGCTC-1,710
224,TACACGAAGCCACCTG-1,710
225,CAAGAAATCCTACTCG-1,710
226,ACTGTCCTCCAAACCA-1,710
227,CGATTGAGTCCCTGGA-1,710
228,TGTGTTTGTGGCGTCT-1,710
229,AGGGTGAAGCAGTACG-1,710
230,TGAGAGGCAGTGTAGG-1,710
231,ACACCGGAGGTGCAAC-1,710
232,ACTGTCCTCGTTAGGT-1,710
233,CCTCTGAAGAGAACAG-1,710
234,GTTCGGGAGTAACCCT-1,710
235,GATCGCGAGACGCTTT-1,710
236,TTCTACACATGTTTCT-1,710
237,TTGGCAAGTACCGTGC-1,710
238,AGGTCATAGTACTTGC-1,710
239,CGAACATGTCATGGCC-1,710
240,CATCAGACAGGTACGA-1,710
241,ACTGAACAGAATGTTG-1,710
242,CCAATCCCATATCGCA-1,710
243,GAAACTCAGGCCCGTT-1,710
244,GACCAATTCCTACCTG-1,710
245,TCGGGACTCTGTCGAA-1,710
246,TTAGTTCGTAAACAGT-1,710
247,AAGGAGCTCCACTTAT-1,710
248,GACTGCGGTCTTCGCT-1,710
249,GATCAGTGTGACATGG-1,710
250,GTCACAAAGGTGATTA-1,710
251,CACACCTTCCGTCTAC-1,710
252,TTAGGCAAGTGGGTAC-1,710
253,AAGTCTGAGGTGTGCA-1,710
254,AGTGGGAGTCAACTGT-1,710
255,TAGTGGTGTCAGCCGT-1,710
256,CACAGTAGTCAACATC-1,727
257,TCGAGGCGTCGGGAAT-1,727
258,GACTGCGAGACAGGCT-1,727
259,TTTGCGCCAGAGACGT-1,727
260,CCATTCGGTTGTTCAG-1,727
261,TTGTAGGCAGAACCAG-1,727
262,CGTGAGCCAGCACACC-1,727
263,GACCTGGTCGTGCTAA-1,727
264,GGGCATCTCGGAGTTT-1,727
265,CTACCCATCATCAGCA-1,727
266,TTCGAAGCAAGTAAGT-1,727
267,CCCAATCGTTCGATAC-1,727
268,TGCCAAACATTCCGAA-1,727
269,ATTACTCTCGTATCCC-1,727
270,GGGCACTTCATCGACA-1,727
271,GTACTTTGTCCCGACA-1,727
272,ATGAGGGTCCTGAAGT-1,727
273,GGTGTTAAGGGTTCGA-1,727
274,GCTGCGAGTACAACGG-1,735
275,ATCGAGTGTATATGAG-1,735
276,ACACTGACAATCTCTT-1,735
277,AACCATGGTTGACCCG-1,735
278,AATCGGTCACTTGCTC-1,735
279,CGTTGGGAGATCCGAG-1,735
280,GAGCAGAAGGCGATAC-1,735
281,ACACCGGGTTGCCACG-1,735
282,AGAGTGGGTCCGGGTT-1,735
283,CCAATCCTCTATTGCT-1,735
284,TGCTGCTAGAACAATC-1,735
285,CACACAAGTTTGGGCC-1,735
286,CGAGCACGTTAACCTG-1,735
287,AGCATACAGAACAATC-1,735
288,CAGCTAAAGTGTACCT-1,735
289,GGTATTGAGCTATGCT-1,278
290,ATCATCTTCTACAGTG-1,75
291,CCATTCGAGTGAAGAG-1,762
292,GCTGCAGTCGGCTCAG-1,762
293,AGGTCATTCTTATGGG-1,784
294,ATGTGTGCAGAGACGT-1,784
295,GTTAAGCAGACTGGCA-1,784
296,GCAAACTCAACGCCGT-1,571
297,GAGGTGAGTCATGTTG-1,571
298,TGCGCAGCATCTCACC-1,571
299,AGACGTTGTACGTTCA-1,571
300,TCGAGGCAGGGAACGG-1,571
301,GTCAAGTAGTATGACA-1,571
302,GCATACATCTGGCAGC-1,571
303,GAGGTGAAGTAGATCA-1,571
304,TGCTGCTTCACTATGG-1,571
305,TCAACGATCGATAAGA-1,571
306,TACGGGCCAGGTCTGC-1,571
307,GAACCTAGTTTGGCGC-1,571
308,GCAGCCAAGGAGTTGC-1,571
309,TCTTCGGAGTGCCATT-1,571
310,ACTGAGTTCGACTTCC-1,571
311,TAGTGGTTCTAACACG-1,571
312,AAAGCAACAAACGGGT-1,571
313,AGTGGGACAAGGTATA-1,571
314,CAGTCCTTCGTAGCGC-1,571
315,GCACTCTTCCGTACCT-1,571
316,CCGGTAGTCAGGACAG-1,571
317,GACAGAGGTCATACTG-1,571
318,GTTCTCGAGGTATCGG-1,571
319,AGCTCCTCAACCGGAA-1,571
320,GCATACATCCGAGTCG-1,571
321,CAGGTGCAGCATGAGC-1,571
322,TCTGAGACAAGGTATA-1,571
323,TCAGCTCGTACTCGTA-1,571
324,TGGGAAGAGAGATGAG-1,571
325,CCCAGTTCAAAGCGCA-1,571
326,AGCGTATCATCCATCC-1,571
327,GTTCATTAGCAATCTC-1,571
328,AGTGGGAAGCGTGAAC-1,571
329,GTAACTGTCACCAGCG-1,571
330,CATGGCGCATGTTGCA-1,571
331,GCATGATTCTCGTCTG-1,571
332,ACTGAGTTCTGACGCG-1,571
333,CGATGGCAGATGCGAC-1,571
334,CCCATACAGCGACGTA-1,571
335,GCATGTAAGTACAGTA-1,571
336,AGCATACTCTGGGACC-1,571
337,TTCTACACAGCAGATG-1,571
338,TTTGGTTCAGACTTGT-1,571
339,ACTGTCCGTTGTAGCT-1,571
340,CCAGCGAAGTTAACGA-1,571
341,GAAATGAAGAATCGTA-1,571
342,GTTCGGGTCATATCTC-1,571
343,TGCCAAAGTCCAGCCA-1,571
344,TTCGAAGCAGGAGCAT-1,571
345,CATATGGAGGTGCACA-1,571
346,TAGCCGGAGCGATCCC-1,571
347,TCGCGAGCAAACCGAG-1,571
348,CTCGGGAAGCATCTTG-1,571
349,TAAACCGTCGTAGGGA-1,571
350,AGCAGCCGTCTTCACC-1,571
351,CTCGAAAGTTTCCGAA-1,571
352,GTTCTCGAGTCGTGTT-1,571
353,TGTCCCATCGTTCGGG-1,571
354,TTCTTAGGTACGTGCC-1,571
355,TAAGCGTTCACCACGG-1,571
356,GGTATTGTCAGACACT-1,571
357,GATGCTATCTACCGTC-1,571
358,ACGGGCTGTACCAAGG-1,571
359,CTGTGCTCATGCCGGT-1,571
360,CACACCTGTCTCTCGT-1,571
361,GGTATTGAGATGCGAC-1,571
362,CTACATTGTTCTCTCG-1,571
363,CAGAATCCAATTAAGG-1,571
364,TCTATTGGTGATTGTC-1,571
365,ACGATACGTCAACTCA-1,571
366,GTCCTCAAGTCATCCA-1,571
367,TGAGAGGCAACAACTC-1,571
368,CTAGAGTGTACCAGTT-1,571
369,CCACTACAGTGGTAAT-1,571
370,CGTCCATCACGTCATA-1,571
371,CCGTGGAGTACGGTGA-1,571
372,CGAGCCACACTTCTTA-1,571
373,AACTCCCGTCCGAAGA-1,571
374,TCGTAGATCCGATACA-1,571
375,ATCTACTGTGTCGCTG-1,787
376,CCTACCACAACGCGTC-1,787
377,ACCTTTATCTTAAGGC-1,787
378,CTCGAAATCGAGAGGT-1,787
379,CCATTCGGTATGAAAC-1,787
380,GACTACAAGAAGCCCA-1,787
381,CCTTTCTAGAGGGCTT-1,787
383,GGGAGATCATACAGAA-1,787
384,GTGCAGCTCTCAGCGG-1,787
385,GTTACAGAGTTAGGGC-1,787
386,CCGTACTCAGCTTGAT-1,787
388,GCCAAATGTTGGAGCA-1,787
389,CGATGTAGTGCAACCC-1,787
390,TTCGGTCGTACTCGTA-1,787
391,AGTAGTCTCGGTCACG-1,787
392,GTGAAGGGTATGACTC-1,787
393,AGCGGTCTCGAGCCGT-1,787
394,CTAATGGCATAGTGTC-1,787
395,TGCGTGGTCCAACGAT-1,787
396,ATTTCTGTCACCACGG-1,787
397,GGGAATGCATGAGAAT-1,787
398,GCATGTAAGATTGAGT-1,803
399,GCATACAAGTGAACAT-1,803
400,GTTACAGCACGTGGCT-1,803
401,TACACGAAGCAGATCG-1,803
402,GGCCGATAGACCCACC-1,266
