,barcode,group
7,GTGCATAGTAGCCCTG-1,3424
10,AACTCCCGTGGCCACT-1,3424
13,CTTCTCTAGCATCTTG-1,3424
15,TCGCGTTGTGATGTGG-1,3424
16,TGGCTGGTCTTCACGC-1,3424
17,GCTGCGAAGACCTAGG-1,3424
20,CAAGGCCGTTGACGGA-1,3424
21,TGTATTCTCAAGACAA-1,3424
22,AGTTGGTTCAGTACAC-1,3424
23,CACCTTGGTCACCTGG-1,3424
24,TTATGCTCAGGGATCA-1,3424
25,AAGGTTCAGATAGCAT-1,3424
26,TGCCCTACACTCATGA-1,3424
27,CAAGTTGCACTTCAGA-1,3424
28,ACACCGGAGGACGAAA-1,3424
29,CTCATTATCACGGTAT-1,3424
30,TAAGAGAGTCTAGCGC-1,3424
31,TCGCGAGGTTGATCGT-1,3424
32,CTCGAGGGTAGTTCTG-1,3424
33,GTTACAGCAACAGTGG-1,3424
34,ACACTGATCCAGGTTA-1,3424
35,CCGTTCATCCCAGAAT-1,3424
36,TATTACCCATTCTTGT-1,3280
37,TTGCCGTCAGTGTGGA-1,3280
38,GAACGGAAGAGTCCTT-1,3296
39,GCGGGTTAGGGTAGGG-1,3296
40,AGTTGGTTCTCACCTG-1,3350
41,GATTCAGGTTGCCTCT-1,3350
42,CTGGTCTCAAGACGCA-1,3350
43,GCGCAGTTCCATTTGT-1,3350
44,CACCAGGGTACCAGCC-1,3350
45,TCAATCTGTGACACGA-1,3350
46,TCACAAGAGATGTAAC-1,3350
47,CAACCTCAGCTAACAA-1,363
48,AAGTCTGCATGATAAG-1,65
49,CTGTTTATCGCTATGA-1,3291
50,GGATTACAGAGGGATA-1,3291
51,TTGGAACGTGGTACAG-1,3291
52,GCGGGTTGTGCGAACA-1,3289
53,ACGAGCCGTGAACACG-1,3289
54,GTTACAGTCTGCACAA-1,3289
55,ACATCAGTCTCATCTA-1,3301
56,TTCTTAGAGTCTCCTC-1,3301
57,ACTGTCCTCTCGAATG-1,3301
59,CCGGTAGCATACGGTT-1,3301
60,CTTCTCTGTGCCATTA-1,3301
61,CATCGGGCAGACAGTG-1,3301
62,AGCTCCTGTGACATGG-1,3301
65,CTAATGGTCGCTATTT-1,3301
66,CTCCTAGTCATCAGGT-1,3301
67,ACACCCTCAGGGCTTC-1,3301
68,TGCGGGTCAGTGTAGG-1,3301
69,GTAGGCCGTGGTAACG-1,3301
70,GATGAAACATTCTTCA-1,3301
72,CTCCTAGTCTCTCTAA-1,3301
73,CACACCTTCAATAGGA-1,3301
74,CCGTTCACATGAGGGT-1,3301
75,TTATGCTGTGCGAACA-1,3301
76,GCAATCATCTCGGAAT-1,3301
77,ACGCCGAAGAGAGCTC-1,3301
79,TGAGGGAGTTGTCACA-1,3301
80,CGATCGGCAGACAGTG-1,3301
81,GTACTTTAGAATGTGT-1,3301
82,TGGGAAGTCCTCATCG-1,3301
83,CCCATACCACAATGTC-1,3301
84,TTCGGTCCATTTGTGG-1,3301
85,GTAGTCAAGTCGCGTC-1,3301
86,TTAGTTCCACGAGCTC-1,3301
87,ACGGGCTGTCGCAAGA-1,3301
88,CTTTGCGTCTCATCCG-1,3301
89,CAAGTTGAGTTGTAGA-1,3301
91,CTAGTGATCCTACGAA-1,3301
92,TCGGGACGTAATCAGA-1,3301
94,CAAGAAAGTCTGGGCT-1,3301
95,ATCATCTAGGATCGCA-1,3301
96,CCATGTCCATCAGGGA-1,3301
97,ACGATACCATGCCATA-1,3301
98,GCAATCAGTAGCTAAA-1,3301
99,TTCTTAGAGCACAGGT-1,3301
101,GCTGGGTCAAGGTGAC-1,3301
102,TTAACTCTCGCTAGTA-1,3301
105,GAACCTAAGGGATCTG-1,3301
106,CTTACCGCACAGCCAC-1,3301
107,GTGTTAGCAATCCGTA-1,3301
108,GCACTCTGTCCTAGTA-1,3301
109,GCATGATCATTCAGTG-1,3301
111,GGCTCGACATAGACAA-1,3301
112,GAACGGATCCGTTCAC-1,3301
113,ACGCAGCTCTTAAGGC-1,3301
114,GGCAATTCAGATGAAT-1,3301
115,AGCTCCTCAGTTATGC-1,3301
116,CATCAAGCATTCAGTG-1,3301
117,GAACATCTCATGACCA-1,3301
118,GAGGTGATCGCGGACT-1,3301
120,CGCTGGAAGCATGGCA-1,3301
121,TGACGGCCAGGTCAAG-1,3301
123,CGAACATCATTGCATG-1,3301
124,GACAGAGGTAACAATG-1,3301
126,AGTTGGTGTCAACCGC-1,3301
127,CACACCTTCCAGGCGT-1,3301
128,CACATAGAGACAGACC-1,3301
129,ACCAGTATCAGAGTCT-1,3301
130,AGATTGCAGAGGTACC-1,3301
131,ACGAGGATCGTTCGGG-1,3301
132,TAGAGCTCATGAGACG-1,3301
133,CTTACCGGTTGACGGA-1,3301
134,TATCTCATCCTCTGCA-1,3301
135,CTACACCCATGTTGCA-1,3301
136,CCATGTCTCCAAAGAA-1,3301
137,TTGACTTTCCGTATTT-1,3301
138,TATCTCAAGTACGCGA-1,3301
139,TGTTCCGTCCCTAAGA-1,3301
141,GTGCGGTGTTCAGGTT-1,3301
142,CGCGTTTAGCTAGGCA-1,3301
143,GAACATCTCTTAGCTT-1,3301
144,AAGTCTGAGGAGCGAG-1,3301
145,AATCCAGTCTTCACGC-1,3301
146,GTACTTTCATGACCGC-1,3301
147,CTCAGAAAGTGAACAT-1,3301
148,AACCGCGAGTCCGGTC-1,3301
149,CTGATAGGTCGCGAAA-1,3301
150,CCTCTGAGTAGTTGGG-1,3301
151,CGACCTTCAGACGAGT-1,3301
152,TCACAAGAGGTAGCCA-1,3301
153,TCAGGTAGTTGTTCAG-1,3301
154,CGACCTTCAACTACTG-1,3301
155,CATCAGAGTCTTAGTG-1,3301
156,GGTATTGTCACACGTA-1,3301
157,TTCCCAGTCTCCATGC-1,3301
158,AAAGATGCAGCCAAAG-1,3301
159,GGCAATTTCGATAAGA-1,3301
160,TACGGTATCGTTAGGT-1,3301
161,ACGGAGATCGGCTCAG-1,3301
162,GCGCAGTCATATCGCA-1,3301
163,TCGCGAGAGGCGCTCT-1,3301
164,TCGTACCGTAGTCTGT-1,3301
165,TGATTTCCAGACTCCG-1,3301
166,CAGCCGACAGTGCTTA-1,3301
167,AAGACCTCATCTAAGC-1,3301
168,TCTGAGAAGCGCTCAC-1,3301
169,ACTGTCCGTTCTAGAC-1,3301
170,ACAGCCGCAACCTCAA-1,3301
171,TGCCAAATCTGTGGCG-1,3301
172,ACACCGGCATCATGGT-1,3301
173,CTACACCCACAATGTC-1,3301
174,CCGGGATCATTCAGTG-1,3301
176,GATGAAAAGACTGTAA-1,3301
177,TTTATGCAGTGCGATG-1,3301
178,ACGCCGAAGCGAGAAA-1,3301
179,GATCGTACACACCTAA-1,3301
180,TTCTCCTCAACGAAAT-1,3301
181,CAGATCATCCAGGCGT-1,3301
182,CTAGCCTGTCGTAATC-1,3301
183,ACGTCAAAGGTGATTA-1,3301
184,GAGCAGAGTAGATAGT-1,3301
185,TACTTGTGTCCAAGTT-1,3301
186,GCGCAGTAGGTAGCCA-1,3301
187,TTAGTTCCAACGTTTG-1,3301
188,CGAGAAGAGTGAATTG-1,3301
189,GCACATAGTACGTAAA-1,3301
190,ACGCAGCGTCATGTTG-1,3301
191,CTGCGGAAGGGTGTTG-1,3301
192,GGCTCGACACATAAAG-1,3301
195,TTGAACGCATCATGGT-1,3301
196,AAGGTTCAGACAGGCT-1,3301
197,GGGTTGCCACGAAGGT-1,3301
198,CATGACACAAATCGCT-1,3301
199,CTCTACGCATACAGAA-1,3301
200,CTTTGCGAGACTTGAA-1,3301
201,TGCACCTAGTCGAGTG-1,3301
202,GCACTCTCATCACTGA-1,3301
203,CGTTCTGTCTGCACAA-1,3301
204,TACTCGCAGGCGTTGA-1,3301
205,CAGTCCTCAGAATTCC-1,3301
206,TGACAACCATCAGGGA-1,3301
207,ATGCGATTCCAGGCAC-1,3301
208,CGGAGCTGTACGTTTG-1,3301
209,GCTGGGTCACGAGCTC-1,3301
210,ATTGGACGTTGGAGCA-1,3301
211,GGACATTGTGATCCTA-1,3301
212,GATCGCGGTCAGTTTG-1,3301
213,GCTGCTTGTACTAGGG-1,3301
214,TCTCTAACAACGGGAT-1,3301
215,GCGAGAACAAGAGAGA-1,3301
216,TCATTACAGTCCCACG-1,3301
217,CCTACACTCACGGTAT-1,3301
218,GACCAATTCAGTAAAG-1,3301
219,CAGATCACACCCGTGA-1,3301
220,GGACATTCATACAGAA-1,3301
221,ATTTCTGGTCTTAGTG-1,3301
222,CTGAAGTGTACTGTTG-1,3301
223,GGAAAGCCACACCTAA-1,3301
224,TTAGGCAAGTACGTTC-1,3301
225,CAGTCCTCAATCCGTA-1,3301
226,ACTATCTCAGCGATGA-1,3301
227,TCAACGACACTACGTA-1,3301
228,CCGTGGAGTGGTAAGC-1,3301
229,CGATGGCGTGAACACG-1,3301
230,CATGACATCATGTCAG-1,3301
231,CTGAAGTAGAGTACAT-1,3301
232,CCATTCGTCTGGCCTT-1,3301
233,CGACCTTTCTTCCGAC-1,3301
234,TCAACGACAACGAAAT-1,3301
235,CACATTTCATGAGAAT-1,3301
236,GCTGGGTTCACTACAG-1,3301
237,CTCGGGACACGTATGT-1,3301
238,CTGAAGTGTACTCACA-1,3301
239,GGGAGATCATGCCATA-1,3301
240,CGGGTCAGTACCAGTT-1,3301
241,TTTATGCGTCTTCACC-1,3301
242,GTCACAAAGCCAGAAC-1,3301
243,GTCATTTCACAGTGTT-1,3301
244,TCAGGATTCGAAAGGC-1,3301
245,CATTATCAGTCGCCGT-1,3301
246,CTAGTGAAGCCCAACC-1,3301
247,TCTGGAATCTATTGCT-1,3301
248,GAAGCAGTCGACTTCC-1,3301
250,CTAGAGTTCATCGCAA-1,3301
251,TGACGGCTCGTGAGGA-1,3301
252,GGCCGATGTCATCTGA-1,3301
253,GCGCAACCAGCGATGA-1,3301
254,GCTGCTTGTCCAAGTT-1,3301
255,GAGCAGACATCCAGCG-1,3301
256,ATCTACTCATGAGGGT-1,3301
257,CGACCTTAGCGATTCT-1,3301
258,CGCGGTATCTGGGACC-1,3301
259,CCCAATCAGAACTTCC-1,3301
260,TAGTGGTAGGTGTGCA-1,3301
261,GGGTCTGAGTCGCCGT-1,3301
262,CCACTACTCTCATGTT-1,3301
263,GGCTCGACACTAAGGG-1,3301
264,GCGACCACATTATCGG-1,3301
265,GCGAGAAGTGTGAAAT-1,3301
266,ACACCCTAGAGCTGCA-1,3301
267,ACTGTCCCAGTGCTGC-1,3301
268,AGCCTAAGTACCAAGG-1,3301
269,GGGTCTGTCACGTATG-1,3301
270,TGGCCAGCATATGTGC-1,3301
271,CGTTCTGAGGGTCGAT-1,3301
272,AGTTGGTCATCCAGGC-1,3301
273,TGGCCAGCACAGCTGC-1,3301
274,GGACATTAGGAATGGA-1,3301
275,TAGAGCTCACTCTCTG-1,3301
276,GGACGTCTCGTGCTAA-1,3301
277,AGCTCCTGTCCATTGA-1,3301
278,CTTGGCTAGCAGAGAA-1,3301
279,ATGGGAGTCAACAGTC-1,3301
280,TTTCCTCAGCAGAGAA-1,3301
281,AAAGTAGCAAGCATGG-1,3301
282,TGTGTTTCACGATAGG-1,3301
283,CACATTTTCGGAGTTT-1,3301
284,CCGGTAGTCTATTGCT-1,3301
285,GACGTTAAGTAATCCC-1,3301
286,CATCAGAAGGGCTTCC-1,3301
287,CCACGGAGTCACGCAC-1,3301
288,TACGGATGTCAGTGGA-1,3301
289,CCTCAGTCAAGTCGGA-1,3301
290,CGGAGTCGTCACCGCA-1,3301
291,ACGCAGCTCTCTAGTT-1,3301
292,CGTTCTGGTGATTGTC-1,3301
293,CTTACCGGTCTGCGCA-1,3301
294,GTCAAGTTCTGTCGAA-1,3301
295,AGTTGGTCACGGGATA-1,3301
296,TGCCCATTCGTGAGGA-1,3301
297,GCTGCTTTCACGCGAC-1,3301
298,AGCATACCATCATGGT-1,3301
299,ACTGCTCGTCCTAGTA-1,3301
300,GTACTCCCACAACTTG-1,3301
301,CGGTTAAGTGGACGTA-1,3301
302,TCTTCGGCAGAAGAAG-1,3301
303,GATCTAGAGTTGTAGA-1,3301
304,TTGAACGTCGGAAGAC-1,3301
305,ACTATCTCATTGCATG-1,3301
306,CTCGAGGCACGTACAT-1,3301
307,AAGTCTGGTTGCCTCT-1,3301
308,CATCAGACAGAGACGT-1,3301
309,CGATCGGGTTTAGCAC-1,3301
310,CCGGTAGGTAGACGAC-1,3301
311,CTAGCCTCAGGAGCAT-1,3301
312,GCCAAATGTCTCGAGC-1,3301
313,TATCTCAGTAAAGTCA-1,3301
314,TGGTTCCAGCGCGTCT-1,3301
315,GGTGCGTTCTGCTACC-1,3301
316,AGGCCGTCATTATCGG-1,3301
317,GTTCTCGAGACTGGGT-1,3301
318,GTTCATTTCTCCGGAG-1,3301
319,CACATAGGTCAAGCAG-1,3301
320,CAGTCCTCAGCCAAAG-1,3301
321,CCATTCGTCTTATGGG-1,3301
322,TACGGTACAACGACGA-1,3301
323,CTCAGAATCTGTATGG-1,3301
324,AGACGTTCAAGTAAGT-1,3301
325,TGCGTGGAGTCCATAC-1,3301
326,AAGCCGCGTTCGGTGC-1,3301
327,AGTGAGGCATGCCGCA-1,3301
328,CTGTTTAAGGCATTGG-1,3301
329,CAGCGACTCGAGAATA-1,3301
330,ATTGGTGAGGCTATCT-1,3301
331,GCTGGGTAGACTAGAT-1,3301
332,ACACTGACAGACGAAC-1,3301
333,TAAACCGAGAAAGCTT-1,3301
334,CTTTGCGGTCCCACAG-1,3301
335,ATGAGGGGTCCATGAT-1,3301
337,AGTAGTCCACGAGTTT-1,3301
338,AACTCAGAGCCACGTC-1,3301
339,TAAACCGCACATCTAG-1,3301
340,CGGACGTGTATGTAGA-1,3301
341,CCGGGATAGCCTAACT-1,3301
342,GAAACTCTCGGAGAAC-1,3301
343,TGTTCCGAGTCCGGTC-1,3301
344,CAGTAACAGGGCTTCC-1,3301
345,GTATTCTAGCAGCCCT-1,3301
346,AGACGTTCAGAGACGT-1,3301
347,TACTTGTCAGAACAGC-1,3301
348,ACATGGTTCGTGTGGC-1,3301
349,CTCTGGTGTTATCGGT-1,3301
350,GCGCCAAGTCTGCGCA-1,3301
351,GCGCAGTCAAGTCGGA-1,3301
352,GCTCCTAGTTGGTGAG-1,3301
353,ATCTACTCACAAGCTT-1,3301
354,GGGCATCCAAACCCTA-1,3301
355,GCATGATGTTGCCACG-1,3301
356,GTCACGGGTGTTCCGG-1,3301
357,TAGAGCTAGTACGCGA-1,3301
358,TCGCGAGTCACGCTCT-1,3301
359,ACACTGAAGAGCTGCA-1,3301
360,GAAATGAGTCCATTGA-1,3301
361,TTCTCAAGTACAAGAT-1,3301
362,CACATTTTCAGGTGAG-1,3301
363,TCTCTAACACGAGTTT-1,3301
364,ACACCAAAGGCCGAAT-1,3301
365,GCTGGGTGTTTACTTC-1,3301
366,GCGAGAACACACCTAA-1,3301
367,GTCGGGTTCGATGGTT-1,3301
368,GAGTCCGAGACTTGAA-1,3301
369,CGAGCACGTGCTTAGT-1,3301
370,GCATGTAGTCGCGAAA-1,3301
371,CGGAGTCGTGGTCAAG-1,3301
372,ATTTCTGAGGCTATCT-1,3301
373,GGGTTGCCAAGCTATC-1,3301
374,TTTATGCCACCGAACC-1,3301
375,CACAGGCCAGAACCAG-1,3301
376,CGATGTATCTCCACAC-1,3301
377,TGAGGGACAAAGGTTA-1,3301
378,GAGGTGATCTAGCAGT-1,3301
379,CCTCTGACAAGGGATC-1,3301
380,GACGGCTAGTACGCCC-1,3301
381,GAAGCAGGTCTCGGCA-1,3301
382,TACTCATGTGACCCAC-1,3301
383,CAGCTAACACGTGGCT-1,3301
384,CGAATGTTCAACGATC-1,3301
385,GGGCATCGTCAACATC-1,3301
386,ATGAGGGAGCAGCCTC-1,3301
387,CACTCCAGTGTCGCTG-1,3301
388,ACCAGTAGTACTCCGG-1,3301
389,ACGAGCCGTTCTCTCG-1,3301
390,CGGGTCAGTCTCGAGC-1,3301
391,TCAGCAACAACGCGCT-1,3301
392,CACAGTAGTGCATCTA-1,3301
393,GTCTTCGAGTAGTATG-1,3301
394,TACTTACTCGTAGCGC-1,3301
395,CATCGAAGTGCGGTAA-1,3301
396,GGATGTTCAGACACAG-1,3301
397,ACCTTTAAGCGTAGTG-1,3301
398,CAGAGAGCATCCGTTC-1,3301
399,CTACCCACACTACGTA-1,3301
400,TGCGGGTCATTTAGGC-1,3301
401,GACTGCGCAGCTCATA-1,3301
402,ACGAGCCCATCCGTTC-1,3301
403,CACAGTAAGAATTGTG-1,3301
404,CGTGAGCCACATCGAT-1,3301
405,CTAGAGTGTGATGTGG-1,3301
406,GGCTGGTGTCTTGCGG-1,3301
407,TGCCCTATCATGTCAG-1,3301
408,GATCGTAGTGGCAACA-1,3301
409,GTTCATTTCAGAGTAA-1,3301
410,CATTCGCCACACCTAA-1,3301
411,CCTTACGCACTGGCCA-1,3301
412,AGCTTGATCCTTATTG-1,3301
413,ACCCACTGTCCGCAAC-1,3301
414,CAAGGCCGTAACGCGA-1,3301
415,TGCCCTATCGACCCTT-1,3301
416,ACTGATGGTCGAATCT-1,3301
417,GCACTCTAGCATTCAC-1,3301
418,GCATGCGGTACCGCTG-1,3301
419,GTGTGCGGTATCTCTT-1,3301
420,CCTCAGTCAAGGCCCT-1,3301
421,CTCGTCAGTAGATGCG-1,3301
422,ACATACGAGTCGTGTT-1,3301
423,CGCTATCCAGATCCCG-1,3301
424,GTTCTCGAGAGTCCTT-1,3301
425,TTCGAAGAGTTTGCGT-1,3301
426,ACTTGTTGTATGACTC-1,3301
427,CCTTCGAGTTACTGAC-1,3301
428,GCGCGATTCACCGCGA-1,3301
429,CGCTATCAGTTCCACA-1,3301
430,GTAACGTAGTAGGCCA-1,3301
431,TACCTATTCCACTGCT-1,3301
432,AGTTGGTGTTGGTATC-1,3301
433,CACCAGGAGGAGCGAG-1,3301
434,GTTCTCGGTTGGGACA-1,3301
435,GACGGCTTCACAGCCG-1,3301
436,GCTTGAACAATGGGAC-1,3301
437,AGCCTAAGTAGCCCTG-1,3301
438,TGACTAGAGGTATCGG-1,3301
439,AGAATAGCACATCGAT-1,3301
440,TGGCTGGTCGGATCCG-1,3301
441,GTGCGGTCAACCTGCG-1,3301
442,TAAACCGCAGCGTGTC-1,3301
443,CGTCACTGTTCCGTCT-1,3301
444,CTACCCAGTGGTGCAA-1,3301
445,TTCTCAATCTCGAATG-1,3301
446,GCATGCGAGTGACATA-1,3301
447,GCGGGTTAGGGCATGT-1,3301
448,TAGTGGTTCATCTTTG-1,3301
449,CACCTTGCAGCTTGAT-1,3301
450,CATATGGAGTTTGCGT-1,3301
451,GGCGTGTGTTGATCGT-1,3301
452,ACACCGGAGTACGACG-1,3301
453,CCTTCGAAGATCCGAG-1,3301
454,GCAAACTGTCATCTAG-1,3301
455,GTGAAGGTCTCCCTAG-1,3301
456,AAGGAGCAGGAGTTGC-1,3301
457,ACGCAGCAGCGGATCA-1,3301
458,AACACGTGTTGAAGGC-1,3301
459,CGTTGGGTCCCAAAGT-1,3301
460,GTTCATTAGGGAAACA-1,3301
461,TAGCCGGAGGCAGGTT-1,3301
462,CGTAGGCTCCTCAGCT-1,3301
463,TCAGCTCTCGAGCACC-1,3301
464,ATAACGCAGCGCGTCT-1,3301
465,CAAGGCCAGCGTTGCC-1,3301
466,ACGCAGCCAAAGCGCA-1,3301
467,GGGAGATAGTCAAGGC-1,3301
468,TACTTGTTCGTTACTT-1,3301
469,AGTCTTTAGTTTGGCT-1,3301
470,TAAGCGTAGTTCGATC-1,3301
471,TCAGATGAGAAGCCCA-1,3301
472,CAGTCCTCAAGCACGA-1,3301
473,GACGGCTGTAGCAGGT-1,3301
474,GGACGTCGTAAACCTC-1,3301
475,GTCGTAAAGGGCTTCC-1,3301
476,ACATACGGTTTGCCTC-1,3301
477,ATTGGACGTCTTAGTG-1,3301
478,CACACTCAGACCACGA-1,3301
479,CGTAGCGCAGGGATCA-1,3301
480,CTCTACGGTAACAATG-1,3301
481,GAACCTAGTGTGATCT-1,3301
482,GGTGTTACATTCTTCA-1,3301
483,CTGATCCGTGCTCTGG-1,3301
484,GGATGTTAGGTGCTAG-1,3301
485,TCAATCTCAACTACTG-1,3301
486,CGGAGTCAGGCAAAGA-1,3301
487,TTCCCAGTCCGCTGAG-1,3301
488,ATTGGTGGTACCATCA-1,3301
489,CGTCAGGCAGAGCTCC-1,3301
490,ACGAGCCTCTCGGAAT-1,3301
491,AACTTTCGTCCGGTTG-1,3301
492,CTTAGGATCTTGCGAA-1,3301
493,CTAAGACTCCTAGACA-1,3301
494,CACCACTGTGCTGTAT-1,3301
495,GGGTTGCCAGGAGCAT-1,3301
496,CGGACACCATGAGGGT-1,3301
497,TTGGAACAGTGATTGA-1,3301
498,TACTCATTCGACGAAG-1,3301
499,GATCTAGAGAGTCTGG-1,3301
500,AGCTCTCGTTGTAGCT-1,3301
501,CTCACACCATGCGTGC-1,3301
502,TGCGTGGCATCATGCA-1,3301
503,CACCAGGGTGCTTCGG-1,3301
504,GACTAACAGAAACGCC-1,3301
505,CGTTCTGGTGGTAACG-1,3301
506,AACTCTTAGGGTCGAT-1,3301
507,AAGGTTCCAGTAGGGT-1,3301
508,GATCGTATCTAGAACC-1,3301
509,TGACAACGTGATTACC-1,3301
510,ATTCTACCAACAGAGC-1,3301
511,TACTTACTCTTCTTGA-1,3301
512,AGTGTCAGTGGAAAGA-1,3301
513,GTACGTAGTACCACTA-1,3301
514,AGCAGCCTCCGAGTCG-1,3301
515,CAGAGAGAGAGGTAGA-1,3301
516,CCAATCCAGTAGCGGT-1,3301
517,TGCTGCTAGTGCCATT-1,3301
518,GTCTCGTGTTGGTATC-1,3301
519,CATATTCTCTACACCC-1,3301
520,TTCGGTCGTTCTTTGT-1,3301
521,GCAGTTAGTTCAGTAC-1,3301
522,CTAGTGAGTACGTTTG-1,3301
523,CTCGTCACAAATAGGT-1,3301
524,CCTTTCTTCGAGCGTC-1,3301
525,AGGCCACAGCGTAGTG-1,3301
526,GACTAACAGTACGTAA-1,3301
527,ATCCGAAGTCGCTGTG-1,3301
528,TCCCGATTCCACTAAG-1,3301
529,TCAATCTTCGCGAGAA-1,3301
530,TTTGGTTGTTCAGTAC-1,3301
531,GATGAAAAGACCACGA-1,3301
532,TCAGGATAGATGTAAC-1,3301
533,ACTGCTCCAGCTATGT-1,3301
534,GGATTACAGGCACATG-1,3301
535,GAACCTACACTTCTTA-1,3301
536,CGGCTAGTCTCCAGCT-1,3301
537,ACACTGAAGTAGCCGA-1,3301
538,GACCAATTCCAGACCG-1,3301
539,AGCCTAACAAACCGAG-1,3301
540,GCGACCAAGGCGATAC-1,3301
541,GTTACAGAGGAATGGA-1,3301
542,TTTGGTTCAAAGTTAG-1,3301
543,CTTTGCGAGTGTCCAT-1,3301
544,CGGCTAGTCGCAGCAC-1,3301
545,AGATTGCGTTGAAGGC-1,3301
546,CGTGAGCAGGCGATAC-1,3301
547,GCTCTGTTCGACCATA-1,3301
548,GGACAGATCTCCCTAG-1,3301
549,CCTTTCTCAGCAGATG-1,3301
550,AGTGAGGGTCATTACG-1,3301
551,CCCATACTCGCACAGC-1,3301
552,CTACATTAGAGGTAGA-1,3301
553,GACCTGGGTCAGAAGC-1,3301
554,GCAGTTATCCTGCGTT-1,3301
555,CAGAATCTCGTGAGGA-1,3301
556,CGGACTGCACTTGAGT-1,3301
557,TGGTTCCAGCCCGTGT-1,3301
558,TGACGGCAGCCAAACG-1,3301
559,AGTGAGGGTGTTCCGG-1,3301
560,CCTCAGTAGCTGCACC-1,3301
561,CAACTAGGTAGGGTGT-1,3301
562,CATCAAGCAAGGTCGA-1,3301
563,ACATGGTCAACGACGA-1,3301
564,CCTATTACACAAGCGA-1,3301
565,AACCATGTCATCGACA-1,3301
566,TACAGTGAGGCTAGAC-1,3301
567,CATATTCAGAGCCCAA-1,3301
568,AAGTCTGAGACTAAGT-1,3301
569,TTCTTAGGTTCTAGTG-1,3301
570,CTCATTAAGCACACAG-1,3301
571,CTGAAGTAGGCCATAG-1,3301
572,CTCATTACATTACTTC-1,3301
573,TCTGAGATCAAGAGGC-1,3301
574,CACTCCAAGCGTGAGT-1,3301
575,CGACTTCGTAACGTGG-1,3301
576,CGATTGAGTAACAGCG-1,3301
577,GTTTCTAGTTAGAATG-1,3301
578,TTTGTCACAGTGCTCG-1,3301
579,TGGGCGTTCAGTGCCG-1,3301
580,ACACCAAAGAAGCCCA-1,3301
581,GTTCATTTCTCGTCTG-1,3301
582,AGGTCATGTGACCCAC-1,3301
583,CGGAGTCTCAGTGCCG-1,3301
584,CGTTAGAGTTGAGCAG-1,3301
585,AAAGATGCAGATACCT-1,3301
586,CTCCTAGTCTACGGAT-1,3301
587,TCACAAGTCGAGGAGT-1,3301
588,CTCTACGAGGGTGTGT-1,3301
589,ACTATCTTCCTCAGTC-1,3301
590,GGATTACTCATGGTGT-1,3301
591,CTCGTACAGTCCGGTC-1,3301
592,TCACGAATCGCTGAAT-1,3301
593,TCAGGTATCGCGAGAA-1,3301
594,AAGGAGCAGTGTATCC-1,3301
595,CAGCTAACACACGTGC-1,3301
596,GTGCTTCAGTTATCGC-1,3301
597,ACAGCTAGTCTCTCTG-1,3301
598,AGAATAGCAAGGCTAG-1,3301
599,CTAACTTGTTGGAACG-1,3301
600,GCATGTATCCCAAAGT-1,3301
601,AACACGTTCTACGGGC-1,3301
602,GAACCTACAACCCTGG-1,3301
603,TTGCGTCTCATGGTGT-1,3301
604,CCTTCCCAGTCCGGTC-1,3301
605,CACACTCTCGCGGACT-1,3301
606,CTAAGACGTCTCGAGC-1,3301
607,CTTAGGACAGCGCATC-1,3301
608,ATAGACCAGTACGCCC-1,3301
609,GCTTGAATCGTAACCA-1,3301
610,CGCTATCAGTCCCACG-1,3301
611,AGCAGCCTCTGGAGTT-1,3301
612,TCAGGTAGTATTGAAG-1,3301
613,CGCTTCATCCGCGAGT-1,3301
614,GTACTCCTCCCTTATA-1,3301
615,TCGTACCCAAAGCGCA-1,3301
616,GAAACTCCAGGTTAAA-1,3301
617,CAGTCCTGTGTAGTTC-1,3301
618,AGAGTGGTCCCGCATT-1,3301
619,ACACCAAGTTATGTGC-1,3301
620,TACTCATTCACTTTAC-1,3301
621,ACTTGTTTCTACATGG-1,3301
622,CTCGGAGCACGTAGGA-1,3301
623,GGCTCGAAGTGACATA-1,3301
624,TCGTACCTCGCAACGC-1,3301
625,CTCGTCATCGAGTTGT-1,3301
626,GTCACAATCTCACCTG-1,3301
627,TCAGCTCGTTAAACGA-1,3301
628,CAGCTAAGTAGGCTGA-1,3301
629,CCATGTCGTCCGGGTT-1,3301
630,CAGCAGCCAGGACCAA-1,3301
631,CTCCTAGTCAGTACAC-1,3301
632,TGCCCTACAACTCCGG-1,3301
633,GACTAACGTTGTCGCG-1,3301
634,GTACTCCGTAGGCTGA-1,3301
635,AGAGCGAGTGTCGCTG-1,3301
636,CGCTTCACACGCGATC-1,3301
637,TCTCTAAAGTGAAGAG-1,3301
639,TTTGCGCCAGACAGTG-1,3301
640,AATCGGTAGTCGTACT-1,3301
641,GGTATTGTCCACCCAT-1,3301
642,ACACCGGTCATGTCAG-1,3301
643,TACTCGCTCACTCATT-1,3301
644,CCTAGCTTCGCAACGC-1,3301
645,TCAGCAACATGGGCCT-1,3301
646,CAGCGACCATTGAAGA-1,3301
647,GTCCTCAGTCGAATCT-1,3301
648,CATGCCTTCCGATACA-1,3301
649,CTAACTTAGGGTAACC-1,3301
650,CTCCTAGCACTCTCTG-1,3301
651,GGCGTGTCAACACGTT-1,3301
652,TGGCTGGAGTACGATA-1,3301
653,ACTGTCCCAGTCCGGT-1,3301
654,GGCAATTAGTCGTCCG-1,3301
655,AAACGGGGTGAAGCCA-1,3301
656,TACTCATAGCACGCCT-1,3301
657,TTAGGACTCCTACCCA-1,3301
658,GTTAAGCCAGGTCAAG-1,3301
659,CGTTGGGTCAGTACAC-1,3301
660,TTTCCTCAGTTACCCA-1,3301
661,CTGTGCTTCTCCAGCT-1,3301
662,ACTGTCCCATGAGGCA-1,3301
663,CCACCTACAATGGGAC-1,3301
664,ATCATGGGTAAGCGCA-1,3301
665,TCATTACTCTGCTACC-1,3301
666,AACTCAGTCGTAACCA-1,3301
667,AGCTCCTCAGAATTCC-1,3301
668,GGGCACTTCTCGGTTC-1,3301
669,GGTATTGAGTCCCGAC-1,3301
670,TCCACACAGTTTGGCT-1,3301
671,TGGTTAGAGAGTGACC-1,3301
672,ACGTCAATCAAGTGCT-1,3301
673,TAGTTGGCATTTCTTG-1,3301
674,GTGCGGTCATACTTGG-1,3301
675,ACACCAACACCCGTTT-1,3301
676,GACTACACATTGCATG-1,3301
677,ATCGAGTAGCCTGATT-1,3301
678,CGTGTCTTCCAAAGAA-1,3301
679,TGCCCTAGTGTGAAAT-1,3301
680,CCTCAGTTCTGTGAAC-1,3301
681,GCGGGTTTCCACAGCG-1,3301
682,GAAATGAAGTGATGGC-1,3301
683,CCTTTCTCACTACGTA-1,3301
684,GATCGATTCTCAGTTT-1,3301
685,TGTTCCGTCACGAGTT-1,3301
686,AAAGCAAGTACAACGG-1,3301
687,GAGCAGATCCTCCTGA-1,3301
688,CAAGTTGCACCACATA-1,3301
689,GTCAAGTTCATAGGAA-1,3301
690,GCCAAATTCTGAAGCT-1,3301
691,GCATACATCGCAGCAC-1,3301
692,GCCTCTATCTACGTGA-1,3301
693,CAAGTTGTCTAATGGC-1,3301
694,CTCAGAAGTCCGCAGT-1,3301
695,CTGCGGAAGGATCGCA-1,3301
696,ATCCACCAGTGGCACA-1,3301
697,TGAAAGATCGAAATCC-1,3301
698,CTACGTCCAGATTGTC-1,3301
699,GGCCGATTCGAGGTGA-1,3301
700,TTAGTTCAGACAAAGG-1,3301
701,CACATTTTCCTCTGTG-1,3301
702,TCCCGATGTGATCCTA-1,3301
703,TGGTTAGCACCAATGT-1,3301
704,CATGACATCTACAGTG-1,3301
705,ACTTACTCAACGAAAT-1,3301
706,AACTCCCCATTGAAAG-1,3301
707,ATCGAGTAGGGTTCCC-1,3301
708,CAGTAACTCGAGCGTC-1,3301
709,GCATGTAGTGGTCAGA-1,3301
710,AAGCCGCAGTATGACA-1,3301
711,CGGACTGCAACCCACG-1,3301
712,TCAGGTAAGTGATTGA-1,3301
713,CTAGCCTTCTAAGTGC-1,3301
714,TGGTTCCTCTTGTCCG-1,3301
715,CTGGTCTTCTATGCCC-1,3301
716,ATTATCCTCGAGTTGT-1,3301
717,GCACTCTAGTAACCCT-1,3301
718,TGCGCAGTCTGAGATC-1,3301
719,AGAGCGATCACACGGC-1,3301
720,GGAAAGCGTGCTCGAC-1,3301
721,ATCGAGTGTCGTCTTC-1,3301
722,CTAGAGTCAAGCACGA-1,3301
723,GTAACTGTCTCGAACA-1,3301
724,AGACGTTTCGAAGCGA-1,3301
725,CGTCAGGGTTGGAGCA-1,3301
726,ATGCGATGTAACGGCA-1,3301
727,CCATTCGTCGCGGACT-1,3301
728,AACTTTCCAATCGTCA-1,3301
729,CTGCGGACACAAACTC-1,3301
730,ATCATCTGTTGGTATC-1,3301
731,GCGCGATCATACTGCA-1,3301
732,GGGTTGCTCTATGCCC-1,3301
733,AGCTCTCGTCAAGTTC-1,3301
734,CAGAATCTCGGGTCAC-1,3301
735,TAAACCGCAAGTGCAG-1,3301
736,AACCATGTCATATCTC-1,3301
737,TAGTGGTGTCAATTCG-1,3301
738,AACTCTTCATGAGACG-1,3301
739,TATCTCACAGAGCTCC-1,3301
740,TCTATTGCATGCAGTT-1,3301
741,TTTATGCAGAAAGCTT-1,3301
742,AGCAGCCTCGCGAGAA-1,3301
743,ATCATGGAGACTCGGA-1,3301
744,CGAGAAGGTCATCTGA-1,3301
745,TACACGATCCTCAGTC-1,3301
746,AGCCTAAGTCGATACT-1,3301
747,GTATTCTCATGAGACG-1,3301
748,GTGTGCGTCCCACAAA-1,3301
749,CCTCAGTGTGCACTTA-1,3301
750,TCGGTAAAGGATCCTT-1,3301
751,TGTCCCACACGGCTGT-1,3301
752,GCACTCTAGCCAACAG-1,3301
753,TGACGGCCACCAGTGC-1,3301
754,ACTGATGGTAGCCCTG-1,3301
755,CTCACACCAAGAGACC-1,3301
756,CTGATAGAGAAGCCCA-1,3301
757,AAGGAGCTCCGTTCAC-1,3301
758,GGGTTGCTCGACTGCG-1,3301
759,CGAACATAGGTGTGGT-1,3301
760,GCACATAAGGGCATGT-1,3301
761,TAAGAGAGTGCTTAGT-1,3301
762,CAAGATCCACATCTAG-1,3301
763,ATCATGGGTACCAAGG-1,3301
764,GGAACTTGTCGTAATC-1,3301
765,GTCCTCACACACGTGC-1,3301
766,GTCTTCGCATTCTTGT-1,3301
767,CAGATCAAGGAGTAGA-1,3301
768,GGCTCGACAGTGCTCG-1,3301
769,CACAGGCAGAAGGTGA-1,3301
770,CTGATAGTCTCCACGT-1,3301
771,GTCCTCATCATCACTT-1,3301
772,TGTGGTAAGTAGGTGC-1,3301
773,ACTATCTTCAATCTTC-1,3301
774,TGCCCATTCAGAAACA-1,3301
775,TTTGTCAGTTGGAGCA-1,3301
776,CACCAGGGTACTCACA-1,3301
777,CGCCAAGTCTGATCAG-1,3301
778,TACACGATCCTGCGTT-1,3301
779,AAGGCAGAGTCGTCCG-1,3301
780,ACACCCTGTCACCGCA-1,3301
781,CGCCAAGGTCATCTAG-1,3301
782,GCCTCTAAGTGGTAGC-1,3301
783,ACTGTCCGTGGTAACG-1,3301
784,CCACGGAGTTTAGCAC-1,3301
785,CCTACCAGTCAGCCGT-1,3301
786,CGTCTACGTGTTCCGG-1,3301
787,CCGGGATAGGGTTTCT-1,3301
788,GCAATCACAGCGCATC-1,3301
789,GGACAAGTCGACCATA-1,3301
790,TCAGGTATCGATAGTC-1,3301
791,ACGGCCACACGGAATG-1,3301
792,CTCGGGACACTTGCAA-1,3301
793,TTAACTCCAATACTGC-1,3301
794,ATGTGTGAGTGAAGTT-1,3301
795,TGAGCCGGTCGTAATC-1,3301
796,GATCGATCAGTGAAAT-1,3301
797,GCTGCAGGTAGTAGTA-1,3301
798,TTGGAACCAACTAGTC-1,3301
799,TCCCGATCAGCGATGA-1,3301
800,CACCAGGAGTCGTGTT-1,3301
801,TCAATCTTCTAATGGC-1,3301
802,AGTAGTCCACGATCTA-1,3301
803,TTAGGACCATCTAAGC-1,3301
804,AAGTCTGTCGCACAGC-1,3301
805,CCAGCGAGTCAAGTTC-1,3301
806,TGCGGGTCAGCGTGTC-1,3301
807,GGCGTGTTCCAGACCG-1,3301
808,TGACAACGTGCGCTTG-1,3301
809,CGCTGGAAGACTGGGT-1,3301
810,GTCACGGAGCGATCCC-1,3301
811,AGTCTTTTCGAGCACC-1,3301
812,CGTCCATGTTCCACAA-1,3301
813,AGGGAGTGTCATGCTA-1,3301
814,GGATGTTAGCGTTGCC-1,3301
815,TCTCTAACAGAACAGC-1,3301
816,ACACTGAAGCAGTAGC-1,3301
817,CAGAATCGTCAAAGCG-1,3301
818,CGCGGTAAGTCTCGTA-1,3301
819,AACTGGTTCTAACGTG-1,3301
820,CAGATCAGTTCGCGTG-1,3301
821,GGTATTGTCGATAGGG-1,3301
822,GAATAAGCATCGTCAA-1,3301
823,CCGGTAGCAACGAAAT-1,3301
824,ACAGCCGGTCCAGCCA-1,3301
825,GTTAAGCCAGGCCGTT-1,3301
826,CAGCATAGTTTCCATT-1,3301
827,GCAGTTAAGAGGTACC-1,3301
828,ACATCAGTCTTGCTTA-1,3301
829,ACACTGACACACGCAC-1,3301
830,CCGTTCATCATCGCCT-1,3301
831,GTTTCTAAGAGTCTGG-1,3301
832,CTAATGGGTGGTACAG-1,3301
833,GGAACTTGTGCATGAG-1,3301
834,AGCTTGAGTTTACTCT-1,3301
835,GGCAATTCAGATATCC-1,3301
836,GGGTCTGAGAGCCACA-1,3301
837,GACCAATAGCGGATCA-1,3301
838,TACACGAGTTATCCGA-1,3301
839,TGCTACCAGGAAACTT-1,3301
840,CAGCCGAAGAAAGTGG-1,3301
841,TTGCGTCTCCAGGCGT-1,3301
842,ACCAGTAAGTCCCACG-1,3301
843,CGCTTCACAACTAGTC-1,3301
844,CAAGAAAGTTTCCATT-1,3301
845,GCAATCACACTCCCTA-1,3301
846,CAAGGCCTCTGGCAGC-1,3301
847,CGCGTTTAGACTGGCA-1,3301
848,CGATTGACATACTGCA-1,3301
849,GTACGTACAACCGCTG-1,3301
850,GTCCTCACAATTAAGG-1,3301
851,GAGGTGATCACTATGG-1,3301
852,GTCAAGTCACAGAAAT-1,3301
853,TTTGGTTAGACAGTTA-1,3301
854,CGGGTCATCTCCGGAG-1,3301
855,CTAGTGAAGATCCTGT-1,3301
856,TTAGGCATCCGTTAAG-1,3301
857,GACGTTAAGAGTACAT-1,3301
858,TGCGGGTTCGTTAGGT-1,3301
859,CGATTGACATGAATGA-1,3301
860,GGTGTTATCTTTCGTA-1,3301
861,TAAGCGTCACCTTGCT-1,3301
862,TGGCTGGAGGCAAAGA-1,3301
863,CTTACCGCAGCTATGT-1,3301
864,TTGGAACGTACTGTTG-1,3301
865,AGGGATGAGACCGATG-1,3301
866,GTTAAGCAGTCTCGTA-1,3301
867,CGGGTCAGTCCAGCCA-1,3301
868,GAGGTGAGTGTAAAGT-1,3301
869,TTTACTGTCTGGGATT-1,3301
870,CGGAGTCTCCTCGCTA-1,3301
871,CTGCTGTAGCAGTCTT-1,3301
872,ACGCCAGAGACGCACA-1,3301
873,CTACGTCCAGTCCGGT-1,3301
874,GGAATAACAAGTAAGT-1,3301
875,GGCTCGACACATTCAG-1,3301
876,CCTTACGCATCACTGA-1,3301
877,TAAGTGCTCGTGCCTT-1,3301
878,CTCTGGTTCTAACGTG-1,3301
879,GAATAAGCATTACAGC-1,3301
880,GTTAAGCGTGCTTCGG-1,3301
881,GATTCAGCAACCTCAA-1,3301
882,TGCGTGGAGATCTGAA-1,3301
883,TGCGCAGAGCTACCTA-1,3301
884,GAAACTCCATGGCTCG-1,3301
885,GGCGACTCAGAGGTCA-1,3301
886,CCGTTCACAACTCCGG-1,3301
887,GCTGCTTTCGAGTATC-1,3301
888,AAATGCCGTACCAACT-1,3301
889,GCGAGAACATCGGGCT-1,3301
890,AACACGTTCACAGCCG-1,3301
891,ACGAGCCGTAGACGAC-1,3301
892,TATTACCAGTGTCTCA-1,3301
893,GCTGGGTAGCGACGTA-1,3301
894,CGTTCTGCACGATCTA-1,3301
895,CATCGGGTCAGTGAAA-1,3301
896,GACTGCGTCATAGGAA-1,3301
897,ACGGGCTAGGTGTGCA-1,3301
898,TCGGGACAGGAGTACC-1,3301
899,CCACTACTCGGCTCAG-1,3301
900,TGACTTTGTTAGAGCG-1,3301
901,CTCGGAGTCCAACGTA-1,3301
902,CTAAGACTCATCTTTG-1,3301
903,GTAGTCACAACCTAGT-1,3301
904,GACAGAGCAGACACGA-1,3301
905,GTCTCGTAGGTGACCA-1,3301
906,CCTCAGTCATCATGGT-1,3301
907,TGCCCATGTACTCGCG-1,3301
908,GGGTCTGCAACACGTT-1,3301
909,TCGAGGCGTACCACTA-1,3301
910,GTGCTTCTCGTTAAGC-1,3301
911,TCAGATGCATAGGACG-1,3301
912,GCATGTATCAGGACAG-1,3301
913,GTCTTCGGTCTTACCC-1,3301
914,TGTCCCACATAGCACT-1,3301
915,TATCAGGTCTGTGGCG-1,3301
916,ACGCAGCAGCCCAATT-1,3301
917,CACAGTATCGAGGTGA-1,3301
918,CGCTTCAGTGCATGAG-1,3301
919,GATCTAGAGACTTCCA-1,3301
920,CAACTAGAGGCTAGGT-1,3301
921,GACCAATGTGTGTTCA-1,3301
922,TAGAGCTGTTCCCTAC-1,3301
923,ACGATGTTCCTCGCTA-1,3301
924,CACAGTAGTAACTGTC-1,3301
925,CATATTCAGAGCTTCT-1,3301
926,CCACTACGTCAACTCA-1,3301
927,GGGCATCCAGATCCCG-1,3301
928,ATAAGAGTCCTTGCAC-1,3301
929,GGCAATTTCTCTCTAA-1,3301
930,TACGGTACAACATAGA-1,3301
931,AAAGTAGGTACCATCA-1,3301
932,CAGCGACGTAAGATGT-1,3301
933,GTTAAGCCATCATGGT-1,3301
934,CATGGCGAGAGGTTAT-1,3301
935,GGGAGATCATGCAGTT-1,3301
936,TCATTACTCTCCACAC-1,3301
937,CTGAAGTCACCCTCTA-1,3301
938,TGCGTGGTCCTCAGTC-1,3301
939,CGCTTCATCGCGAGAA-1,3301
940,GATGAAACAACCGCTG-1,3301
941,ATCGAGTTCAGCCACG-1,3301
942,AACTCTTAGCGTCAAG-1,3301
943,CGAACATGTTGCCAAT-1,3301
944,CAGCAGCAGCTTTCAG-1,3301
945,TCAGGTATCAGTAAAG-1,3301
946,ATGGGAGTCCTACGAA-1,3301
947,CGTAGGCCATTCGTTT-1,3301
948,TCTCATAAGGTGACCA-1,3301
949,TGCGTGGGTGTCCGAC-1,3301
950,TTGACTTGTGGTTCTA-1,3301
951,CATATGGTCTATGCCC-1,3301
952,TTGCGTCCAAACGAGC-1,3301
953,TTAGGCACAACCTCAA-1,3301
954,AGTGGGAAGGATCCTT-1,3301
955,GTGCAGCAGCACCGCT-1,3301
956,TCTGAGAGTCAACTGT-1,3301
957,CCAGCGACAACAACTC-1,3301
958,CGAACATAGCTGTTCA-1,3301
959,TTCGAAGTCGCTCTAC-1,3301
960,TCATTTGGTACTCACA-1,3301
961,AACTCTTGTAGGGACT-1,3301
962,AACCATGAGGCTAGCA-1,3301
963,GCTGGGTGTCTTCGCT-1,3301
964,ACTGTCCCATGCGTGC-1,3301
965,GTATCTTCATGAGGCA-1,3301
966,ACAGCCGCAGTCCGCA-1,3301
967,AGAGCTTGTGGTCAGA-1,3301
968,ACGATACAGAGTCCTT-1,3301
969,GTCTCGTAGAGGTACC-1,3301
970,AGGCCACAGGACAGTC-1,3301
971,CCCATACTCCTCGCTA-1,3301
972,ACATACGGTCAACTCA-1,3301
973,GAGCAGAAGCTTCAGT-1,3301
974,CAACCTCCAGCGTGTC-1,3301
975,CACAGTATCTGAAGGG-1,3301
976,TACGGGCTCTCGTGGG-1,3301
977,TGAGAGGCACCTGCAG-1,3301
978,ATTATCCAGACTTGAA-1,3301
979,CGCCAAGCAATGTAGA-1,3301
980,AGGCCGTAGCGATTAA-1,3301
981,GGACGTCGTAAGAGAG-1,3301
982,CAAGGCCCATTGAAGA-1,3301
983,GTTTCTACAGCCAAAG-1,3301
984,CAGATCAGTGATGTTC-1,3301
985,GATGAGGAGGCTAGAC-1,3301
986,CTGGTCTGTTGGTGAG-1,3301
987,GACGTGCTCTATGCCC-1,3301
988,AAAGCAATCCTGATTT-1,3301
989,CAGCAGCGTCAAACTC-1,3301
990,TCTGGAATCTCATGTT-1,3301
991,CCTAGCTCATGAGGGT-1,3301
992,TTGAACGAGCACCGCT-1,3301
993,GATGCTATCTGACGCG-1,3301
994,GCTGCAGTCTCGAATG-1,3301
995,TGCGCAGCATACAGAA-1,3301
996,ACAGCCGAGCGGCTTC-1,3301
997,GGCCGATGTCCCGACA-1,3301
998,AATCCAGAGTCGTCCG-1,3301
999,CGAATGTGTGTGTTCA-1,3301
1000,ACGCCAGTCGCAGCAC-1,3301
1001,CAGAATCAGGCTAGCA-1,3301
1002,TACTTGTCACTTCTTA-1,3301
1003,CGCCAAGCACGCGATC-1,3301
1004,GGACGTCGTACCAGCC-1,3301
1005,TTTCCTCTCTTGCTTA-1,3301
1006,TTTACTGGTCAGAAGC-1,3301
1007,TGCGTGGTCTAGACAC-1,3301
1008,TTTACTGAGATCCTGT-1,3301
1009,AGCATACGTACTCGTA-1,3301
1010,TCGAGGCAGTCCATAC-1,3301
1011,GAATGAAGTCTCTCTG-1,3301
1012,AGCGGTCCAACGCGCT-1,3301
1013,GCATACACACTGCGCA-1,3301
1014,CGTGTAATCCACGATA-1,3301
1015,TGCGCAGGTTCGTAAC-1,3301
1016,GGCCGATAGGCCCGTT-1,3301
1017,ACGGGTCTCCCGAATA-1,3301
1018,CGTCACTCAGGCCGTT-1,3301
1019,AAACGGGAGTCTCCTC-1,3301
1020,CGAGAAGCAGAGGCTA-1,3301
1021,ACCAGTATCCACTAAG-1,3301
1022,CGTAGCGGTACGGTGA-1,3301
1023,TGACTTTCAACGCGTC-1,3301
1024,TTCTCAAAGTACGCGA-1,3301
1025,TTTCCTCAGTCGCCGT-1,3301
1026,GCGCCAATCTACGGCG-1,3301
1027,TATGCCCAGGACTGGT-1,3301
1028,CTAAGACCATTCTTCA-1,3301
1029,AACTCTTTCCGCGAGT-1,3301
1030,CAAGATCGTCACCTGG-1,3301
1031,CCTACACGTAAACAGT-1,3301
1032,CAAGTTGGTTGGGACA-1,3301
1033,AAAGTAGTCCAGGCAC-1,3301
1034,GCAGTTAGTAGACCAG-1,3301
1035,CTCACACAGAAACCAT-1,3301
1036,AAACGGGAGAATCGTA-1,3301
1037,CCTTTCTAGTTTCTGG-1,3301
1038,GAGTCCGTCCTACGAA-1,3301
1039,TAAGAGATCGATACAC-1,3301
1040,GATCGCGTCACTCATT-1,3301
1041,ATCATCTGTTCAAGGG-1,3301
1042,AGATTGCAGACAGTTA-1,3301
1043,CCAGCGACAATAACAG-1,3301
1044,AGAGTGGGTTGAACAA-1,3301
1045,TATGCCCTCGAGTATC-1,3301
1046,CACAAACGTCCTACCT-1,3301
1047,CGTCAGGTCCTACTCG-1,3301
1048,GCGAGAAAGTCCCGAC-1,3301
1049,TTGAACGCACAAGGAC-1,3301
1050,ATCATCTCACGCACGT-1,3301
1051,CTAGAGTTCATCAGCA-1,3301
1052,GCGCAACGTCTGCGCA-1,3301
1053,GATCGTAAGTTAGGGC-1,3301
1054,GGACAAGGTCACGCAC-1,3301
1055,AGAGTGGAGTCTCCTC-1,3301
1056,GGGCACTCATGTTGCA-1,3301
1057,CTACATTGTGTCAACT-1,3301
1058,CTTGGCTTCCTCTGCA-1,3301
1059,CGTTAGACACCCACAG-1,3301
1060,CTGATAGCATCGGTCG-1,3301
1061,GGTGTTACAGTAGGGT-1,3301
1062,ACAGCTAGTTAAGCCT-1,3301
1063,ACGGCCACACAAACTC-1,3301
1064,CACACTCTCACCACGG-1,3301
1065,GTTAAGCAGGGAAACA-1,3301
1066,TATGCCCTCGTTGCTC-1,3301
1067,TAAGCGTGTGTTCGAT-1,3301
1068,TGACTTTAGGCTGCTC-1,3301
1069,GCTCCTAGTTACGCGC-1,3301
1070,TTCCCAGGTTCGAGCC-1,3301
1071,GGGATGAAGTACGACG-1,3301
1072,TATTACCCAGCGCTTG-1,3301
1073,GGATTACAGAAGATTC-1,3301
1074,AGGTCATTCTGTGGCG-1,3301
1075,TAGGCATCACTTTCCG-1,3301
1076,ATTGGTGAGTCAAGGC-1,3301
1077,GGCAATTTCAGGGACA-1,3301
1078,GATGCTATCCACCTTG-1,3301
1079,CTGAAGTGTCATGCTA-1,3301
1080,GTAGGCCGTCATCCAA-1,3301
1081,CGGTTAAAGCGTGAAC-1,3301
1082,CACCAGGTCTTCACGC-1,3301
1083,GAAATGAAGCAGCCTC-1,3301
1084,GAACATCAGCTTCAGT-1,3301
1085,AGCAGCCTCGAGAATA-1,3301
1086,TTTGTCATCACTCATT-1,3301
1087,GATGAAATCTAATGGC-1,3301
1088,GTCAAGTTCTGGTGAT-1,3301
1089,CCTTACGGTAAGAGAG-1,3301
1090,AAACGGGAGCAGATCG-1,3301
1091,CTGAAGTCATGAGGCA-1,3301
1092,GGATGTTAGAAACCAT-1,3301
1093,ACGGCCATCGAGCACC-1,3301
1094,ATCATGGTCGATTGCA-1,3301
1095,ACTTGTTAGTGCTGCC-1,3301
1096,GGGTCTGCATAGGACG-1,3301
1097,TTCGAAGGTATGTACC-1,3301
1098,CATGCCTCAAACTCAC-1,3301
1099,TAGAGCTAGTGTTTGC-1,3301
1100,TCTCTAAAGGCAGTCA-1,3301
1101,CGCGTTTTCTACCGAA-1,3301
1102,CTCAGAAAGCTTTGGT-1,3301
1103,ATTATCCGTTTCCATT-1,3301
1104,TCACAAGCATCTTTCA-1,3301
1105,TGCCAAATCATGACCA-1,3301
1106,GAACGGAGTGATTGGG-1,3301
1107,ATCATGGCAGAGCTCC-1,3301
1108,TCTTCGGAGTTGGCTT-1,3301
1109,CCGTGGACAGAGGCAT-1,3301
1110,TAGTTGGGTTTGTCTT-1,3301
1111,AGGGAGTGTCGGGAAT-1,3301
1112,TCGCGAGGTCAAGTCT-1,3301
1113,ACCGTAAGTGCCTGGT-1,3301
1114,AGGCCGTCATGGAGAC-1,3301
1115,GGTATTGCAGCGTCAC-1,3301
1116,TCAGCAATCCGTCTAC-1,3301
1117,GAATAAGGTACAGGAC-1,3301
1118,GATCAGTCATTCGTTT-1,3301
1119,CTAAGACAGGCTAGGT-1,3301
1120,ACCGTAAAGACAAGCC-1,3301
1121,TCTCATACAGACTTGT-1,3301
1122,ACGATACGTTGGAACG-1,3301
1123,AGTTGGTTCCAGGTTA-1,3301
1124,GCGACCATCTCATCTA-1,3301
1125,CAACCTCAGGTGATTA-1,3301
1126,CAAGGCCGTAGATAGT-1,3301
1127,GGATTACGTACTGCTA-1,3301
1128,TGGTTCCTCCTCTCAG-1,3301
1129,AAATGCCAGTGGAGAA-1,3301
1130,ACTGTCCAGGCCCTCA-1,3301
1131,GATGAGGCAAGACTTC-1,3301
1132,GAGGTGATCTTAAGGC-1,3301
1133,CATGGCGAGCATGAGC-1,3301
1134,CCTTACGGTTGCAGCC-1,3301
1135,GCACATATCCGCGGAT-1,3301
1136,GACCAATTCAGACACT-1,3301
1137,CAGTAACTCCGCGACA-1,3301
1138,GGTATTGGTTTGGGCC-1,3301
1139,TCGAGGCCATGCCGGT-1,3301
1140,TCTTCGGCAGAGGCTA-1,3301
1141,ATGGGAGAGCAAATCA-1,3301
1142,GCGAGAATCAACTGCA-1,3301
1143,CTAACTTTCCCGGACA-1,3301
1144,CAAGGCCAGCTGAACG-1,3301
1145,GGTATTGCATTCAGTG-1,3301
1146,ATAACGCTCCAAAGAA-1,3301
1147,CAACTAGGTCAGTGGA-1,3301
1148,TGGGCGTAGGTGTAGC-1,3301
1149,ACTTGTTTCTGGGATT-1,3301
1150,AGATCTGCACGATCTA-1,3301
1151,TGAGAGGAGCGCGATA-1,3301
1152,GTGCTTCCAACCCTGG-1,3301
1153,TAGTGGTTCCGTCTAC-1,3301
1154,GGCTGGTCACATCGAT-1,3301
1155,TAAGTGCTCATCAGCA-1,3301
1156,AACTCAGGTCCGCAAC-1,3301
1157,TACAGTGAGGTGCACA-1,3301
1158,CGGCTAGCAATTCACG-1,3301
1159,GTGCATAGTTGCCACG-1,3301
1160,TACGGGCAGTTAACGA-1,3301
1161,CGAGCACCAGTCCGCA-1,3301
1162,TGTCCCACACGTGCGT-1,3301
1163,CGACCTTAGCTGAACG-1,3301
1164,CGACCTTTCGTTGGAT-1,3301
1165,CGAGCACGTCAACATC-1,3301
1166,CCTATTAGTCTTCGTC-1,3301
1167,CGTAGCGTCCAACGAT-1,3301
1168,CACAAACGTACCTTGA-1,3301
1169,GTACTCCCACCCGTGA-1,3301
1170,CACTCCAAGCCAGAAC-1,3301
1171,CCTTCCCCAGGAGCAT-1,3301
1172,CTGCGGATCGATCCGG-1,3301
1173,GTCACGGAGGACAGAA-1,3301
1174,CCGTTCAGTACGTCAT-1,3301
1175,GCGCCAAGTAACGGCA-1,3301
1176,TTCTTAGTCTTAAGGC-1,3301
1177,GTCTTCGGTTTCGCAA-1,3301
1178,GTTTCTAGTTAGCTCA-1,3301
1179,GCATGCGAGCGTTGCC-1,3301
1180,GCTGCAGGTGGTAACG-1,3301
1181,CTAGTGATCTCCACAC-1,3301
1182,CATCGGGAGAGGGCTT-1,3301
1183,GTATTCTTCCCTGAGG-1,3301
1184,ATTTCTGTCTGGGCAC-1,3301
1185,TGAGAGGAGCTTTGGT-1,3301
1186,TCGGTAAGTCGCGTAC-1,3301
1187,CATTATCAGAAGGACA-1,3301
1188,CTGCCTACACGGGATA-1,3301
1189,CGGAGCTTCGTTGCTC-1,3301
1190,TAAGAGAGTGTTCCGG-1,3301
1191,AGCTCTCTCGCGCACA-1,3301
1192,CTTGGCTCATGGCTCG-1,3301
1193,AAACCTGAGCTGAAAT-1,3301
1194,GAGGTGAGTCTAACGT-1,3301
1195,CTTACCGAGGCGTTGA-1,3301
1196,CACCACTCATAGAGCG-1,3301
1197,CGTAGGCCACGTACAT-1,3301
1198,ACGCAGCTCGATACAC-1,3301
1199,AGGGTGACAAAGGGTC-1,3301
1200,GATTCAGAGCGTGAAC-1,3301
1201,AGCTCCTTCGAAATCC-1,3301
1202,CGACTTCTCAACTGCA-1,3301
1203,TGAGGGAGTCGGGAAT-1,3301
1204,GTTCTCGAGAGAACAG-1,3301
1205,TCACAAGAGGGATACC-1,3301
1206,CCACCTATCATCACTT-1,3301
1207,TCAGATGCAGAGGCTA-1,3301
1208,TACTCATTCTATGCAG-1,3301
1209,TGCACCTGTCTGCGCA-1,3301
1210,ATCATGGCAGCTCATA-1,3301
1211,CGGACGTGTTGGAGCA-1,3301
1212,CTCAGAACAAACGGGT-1,3301
1213,AACTCAGGTCATACTG-1,3301
1214,CTCGTCAAGGCAAAGA-1,3301
1215,CCTTCGAAGGACGAAA-1,3301
1216,TCAGCTCCACGTAGGA-1,3301
1217,TCATTTGGTAGGCTGA-1,3301
1218,TTGGCAATCACTGCGG-1,3301
1219,AGCTCCTAGATGTCTC-1,3301
1220,TAGGCATAGAGTAGCC-1,3301
1221,CGCCAAGCAATGGCTT-1,3301
1222,GACCAATGTCTCTCTG-1,3301
1223,CAAGTTGGTGGTCAGA-1,3301
1224,GGTGCGTAGATCTGCT-1,3301
1225,GTTTCTAAGCTATGCT-1,3301
1226,CCGGGATCAGAGATCG-1,3301
1227,GAATAAGCACGGAGTA-1,3301
1228,AATCGGTTCAAAGCGG-1,3301
1229,TAGTGGTCAAGTACAA-1,3301
1230,CGGCTAGGTTCCCACT-1,3301
1231,AAAGCAATCCTCTCAG-1,3301
1232,GTTACAGGTCATCTAG-1,3301
1233,ACTTTCATCGAGTACT-1,3301
1234,GCATGATCAGAGACGT-1,3301
1235,AAAGTAGGTCTCTCGT-1,3301
1236,CGGAGTCTCATTTGCT-1,3301
1237,AATCGGTTCCGCACGA-1,3301
1238,ATAACGCCAACAACTC-1,3301
1239,CAAGATCGTCAACTCA-1,3301
1240,GCATGTACACCGGCAT-1,3301
1241,AGCGGTCCATGAGGCA-1,3301
1242,TCTTTCCGTTTGGGCC-1,3301
1243,TGAAAGAAGTTTGGCT-1,3301
1244,ACACTGAAGACAGACC-1,3301
1245,CGTGAGCTCCTTGCAC-1,3301
1246,CATATTCCATTCTTCA-1,3301
1247,GTAACTGGTGAGCGAT-1,3301
1248,TCCCGATAGTCGACTT-1,1468
1249,TGATTTCGTCATACTG-1,1553
1250,GATGCTATCCTTATTG-1,1008
1251,CATGACAGTGCTATTG-1,3318
1252,ACCTTTACACCAATGT-1,3318
1253,TCACAAGCATTCCGAA-1,3318
1254,GGAGCAACACGTGCGT-1,3318
1255,TGACTTTTCCACCCAT-1,3318
1256,CATTATCAGAATTGTG-1,522
1257,CCCAGTTCAGACTTGT-1,3316
1258,CACCTTGTCAGCCTGG-1,3316
1259,CGTAGGCCAGTTATGC-1,3316
1260,TTTGTCAAGATCCTGT-1,3316
1261,AACACGTCATAGTGTC-1,3316
1262,CTACATTAGATAGTCA-1,3316
1263,CTTTGCGTCAGATTCG-1,3336
1264,GGATTACTCCCGGACA-1,3336
1265,ATCATGGAGGTGTAGC-1,3336
1268,CACCTTGAGAAACGCC-1,3346
1270,CTGGTCTCAGACTTGT-1,3346
1272,TCAGCTCTCAGCGCGT-1,3346
1274,ATCTGCCCAGCACACC-1,3346
1275,TCGGGACGTGTCTGTA-1,3346
1276,AGCTTGACATGAGACG-1,3346
1278,CTAGCCTAGTTTCTGG-1,3346
1279,ACGGGCTAGAATGGGA-1,3346
1281,CAGCTGGCATGAGACG-1,3346
1282,CCTAAAGAGGGATTCG-1,3346
1283,TTTATGCTCCGAAGCC-1,3346
1284,GGGCATCAGTTTCTGG-1,3346
1285,CATATTCTCGTAGCGC-1,3346
1286,TATCAGGAGCGCTCAC-1,3346
1287,ATCATGGCAGAACAGC-1,3346
1288,CGGAGCTTCGGAATGG-1,3346
1289,CACAGTATCATGGGCC-1,3346
1290,ACACCCTCACTCTGGG-1,3346
1291,TGTATTCTCAAGCCGC-1,3346
1292,CGGAGTCAGCTTTGGT-1,3346
1293,TGTTCCGGTTACGGCC-1,3346
1296,CGAACATGTGATTGGG-1,3346
1297,CTAGTGACATAGGTCT-1,3346
1298,GCTCTGTGTACTAGGG-1,3346
1299,CGCTGGACAAGTACAA-1,3346
1300,TCGCGAGAGGGTAACC-1,3346
1301,ATCACGAAGCAGTACG-1,3346
1302,TGTGGTATCGTTATTC-1,3346
1303,ATAAGAGTCTGATGGT-1,3346
1304,CATATTCAGCTAACTC-1,3346
1305,CGTCCATGTTGATCGT-1,3346
1306,CATCAGAAGAAGCCCA-1,3346
1307,TTGGAACGTATGTACC-1,3346
1308,CGTTCTGCAAGGCCCT-1,3346
1309,GGGATGAAGTACGTTC-1,3346
1310,TGCGCAGTCACGTAGT-1,3346
1311,CCCAGTTCAAGTGTTC-1,3346
1312,TCTGAGAGTACCAAGG-1,3346
1313,GGCTGGTTCATATCTC-1,3346
1314,ACAGCCGGTCGTAATC-1,3346
1315,CCCTCCTGTTGAAGGC-1,3346
1316,CTAATGGAGTGATGGC-1,3346
1318,ATTGGTGTCCTTCGCA-1,3346
1319,TCTCTAAAGAGATGAG-1,3346
1320,TTCTCAAGTAAGAAGG-1,3346
1321,ACGAGCCTCTATTGCT-1,3346
1322,ACGAGGAGTCGCTCAG-1,3346
1323,CATTATCTCATCTTTG-1,3346
1324,TTTACTGTCTGCGGGT-1,3346
1325,CACACAAGTTCCCTAC-1,3346
1326,CACATTTAGGGCATGT-1,3346
1327,TACTCGCAGGACACCA-1,3346
1328,GTATCTTTCGCTATTT-1,3346
1329,TGGGCGTGTACGTTTG-1,3346
1330,TATTACCTCTCATGTT-1,3346
1331,TCTTTCCAGTAGTATG-1,3346
1332,GATGAGGCATATGTGC-1,3346
1333,GTGTGCGAGTGTACCT-1,3346
1335,CGATCGGCAATGGGAC-1,3356
1338,CCATTCGAGTAGATCA-1,3376
1339,CTCGAAAAGAGTACAT-1,3376
1340,AGCAGCCGTCGCGTCA-1,3374
1342,AAACCTGAGACTTGAA-1,3374
1343,GCGGGTTCATCATGGT-1,3374
1344,GAACGGATCAATCTTC-1,3374
1345,ACGAGGAAGCGTCAAG-1,3374
1348,TGGACGCAGTACGTAA-1,3374
1349,ACGCCGAGTACTGTTG-1,3374
1350,TCTCATAGTGGCAACA-1,3374
1351,CCGGGATTCCCACAAA-1,3374
1352,TTCGAAGAGCAGGTCA-1,3374
1353,ATCTGCCTCGATCCGG-1,3374
1354,CGTAGCGAGAATGTGT-1,3374
1356,CTGATCCGTATGCGGA-1,3374
1357,CATCAAGTCCACTTAT-1,3374
1358,GCCAAATAGTAGTATG-1,3374
1359,TTCCCAGGTAGACGAC-1,3374
1360,ATCTACTTCGTTGGAT-1,3374
1362,AATCGGTAGTCAAGCG-1,3374
1363,GTGGGTCCACCCAAAT-1,3374
1364,TGTGTTTTCAGCATAC-1,3374
1365,CGTTAGAGTACCAGTT-1,3374
1366,TAGACCAGTACTAGGG-1,3374
1367,TACTCATCATCCTGGG-1,3374
1369,CGTTGGGCAGTTATGC-1,3374
1370,CGTCAGGAGGCAAAGA-1,3374
1371,GCCAAATGTTCGATAC-1,3374
1372,GTGCAGCCAGCTTGAT-1,3374
1373,ATAACGCAGCAATCTC-1,3374
1374,GTATCTTGTGGAAACC-1,3374
1375,GTATTCTAGTGTGAAT-1,3374
1376,AACTCCCGTAGATCCT-1,3374
1377,GTAACTGCATTCTTCA-1,3374
1378,TAAGAGAGTTGAACTC-1,3374
1379,GATGAGGCAACTCATG-1,3374
1380,GTAACGTCAGCCCGAT-1,3374
1381,ATTATCCAGGCAGGTT-1,3374
1382,TGGACGCCACACCTAA-1,3374
1383,GCAATCAAGGGATGGG-1,3374
1384,GAAACTCAGGCTCAGA-1,3374
1385,TTTACTGGTGGAGCTA-1,3374
1386,ACGCAGCGTGATTTGC-1,3374
1387,TAAGCGTGTCTAGCGC-1,3374
1389,AACTCCCGTATGCGGA-1,3374
1390,GACCTGGGTGGCGTCT-1,3374
1391,GATGCTATCTGTATGG-1,3374
1392,CGGACGTAGCTTAGAA-1,3374
1393,CTCATTACACTTGTTT-1,3374
1394,TTTGCGCGTGCTTTCC-1,3374
1395,AGTAGTCCATCGGTCG-1,3374
1396,CCTCAGTTCCACTTCG-1,3374
1397,CGATGTACAGCGATGA-1,3374
1399,CCATTCGTCTGCTGAA-1,3374
1400,CATTATCTCATTTGCT-1,3374
1401,GGAGCAATCGACAACT-1,3374
1402,CCTCAGTTCCCGAATA-1,3374
1403,GTAACTGGTACGCGAA-1,3374
1404,ATAACGCAGGGAGTAA-1,3374
1406,ATGCGATTCCACCCAT-1,3374
1407,ATTGGACCAGGTGTGA-1,3374
1408,ATGGGAGCAAGTGAGC-1,3374
1409,ATTGGACCAACAGAGC-1,3374
1410,CTCTACGGTACCAAGG-1,3374
1411,TCTTCGGAGACAGTTA-1,3374
1412,GCCAAATCACGGGATA-1,3374
1413,TAAGTGCAGTGTGATA-1,3374
1414,CCTCTGACAGCCAAAG-1,3374
1415,GGGATGAAGCACAGGT-1,3374
1416,CGTCAGGCATTGTCTT-1,3374
1417,GTCAAGTCATGTTTCT-1,3374
1418,GAACATCTCTCGGAAT-1,3374
1419,TGCTACCAGGGTTCGA-1,3374
1420,CAGCTGGTCAGTACAC-1,3374
1421,GTACGTAGTCATGCCG-1,3374
1422,AGGTCCGGTGATTTGC-1,3374
1423,CGGCTAGCACCGGCAT-1,3374
1424,TGGGAAGGTTTGCCTC-1,3374
1425,TCACGAACAGGGAAGG-1,3374
1426,ACACCAACAACCTCAA-1,3374
1427,TCAGGTAAGGGAGTAA-1,3374
1428,ACTGAACTCCTACCTG-1,3374
1429,TCGTAGATCGCGAGAA-1,3374
1430,GGGAGATTCTGTATTC-1,3374
1431,CGAGAAGCAGAAAGCC-1,3374
1432,GAATAAGGTTGAAGGC-1,3374
1433,TTTGGTTCATCCTGGG-1,3374
1434,GACCAATCAGTCCGCA-1,3374
1435,CAGCAGCCACAATCAC-1,3374
1436,TGACAACAGCGCGATA-1,3374
1437,TGCGCAGAGCAGAGAA-1,3374
1438,CCACGGATCAACTGCA-1,3374
1439,TGGCGCACAATGGCTT-1,3374
1440,GCAATCACACGCACCA-1,3374
1441,TCGGTAAGTGGTGCAA-1,3374
1442,TATTACCGTGATCCTA-1,3374
1443,CACATTTCAATTAAGG-1,3374
1444,CGGCTAGAGCTTAGAA-1,3374
1445,GCCTCTACAAGTAAGT-1,3374
1446,CGAGAAGCAACGACTT-1,3374
1447,ACTTACTGTCCGCAGT-1,3374
1448,ACGAGGAAGGATCGCA-1,3374
1449,CTCGAGGAGTTTCCTT-1,3374
1450,GATGAGGTCTACCGAA-1,3374
1451,CTTAACTTCTGACGCG-1,3374
1452,CCTATTATCCAAAGAA-1,3374
1453,ACGAGCCGTCTCGAGC-1,3374
1454,TCTTTCCCAGTTGCCG-1,3374
1455,GGCCGATCATTTCGTT-1,3374
1456,TGCTGCTCAACATCAC-1,3374
1457,CTCTAATTCCGCCTTA-1,3374
1458,GCATACAAGCACAGGT-1,3374
1459,AACTCCCTCATCTCCG-1,3374
1460,CAACCTCGTTAAGCCT-1,3374
1461,GCGACCAGTGTTTCAG-1,3374
1462,CTCACACTCTTTCGTA-1,3374
1463,GGAAAGCCAACGACTT-1,3374
1464,TCGTACCTCATCGCGG-1,3374
1465,TCAATCTGTAGACCAG-1,3374
1466,CTGCCTATCTACAGCA-1,3374
1467,GCACTCTGTAAGTAAC-1,3374
1468,CTACCCATCTAAGTGC-1,3374
1469,TACGGTACAGCCCGAT-1,3374
1470,TAGACCACACACACGC-1,3374
1471,CAGCGACTCCTGACAA-1,3374
1472,CTACCCACAGCTTGAT-1,3374
1473,CGATTGATCGCTAGTA-1,3374
1474,CATTCGCTCGGAATGG-1,3374
1475,TGAGCCGTCTCATGTT-1,3374
1476,CCCAGTTAGAATTGTG-1,3374
1477,AGGGAGTAGCGATATA-1,3374
1478,GTCCTCACAACAGCCC-1,3374
1479,GTCTCGTCAAACGGGT-1,3374
1480,TACTTACCACAGCTGC-1,3374
1481,TCCACACAGCCAGAAC-1,3374
1482,CAGTCCTTCCTGCGTT-1,3374
1483,GTAGTCACACTTGTTT-1,3374
1484,AAACGGGAGGTAAGTT-1,3374
1485,TCACGAATCCAGGTTA-1,3374
1486,AATCGGTTCATCGGTA-1,3374
1487,TCTGAGAAGTACTTGC-1,3374
1488,CGAACATCATCCAGGC-1,3374
1489,TGGTTCCGTCGCTGTG-1,3374
1490,TCGTACCGTATTCGCA-1,3374
1491,CACCAGGTCTACATGG-1,3374
1492,CTCGAGGAGAAACCCG-1,3374
1493,CTGCCTACAAATCGCT-1,3374
1494,CTTACCGCAACAACTC-1,3374
1495,ATGGGAGCACATTGGT-1,3374
1496,GCACTCTGTGTTCGAT-1,3374
1497,GGACATTTCAGGACAG-1,3374
1498,TAGCCGGCAACGGGAT-1,3374
1499,CTAATGGAGCTGTTCA-1,3374
1500,CGTAGGCCACAGACCC-1,3374
1501,GAATAAGAGGGATTCG-1,3374
1502,AAGACCTCAGCCCGAT-1,3374
1503,CTAAGACTCTCATCCG-1,3374
1504,AGCTCTCCAGGATCCC-1,3374
1505,CATGACACAACGCCGT-1,3374
1506,CAGTAACCATATCGCA-1,3374
1507,TGCGTGGTCGTACGCG-1,3374
1508,AGCATACTCTGCACAA-1,3374
1509,GATCGCGTCATTCGCC-1,3374
1510,CGGCTAGTCGACAACT-1,3374
1511,AGGCCGTCAGAAGAAG-1,3374
1512,GGCGTGTCATACCAGT-1,3374
1513,CGTTAGAGTAATATGG-1,3374
1514,CTTGGCTAGCATCTTG-1,3374
1515,ATAGACCGTTGAACTC-1,3374
1516,CTTAGGACATCGTCAA-1,3374
1517,GGAGCAAAGTGATCGG-1,3374
1518,GTGCGGTGTACCAACT-1,3374
1519,CAAGGCCAGTACGACG-1,3374
1520,TACCTTAAGCATTCAC-1,3374
1521,AACTGGTTCAGAGTAA-1,3374
1522,CCTACACAGCCAAACG-1,3374
1523,GCACATAAGCCCAGCT-1,3374
1524,GATCAGTCATCCTGGG-1,3374
1525,ACTGATGCAGCGCCAT-1,3374
1526,TGCACCTGTACGTCAT-1,3374
1527,ACGATGTTCAAAGTGA-1,3374
1528,CTCGGGAGTCCTTGGG-1,3374
1529,GACGCGTAGCGCGTCT-1,3374
1530,GGCCGATCAGCGCCAT-1,3374
1531,CATGCCTGTCTAGGGA-1,3374
1532,ATCATCTGTATCTCTT-1,3374
1533,TAAGTGCTCGCGATGC-1,3374
1534,ATTCTACTCGAGTACT-1,3374
1535,GGTGCGTGTCGGCATC-1,3374
1536,AGGGAGTCATTGAAAG-1,3374
1537,ATCACGAGTAGTGACG-1,3374
1538,CCGTTCAGTCATGCCG-1,3374
1539,GGTGCGTTCCACTTCG-1,3374
1540,AGGGATGGTATGTAGA-1,3374
1541,GTGCAGCTCTCGTCTG-1,3374
1542,CCGTACTCAAAGGGTC-1,3374
1543,CACATAGCAAATGATG-1,3374
1544,CTGAAGTAGAGAACAG-1,3374
1545,GTACTTTCAGAGACGT-1,3374
1546,CAGAGAGCAATCTCTT-1,3374
1547,TCAGCTCGTTGCCACG-1,3374
1548,GAAGCAGTCGAGTTGT-1,3374
1549,GCACTCTGTCTTCGTC-1,3374
1550,AAGGCAGAGAGGTACC-1,3374
1551,CAGCAGCCATCCAGGC-1,3374
1552,TGTGGTAAGAGACTAT-1,3374
1553,TTTACTGAGCAGACTG-1,3374
1554,ATTGGTGGTCGCCAAC-1,3374
1555,CTGCCTAGTTAGCTCA-1,3374
1556,CGTGTAATCGAATGTC-1,3374
1557,CGGACTGTCGATACAC-1,3374
1558,CAGAATCAGCTAAGAT-1,3374
1559,CTACATTCACGTATGT-1,3374
1560,CGATCGGAGGCTCTTA-1,3374
1561,CGTGTAAGTTGGGACA-1,3374
1562,ATTGGACTCCAACGAT-1,3374
1563,CAGCCGAAGTACGACG-1,3374
1564,ATTTCTGTCAAGAAAC-1,3389
1565,CGGACTGCAAGAATCA-1,3389
1567,ATAACGCAGTGTTTGC-1,3389
1569,AAAGATGCACTCATGA-1,3389
1570,AGACGTTTCGGTAAGG-1,3389
1573,GCGGGTTAGGGATTCG-1,3389
1574,CTGTGCTTCGATAAGA-1,3389
1575,GATGAGGGTCGCGTCA-1,3389
1576,TCGGTAAAGCAGCCTC-1,3389
1577,AGTCTTTTCCGACGTG-1,3389
1578,TGAGCATTCTGGCAGC-1,3389
1580,GTCGGGTGTCTCCACT-1,3389
1581,CTCGTACGTAAGTGTA-1,3389
1582,CACAGGCAGCATTCAC-1,3389
1583,GAGTCCGTCCCGAATA-1,3389
1584,CGTTGGGTCCGCGACA-1,3389
1586,ACTGATGCAGACGAAC-1,3389
1587,CCTTACGGTTGATCTG-1,3389
1588,ACGGGCTCAACAGTGG-1,3389
1589,TATCAGGCAGCGCCAT-1,3389
1590,GCTCCTAAGCATGGCA-1,3389
1591,TACCTTAGTCGGCATC-1,3389
1592,TGGCCAGCACAGAGCA-1,3389
1593,ATAAGAGCAGACAGTG-1,3389
1594,CGAATGTAGAGGGCTT-1,3389
1595,TAGTGGTGTAGTGGCA-1,3389
1596,TCGTACCCAGATCCCG-1,3389
1597,AGAGTGGCACTTGTTT-1,3389
1598,TACTCGCAGAAGCCCA-1,3389
1599,TCGTACCTCGGGTCCA-1,3389
1600,CACATAGTCCCGAATA-1,3389
1601,CTGCGGAAGACCACGA-1,3389
1602,CCACGGACAGGTTAAA-1,3389
1603,CAGCGACTCCGTATTT-1,3389
1604,TTGTAGGTCGACCCTT-1,3389
1605,TTTGTCAGTAGTGGCA-1,3389
1606,AGGCCGTCACTCTCTG-1,3389
1607,AGGTCCGTCGCTATTT-1,3389
1608,CGTAGCGAGCTAAGAT-1,3389
1609,GTCCTCAGTGGATAAT-1,3389
1610,GTAACTGTCAGCGTCG-1,3389
1611,AGGCCACCATCTCAAG-1,3389
1612,GGATTACAGGCAGTCA-1,3389
1613,ATCATCTGTACGTAAA-1,3389
1614,GCACATAAGACCTTTG-1,3389
1615,CCTAAAGTCATAGGAA-1,3389
1616,CCTTCGAGTCTGCGCA-1,3389
1617,TACTCATAGCGTAATA-1,3389
1618,TGGCGCAGTCCTCGGA-1,3389
1619,ACAGCTAGTGGCCTGT-1,3389
1620,AGAATAGGTACCAGTT-1,3389
1621,CTAGAGTAGGCTACGA-1,3389
1622,CCTATTACAGCCAGTC-1,3389
1623,GAGGTGACATGAATGA-1,3389
1624,AACCATGTCCTCGACT-1,3389
1625,TCAGGTACACCGAACC-1,3389
1626,GTCATTTAGACTAAGT-1,3389
1627,ATGTGTGTCAGTAAAG-1,3389
1628,CAGCGACCATTACGCA-1,3389
1629,GTCTTCGTCACGATAC-1,3389
1630,TAGTTGGGTGCTTCCT-1,3389
1631,GTCACGGAGATGCGAC-1,3389
1632,TGAGCATAGCACCGCT-1,3389
1633,TTGCGTCCATGGCACC-1,3389
1634,CCTTTCTTCCTTATTG-1,3389
1635,GTTCTCGTCTCGAGCG-1,3389
1636,ATCGAGTAGTGAAGAG-1,3389
1637,CCGGTAGCAGCCCATG-1,3389
1638,AGCATACCACACCTAA-1,3389
1639,GCTGCTTGTAGAATAC-1,3389
1640,CCTACACGTCTGGGCT-1,3389
1641,GGGAGATGTAGGATAT-1,3389
1642,GATCAGTTCCGCTGAG-1,3389
1644,ACTGCTCTCTACAAGC-1,3389
1645,CAAGATCAGTGGAGAA-1,3389
1646,CCGGGATTCCCAAAGT-1,3389
1647,CGTTCTGAGATATGCA-1,3389
1648,CCGGGATAGTGTCCAT-1,3389
1649,GCGCCAACAAAGGGTC-1,3389
1650,TTGTAGGCATAGTGAA-1,3389
1651,ATTGGTGGTCCCTGGA-1,3389
1652,GCTGCGATCAGGACAG-1,3389
1653,GATGCTATCAGCCCGA-1,3389
1654,CCGTGGAGTGATGTTC-1,3389
1655,CTGTTTACATATGTGC-1,3389
1657,CACACAAGTACAGGAC-1,3389
1658,GGGTCTGGTCTTACCC-1,3389
1659,GTATCTTGTTTCCATT-1,3389
1660,ACTTTCAAGTCTAGCT-1,3389
1661,CACATAGGTTCCGTCT-1,3389
1662,TATCAGGGTACGTTCA-1,3389
1663,AAAGATGCAATGGTAA-1,3389
1664,TCGTAGAGTCCCACAG-1,3389
1665,CGTCTACAGCAGTACG-1,3389
1666,GACTAACGTGCAGGTA-1,3389
1667,TGAGCATGTCCGGGTT-1,3389
1668,CACACCTGTGCTTCCT-1,3389
1669,TCAGGTAAGTGGGTAC-1,3389
1670,CTCGAAACATTGAAAG-1,3389
1671,GATGAAACAGAGGCAT-1,3389
1672,TTCTACATCTACATGG-1,3389
1673,CTTTGCGGTCATACTG-1,3389
1674,ATGAGGGGTAGTAGTA-1,3389
1675,CAGCAGCTCTGAAGGG-1,3389
1676,CAGCTAAGTTAAGATG-1,3389
1677,CACATTTAGCAGGCTA-1,3389
1678,GTGCTTCCATACTGCA-1,3389
1679,CGCTATCCATCTCGAA-1,3389
1680,TCTCATACACAAGGAC-1,3389
1681,CAGTCCTTCCTACCTG-1,3389
1682,AGCGTATTCTAACGTG-1,3389
1683,GCGCGATGTCCGAAGA-1,3389
1685,GTACGTAAGCAAATCA-1,3389
1686,GGATTACCACTGCGCA-1,3389
1687,GTTAAGCTCTCGAGCG-1,3389
1689,AAATGCCAGCGTGTGA-1,3383
1692,AGACGTTCACGTCGGT-1,3383
1693,TGCGGGTCAAGAGAGA-1,3383
1694,CTGCCTAGTCGACGCT-1,863
