,barcode,group
2,TAAGCGTTCCTTCGCA-1,1121
3,CTCGGAGAGAGTCCTT-1,1121
4,TGGGCGTCACACCTAA-1,1121
7,AGAATAGCAAGAGAGA-1,1121
8,TCGGTAACAACGCTTA-1,1121
10,GGCAATTTCTCGTCTG-1,1121
11,TGCTGCTGTGATATGA-1,1121
12,CATGACAGTTAAGCCT-1,1121
13,CTCCTAGTCCGAAGCC-1,1121
14,AGTGTCACACGGCTGT-1,1121
16,ATCATGGAGCGATCCC-1,1121
19,CGAGAAGCAACTAGTC-1,1105
20,CTGAAGTCATTCGTTT-1,1105
21,GACGTTAGTAATGACA-1,1105
24,CGACCTTGTAGCTAAA-1,1105
25,ATTGGTGGTGAAAGAG-1,1105
26,GACAGAGAGTGGGTTG-1,1105
27,GTACTCCAGTTACGGG-1,1105
28,CTCTGGTGTAAGAGAG-1,1105
30,AACCGCGCACGGAATG-1,1105
31,AAATGCCGTCTGCCAG-1,1105
32,CGGAGTCAGCTAAGAT-1,1105
33,ACAGCCGTCTTGCGAA-1,1105
34,GGATGTTCACACTCGG-1,1105
35,AGGCCGTTCTAGCTAG-1,1105
36,TTTGCGCAGAGCTTCT-1,1105
37,AAGGAGCCAATCCGTA-1,1105
39,TGCACCTGTAGACCAG-1,1105
40,GGGTTGCAGATCGGGT-1,1105
41,TGTGTTTCACGTACAT-1,1105
43,CAGTCCTGTTCGGTGC-1,1105
44,TGGCTGGCATCATGCA-1,1105
45,CTCTAATAGTAACCCT-1,1092
46,GCATACAGTCTTCGCT-1,1092
47,GCAATCACACTTGAGT-1,1092
48,AAGGTTCGTTCGATTG-1,1092
49,TTGGAACAGGAAACTT-1,1092
52,TGTGGTACAGCATGTT-1,1092
54,TGAAAGACAACGACTT-1,1092
55,CAGTAACAGTAGATCA-1,1092
56,GAATGAAAGTGGTTAA-1,1092
57,ACTTTCACAATGGCAG-1,1092
58,AGTGAGGTCGCTATGA-1,1092
59,CAGGTGCGTAAAGTCA-1,1092
60,CCAATCCTCATTGCTT-1,1092
61,GACTACAGTGCTTTCC-1,1092
62,TCCACACTCAGGTGAG-1,1092
63,CGCGTTTTCTGCCGTT-1,1092
64,GATCTAGCAACAGTGG-1,1092
65,CGATCGGGTCAGTGGA-1,1092
66,CGAGAAGCACACGTGC-1,1092
67,TACCTTATCAGTGCCG-1,1092
68,GAAGCAGAGTGGTAAT-1,1092
69,ACCCACTTCCAAAGAA-1,1092
70,CGTCCATAGGCCATAG-1,1092
71,CAAGTTGGTGGAAACC-1,1092
72,GATGCTAGTTAACCAC-1,1092
73,CGTCACTAGGTAGCCA-1,1092
76,CTCCTAGTCTAGCCTC-1,1092
77,GCAGCCATCTACGGCG-1,1092
78,GTACTTTTCATAGGAA-1,1092
79,GTTACAGAGGTATCGG-1,1092
80,TTGAACGCAACATCAC-1,1092
81,GCACATAAGGTGTGTG-1,1092
82,GTATTCTCACAAGGAC-1,1092
83,ATTACTCGTAATGACA-1,1092
84,GTAGGCCAGCGATGAC-1,1092
85,CTGCTGTAGAAAGCTT-1,1092
86,CTTACCGCACTCACCT-1,1092
88,CATTATCCATCTCGAA-1,1092
89,GGGATGACAGTGCTCG-1,1092
90,TATCAGGTCGTGCTAA-1,1092
91,CCTACCAGTTTACGGT-1,1092
92,GCTTCCAGTTGACCCG-1,1092
94,ACCTTTAGTTCGGTGC-1,1092
95,GATTCAGAGAAGGACA-1,1092
97,TCAGCTCAGTAGTGCG-1,1092
99,CCTACCACACGAGCTC-1,1092
100,GTAACGTGTACTCGTA-1,1092
101,CGCGGTAAGGCATATA-1,1092
102,CTCCTAGAGTACGCGA-1,1092
103,AAGCCGCCACTCACCT-1,1092
104,TGTATTCCACGACGCT-1,1092
105,AGTGTCAGTTGGGACA-1,1092
106,TCTTTCCGTGGCGTCT-1,1092
107,GCATGCGAGCCCGTGT-1,1092
108,GCTCCTAGTGCCTACG-1,1092
109,GTGTTAGTCCTATGAG-1,1092
110,CATATGGAGGGCATGT-1,1092
111,CATGCCTGTCGGATGA-1,1092
112,GGCTGGTCAGACGAAC-1,1092
113,TCACAAGGTCTCTCGT-1,1092
114,GGGTTGCCACGGGATA-1,1092
116,ATCTACTAGGCAAAGA-1,1092
117,CCTTTCTTCAGATTCG-1,1092
120,AGGTCCGGTAGGGTGT-1,1092
122,TGGCTGGCAAGGCCCT-1,1092
123,ACGAGCCAGTCCAGGA-1,1092
124,GGCGACTCAGGCCGTT-1,1092
126,GACTACAAGACACGAC-1,1092
127,ATAAGAGAGCCACGTC-1,1092
128,TCATTTGCAAATACGA-1,1092
129,TTCTACAGTAACAGCG-1,1058
130,TGGCGCAGTTCGCGTG-1,1058
131,TGGCTGGCAACCTGGC-1,1058
136,TAGACCAGTTAAGTAG-1,1058
137,CTCGGGAGTTCTTCGC-1,1063
138,CTGATCCGTGGTCAGA-1,1063
139,CTAGTGACACGATCTA-1,1063
141,GAACATCTCGTTGGAT-1,1063
142,TCAGATGAGCCGGTAA-1,1063
143,CAGCAGCTCGGAAGAC-1,1063
146,CTCCTAGAGGAATGGA-1,1063
147,CGTTGGGGTCTAGCGC-1,1063
149,GGTGCGTTCAGATGTC-1,1063
150,ACACCCTGTAACAATG-1,1063
153,CAACCTCCACAACTTG-1,1063
154,TGGCTGGGTTTGGCGC-1,1063
155,CAGCTAATCGAGTTGT-1,1063
156,GACTACACAGTTCCGG-1,1063
157,AAATGCCAGCAGACTG-1,1063
158,ATCGAGTTCTTAGCTT-1,1063
159,AGAATAGCAACACTTG-1,1063
160,AGTGGGATCTCCATGC-1,1063
161,GCGCAACGTGCCTGGT-1,1063
162,CCTACACTCTAGCAGT-1,1063
163,CGTCCATGTCCCTTGT-1,1063
164,GAAACTCAGCTAGCCC-1,1063
165,ACACTGAGTTACGCGC-1,1063
166,CGCTATCAGAGGGCTT-1,1063
168,TACTTGTGTGACCTGC-1,1063
169,ACGGAGAAGGTGCTAG-1,1063
170,AGGTCATAGCGATCCC-1,1063
171,CACACAAAGTCACGCC-1,1063
172,CACACTCTCCCGTTGT-1,1063
173,CGTTGGGCAATGGTAA-1,1063
174,CCTTTCTCAGTTTGCA-1,1063
175,TACTTGTGTGATTGGG-1,1063
177,CTCACACGTGGTAAGC-1,1063
178,CGCTTCACACTCTGGG-1,1063
180,CCCATACTCGACAATC-1,1063
181,CCGTTCACAGATGAAT-1,1063
182,TGACTAGCACCTTGCT-1,1063
184,CATTATCAGCTAGTTC-1,1063
185,CAAGTTGAGGTGCACA-1,1063
187,GCTGCAGCAAAGTAAC-1,1063
188,GCTGCGAGTAACTTCG-1,1063
189,GGGAGATCAACCGCTG-1,1063
190,CATGACAAGATACACA-1,1063
191,TGAGGGAGTCGATACT-1,1063
192,TTTGCGCGTGACGGTA-1,1063
193,GGGATGAGTGGTGAGT-1,1063
195,TTCTTAGGTTTCCATT-1,1063
196,CGTGTAAAGACTAGAT-1,1063
198,AGAGTGGGTCGATACT-1,1063
199,GTAGGCCTCTTCACAT-1,1063
200,GTACGTAGTTCAAGAA-1,1063
201,CTCGAGGCAGTACCTA-1,1063
202,GTCATTTCAAAGCGCA-1,1063
203,GCAGTTAAGAGGGCTT-1,1063
204,CATCGAAAGCAGGCTA-1,1063
206,AATCCAGTCGGGTCCA-1,1063
209,CCTCTGATCCGTTAAG-1,1063
210,TTCTCCTGTATCTCTT-1,1063
213,CTCGGAGAGGATATAC-1,1063
214,GGCGTGTCACATCGAT-1,1063
215,TCACGAATCAGCCTGG-1,1063
216,TCTTCGGTCGAGTACT-1,1063
217,TTTGTCAAGCCAGGAT-1,1063
218,GTAGTCATCAGAGCGA-1,1063
219,ATCATGGTCTATGGTG-1,1063
220,CACCTTGCATTTGCGA-1,1063
221,CCACTACAGAGTAGCC-1,1063
224,TAAGAGAAGCAAAGTT-1,1063
225,AAGGTTCCATGGCACC-1,1063
227,GGGAGATCACTAAGGG-1,1063
228,TACTTACTCCTACCTG-1,1063
229,TCACGAACACCTCCAT-1,1063
230,CCTTACGAGTCGCGTC-1,1063
231,CCTTCCCTCGAACAAA-1,1063
232,ACATACGTCTACAGCA-1,1063
233,CGGAGTCGTCTGCGCA-1,1063
236,GCATGATCACACTCGG-1,1063
237,GGCTCGATCATGACCA-1,1063
238,CACATTTAGAAGATTC-1,1063
239,CTCGTCATCGAAATCC-1,1063
240,GAACCTAAGCTATCAC-1,1063
241,TTTGGTTAGAGGACGG-1,1063
243,TATCTCAAGGGAGTAA-1,1079
244,CAAGATCGTCATGGCC-1,1079
245,GTTCATTGTTAGTCAC-1,1079
246,CGAGCACTCGAAAGGC-1,1079
247,GACCTGGTCTCAGTTT-1,1079
248,GTAGGCCCATCTTTCA-1,1079
249,TCGTACCAGCATGGCA-1,1079
250,CCGTACTGTACATGAA-1,1079
251,CGTTGGGGTTCAGGTT-1,1079
252,TTTACTGCACTCTCTG-1,1079
253,CAAGGCCAGTCCCGAC-1,1079
254,CTTCTCTAGCGTCGAA-1,1079
255,ATTTCTGCAGAACCAG-1,1079
256,TTTCCTCCACGATGGA-1,1079
257,GTGCATATCCTGACAA-1,1093
260,GCGCGATCACATAAAG-1,1093
261,AAGTCTGAGTGTTGAA-1,1093
262,ATTCTACCACGTATGT-1,1093
263,GGCTCGATCTTGTCCG-1,1093
264,TACCTATTCACTACAG-1,1093
265,GAACATCAGTGGTAAT-1,1093
266,AGTGAGGGTGGCAAAC-1,1093
267,CAGGTGCGTATGCGGA-1,1093
268,TACTTACAGTCTCCTC-1,1093
269,TACAGTGAGCCAGTAG-1,1093
270,AACTGGTCAGTGTAGG-1,1093
271,CCGTGGAGTTGGGACA-1,1093
272,CTCTGGTTCGTAAGGG-1,1093
273,CCCATACTCAGCGCGT-1,1093
274,CAGTCCTCAAATCAGA-1,1093
275,CATCAGAGTAATCAGA-1,1093
276,CTAACTTTCACGTATG-1,1093
277,CACACTCAGGTATCGG-1,1093
278,GACGCGTCAACTCACA-1,1093
279,GATCTAGAGTCAAGCG-1,1093
280,ACCCACTTCACACTAG-1,1093
281,GTGCAGCTCTAACGTG-1,1093
282,CGAGCACAGCTCCTTC-1,1093
284,AGCAGCCAGGCTAGAC-1,1093
285,GTGCAGCCACTTCTTA-1,1093
286,TCACGAAAGAGTAGCC-1,1093
287,CACAGGCGTAACGGCA-1,1093
288,GAATAAGTCTGATGGT-1,1093
289,CACCTTGAGTGAACAT-1,1093
290,GTAACGTAGATCACTC-1,1093
291,CTACCCATCCTCTGTG-1,1093
292,CTGCCTACAACCTGGC-1,1093
293,TGGCTGGAGTGTATCC-1,1093
294,AACTTTCTCACACTAG-1,1093
295,CGTCTACAGAGAACAG-1,1093
296,ATGGGAGCATAGAGCG-1,1093
297,CTGGTCTGTCAAGCAG-1,1093
298,CGGGTCAAGTGACATA-1,1093
301,CATCAAGAGCTAAGAT-1,1093
302,GGCTGGTAGGTGTTAA-1,1093
303,TCGAGGCCACTAAGGG-1,1093
304,TCACGAACAATCGTCA-1,1093
305,GCTGCAGCATCGGTCG-1,1093
306,GAATGAATCGATAAGA-1,1093
307,CCATTCGCATTGCATG-1,1093
308,CGACTTCAGCTGCCCA-1,1093
309,TACCTTAGTGCTCTGG-1,1093
310,CAAGATCTCTAAGACC-1,1093
311,GTATCTTTCATATCTC-1,1093
312,CGGACACCAAGGTGAC-1,1093
313,CCCAATCCACATAAAG-1,1093
315,TGGACGCGTGCCATTA-1,1093
317,GTACTTTCAAATCGCT-1,1093
319,ACGGGTCCATCCCTTG-1,1093
320,ACAGCCGGTGCGAACA-1,1093
321,ATCCGAATCCGTTCAC-1,1093
322,AATCGGTTCTACAGTG-1,1093
323,GTGCATATCTCGAACA-1,1093
324,GGCCGATTCTAGCCTC-1,1093
325,TTCGAAGGTCTAGGTT-1,1093
326,ATTGGTGGTACCGTCG-1,1090
327,GACCTGGAGATACACA-1,1090
329,CTACATTGTAATGACA-1,1090
332,AGGTCATCACGATCTA-1,1107
334,CAGGTGCCACTTCAGA-1,1107
335,GATGCTATCTACGGAT-1,1107
336,CATCGAATCTCATCTA-1,1107
337,TAAGAGAGTGGCGTCT-1,1107
338,CTCGGGAAGCGTTGCC-1,1107
339,CGCCAAGAGGCATTGG-1,1107
340,TTTATGCAGAGTCCTT-1,1107
341,CTACATTAGTCGAGTG-1,1107
342,AAGTCTGCAACACGTT-1,1107
343,CGACCTTGTTAAGATG-1,1107
344,GTATTCTCAAGGTATA-1,1107
345,GGTGAAGCATTCAGTG-1,1107
346,CGTTAGAAGGTGTAGC-1,1107
347,ATAGACCAGTACGACG-1,1107
348,GCATGCGGTGCGTCAC-1,1107
349,CTGATCCCACGCGATC-1,1107
350,CAAGGCCAGCGATTCT-1,1107
351,GATCGTATCAAGACAA-1,1107
352,GGACATTGTAGACCAG-1,1107
353,ACGCCAGAGGTGACCA-1,1107
355,TGGGAAGTCAGCCTGG-1,1107
356,GCTGCTTCAGTAGAAT-1,1107
357,GTTCATTTCCGCTCTA-1,1107
358,ATCTACTTCACGCGAC-1,1107
359,CGAGCCAAGCAGTAGC-1,1107
360,ATCTGCCTCTTGCTTA-1,1107
361,TCATTTGCATGAGGGT-1,1107
362,GTGCGGTAGTACGCGA-1,1107
363,CGGCTAGAGAATGTGT-1,1107
364,TGTGGTATCTACAAGC-1,1107
365,ATTTCTGTCTTAGCTT-1,1107
366,CGAGCACGTGGCAACA-1,1107
367,GGAACTTGTGTCTGTA-1,1107
368,AGTCTTTAGAAGGTGA-1,1107
369,ACGATGTGTAACGGCA-1,1107
370,AGGGAGTGTCGCAAGA-1,1107
372,GAACATCAGGCATTGG-1,1107
373,TCACAAGTCGATGGTT-1,1107
374,TGTATTCTCACTGCGG-1,1107
375,GATGAGGCATGGAGAC-1,1107
376,GTCGGGTCACAGCTGC-1,1107
377,CGCTTCAAGTAGCCGA-1,1107
378,TGACTAGGTTGGAGCA-1,1107
379,CATGACACATCTGTAG-1,1107
380,GTCACGGAGCGATATA-1,1107
381,TTTGCGCCACTCTCTG-1,556
382,AGTAGTCGTTTGTCAG-1,1061
384,CTTCTCTCACACGTGC-1,284
385,GACAGAGCATTGGTCA-1,303
386,CAGGTGCCAATGTGTC-1,906
387,AAAGATGCATACGGAG-1,906
388,AAGCCGCCACGATAGG-1,906
389,CCATTCGGTTGAGCAG-1,906
390,TCAGGATAGCGACGTA-1,906
391,ATCCACCCAGTACTCA-1,906
392,GGAGCAACAATTCACG-1,906
394,TGACGGCTCTCCTGGT-1,906
395,GGATGTTTCGCTGAAT-1,906
396,GGCCGATCAACCTCAA-1,906
397,TGAGCCGGTTTGGCTA-1,906
398,GGCTCGATCCTTCGTG-1,906
399,AGCGTATCACCGGCAT-1,906
400,ACATGGTAGTTAGCGG-1,906
401,AGGTCATGTGACCCGT-1,906
402,CCACCTAAGAAGCCCA-1,906
405,TGGACGCGTGCACACC-1,906
406,TTAGGACGTCGGCATC-1,906
407,TAAGAGAAGATGTCTC-1,906
408,TAGTGGTCAGGATCCC-1,906
409,AGCGTATTCTGATCAG-1,906
410,TGAGCATCACTTTCCG-1,906
411,TACCTTACAACTCCGG-1,906
412,TTGACTTCAGAACCAG-1,906
413,TACGGGCCACCAGTGC-1,906
414,ACTTACTTCCTCAGCT-1,906
415,TCAGATGCACGCACGT-1,906
416,CTACACCAGTGACATA-1,906
417,GCGAGAAAGCGATATA-1,906
418,CACAGTAAGTACGATA-1,906
419,TCAATCTAGGTACTCT-1,906
420,TGTTCCGCATGATAAG-1,906
421,GGATTACCAATCGTCA-1,906
422,TTATGCTAGGCAGTCA-1,906
423,CACACAACATTCATCT-1,906
424,CACATAGAGCCTAACT-1,906
425,CTGTTTAGTTTGGCGC-1,906
426,ATCGAGTTCAGTGTGT-1,906
427,CATCGAAGTGGTCAGA-1,906
428,ACTTGTTAGGGTTCCC-1,906
429,TACTTACGTTTACTTC-1,906
430,TCAGGATCATCCCTTG-1,906
431,GATCGTACAGGAGCAT-1,906
432,TGGTTAGGTGCCTACG-1,906
433,ACCCACTGTACCACTA-1,906
434,TGACGGCTCGTGTGGC-1,906
435,TCGTAGATCTCATACT-1,906
436,TGGCTGGAGTCGCCGT-1,906
437,ACTGCTCCAGCGCATC-1,906
438,AACTCTTCACGTCGGT-1,906
439,TGGGCGTAGATTCACC-1,906
440,CGGGTCAAGCTCAACT-1,906
441,GCATACAGTTTCCTGC-1,906
442,AGCTTGAAGCGTCTAT-1,906
443,CTTGGCTCATCCCAAA-1,906
444,GAACGGATCAAGACAA-1,906
445,CTGGTCTCAAAGGTTA-1,906
446,GGGAGATGTCGCCAAC-1,906
447,AAGACCTTCATTTGCT-1,906
448,GTCCTCACATCAGGGA-1,906
449,GCGCCAACAGAACAGC-1,906
450,GGATTACAGTTAGGGC-1,906
451,CTCAGAAGTGCTTCCT-1,906
452,GATCGATTCACACCTC-1,906
453,CTCTGGTAGCAGTAGC-1,906
454,TTGAACGAGTGAAGTT-1,906
455,TTTGTCACAAGACGAC-1,906
456,CGCCAAGTCTAGCAGT-1,906
457,GTACTCCGTCCAGCCA-1,906
458,CGATTGAAGTTTGGCT-1,906
459,TGTGTTTGTCAATTCG-1,906
460,CGAGAAGCAACCCACG-1,906
461,ACACCGGAGTCTAGCT-1,906
462,GATGAGGGTTTGTCTT-1,906
463,TTAGGCATCGGTCACG-1,906
464,ATTGGTGTCTGCACAA-1,906
465,GCAGCCATCCAAACCA-1,906
466,ATCCACCTCGGATGCC-1,906
467,CTCATTAAGGCTAGAC-1,906
468,GCTCTGTGTACAAGGC-1,906
469,ATGCGATAGGGTCTCC-1,906
470,ACACTGACAATGGCAG-1,906
471,GTATCTTGTCAGTGGA-1,906
472,TCTCATATCCGCTGAG-1,906
473,GTATTCTGTCCTACCT-1,906
474,GCGCCAATCTTCCGAC-1,906
475,GGTGAAGCAACCTGGC-1,906
476,GCTCCTAGTCGCGTAC-1,906
477,AGGCCGTGTCGCGCTA-1,906
478,ATCGAGTGTATGCGGA-1,906
479,GGAGCAAAGGCAACAC-1,906
480,AGCGTATTCAGGACAG-1,906
481,CGGACTGCAAGAACTA-1,906
483,AACTTTCGTTCGTCAA-1,906
484,ATTGGACCACAGCTAT-1,906
485,CCGTACTCAACTTTCT-1,906
486,GATCTAGAGAAGGTGA-1,906
487,CACCACTGTCGCGCTA-1,906
488,CGTAGCGCATGGCTAT-1,906
489,CACACTCGTGTGTTCA-1,906
490,TGCCCTACATAGAGGC-1,906
491,CGGACACAGTATGACA-1,906
492,TATGCCCAGCGTGTGA-1,906
493,TGAGCATCAGCATGTT-1,501
494,TTTGTCAGTTCGCGTG-1,894
496,GCTGCTTGTGCTCGAC-1,894
497,GACGCGTTCTCGAATG-1,942
498,GCGAGAATCTATTGCT-1,942
499,GTAACGTAGGAGTAGA-1,942
500,CATATTCTCTCGAGCG-1,942
501,ACGGAGACACTACGTA-1,942
502,CATCGGGGTAAGATGT-1,942
503,AGGTCCGCACAACTTG-1,942
504,CGATTGAGTTGCACTA-1,942
505,AAAGATGCAGCAGATG-1,942
506,TAAGCGTGTGTTTCAG-1,942
507,GTACGTAAGACCTTTG-1,942
508,CGACCTTGTTCTGTCC-1,942
509,TAAGAGAAGGCTAGGT-1,942
510,ACGCCAGAGCGTGTGA-1,942
511,CGTCCATTCCAAAGAA-1,942
512,TCTGGAAGTCACCAGC-1,942
513,CCACCTACACCTATGA-1,942
514,TCGAGGCTCTAAGGAA-1,942
515,CAAGTTGGTCGTGAAG-1,942
516,TTCGAAGTCAGATGTC-1,942
517,CTACACCCAGCGCTTG-1,942
518,TGACGGCAGGCTAGTG-1,942
519,GGACAAGCATTTCGTT-1,942
520,TCAGATGAGTCTCGTA-1,942
521,TTTATGCCATGTATGC-1,942
522,ATTTCTGGTTCAGTGT-1,942
523,GCGGGTTGTGGACGTA-1,942
524,AGTTGGTTCTTTCGCG-1,942
525,CTACGTCGTACCACTA-1,942
526,ATCATCTGTACCGTCG-1,942
527,AACTTTCTCTTCACAT-1,942
528,TTGCCGTGTACCGTCG-1,942
529,GTAACTGTCGGTAAGG-1,942
530,CCTTCGATCGAGGTGA-1,942
531,TAGTGGTAGCGTCTAT-1,942
532,GATCTAGGTCGAGTAG-1,320
533,ACCCACTTCGTGCTAA-1,958
534,TGGCCAGAGGCTCTTA-1,958
535,ATGGGAGCACGGAATG-1,99
536,CTAATGGGTAGACGAC-1,995
537,GCATGCGCAACGGCTC-1,995
538,GCATGATCATCCACGG-1,995
539,GTAGGCCGTTAAGCCT-1,995
540,CAGGTGCAGGTATCGG-1,995
541,TAGACCACACGTCGGT-1,995
542,AGGGTGAGTTGCAGCC-1,995
543,GGATGTTAGTCCCGAC-1,995
544,CGGACTGGTCATGTTG-1,919
545,TTGGAACCAAGTCGGA-1,919
546,CTAGAGTAGAGCTATA-1,919
547,CTCGAGGTCTCCAGCT-1,919
548,GGAGCAAGTCTTCGCT-1,366
549,CCACGGAAGATCTGCT-1,1027
550,CAGAGAGGTCTCGGCA-1,1027
551,TAGTGGTTCCGTGCTT-1,1027
552,CGACTTCTCTCATCCG-1,1027
553,GTACGTAGTGGGAAGG-1,1027
554,CCAATCCAGACTTTCG-1,164
555,TTGACTTAGTGGTAAT-1,545
