,barcode,group
0,GCAGCCAGTTAGAATG-1,1774
3,CATCAAGTCCTATGAG-1,1759
4,GGCTCGATCGGAAGAC-1,1759
5,ACGAGGAAGTGACTCT-1,74
6,GGCTGGTAGATCTGCT-1,601
7,AAACGGGCAAGGTCGA-1,1742
8,AACGTTGAGGCAGGTT-1,1742
9,GGCGTGTCAGACGAGT-1,1726
10,TGTATTCAGGGATTTA-1,1726
11,GACGTTATCTCTAGTT-1,502
12,AGCGTATGTCTCTTTA-1,1519
13,TGGCGCAAGTGATGAT-1,1519
14,CACCAGGTCTGTATTC-1,1705
15,CTCAGAACAGGTACGA-1,1705
16,AAGACCTCAGCATGTT-1,1705
17,TACACGACATCTCAAG-1,1705
18,GCGCAGTGTAGTTGGG-1,1705
19,ATTGGACAGTAATCCC-1,1705
20,CTCGTACGTTCGCGTG-1,1705
21,TCAGCAAAGTCTCGTA-1,1705
22,CATCAGACAGACACAG-1,1705
23,ATGAGGGCAAATTCCG-1,1705
24,GGATTACAGGCTAGAC-1,1705
25,CAACCTCGTAGGATAT-1,1705
26,TTCGAAGGTCACCTGG-1,1705
27,AGGCCGTCATCGCACG-1,1705
28,CTCTAATGTGCGGTAA-1,1705
29,GTATCTTCAGTACTCA-1,1705
30,ACTGATGCAAGAGAGA-1,1705
31,CAGCTAATCCGGTTCT-1,1705
32,TGACTAGTCGAGTTGT-1,1705
33,GACACGCAGGCTAGTG-1,1705
34,CCCATACTCCATTTGT-1,1705
35,GGTGCGTGTCGCTTCT-1,1705
36,CAACCTCGTAACGGCA-1,1705
37,TCACGAAGTGATCCTA-1,1705
38,TACCTATTCGATAGTC-1,1705
39,AAGGAGCCAGCTATGT-1,1705
40,GTAGGCCGTCATGCTA-1,1705
41,CCCAATCCAGGTCCCA-1,1705
42,GTGCAGCTCCTCAGTC-1,1705
43,TGAGCCGTCCCAAGCG-1,1705
44,AGGCCGTTCTATTGCT-1,1705
45,GAACATCAGGTCGGAT-1,1705
46,TATGCCCTCGAGAATA-1,1705
47,CGTCAGGGTTAAGCCT-1,1705
48,TGAGCCGAGGGCTTCC-1,1705
49,GCTGCGATCCGACCAG-1,1705
50,TGAGCCGAGCGATTCT-1,1705
51,TTCTTAGTCCACGATA-1,1705
52,GGATTACAGGACAGCT-1,1705
53,ACGGAGACATCCACGG-1,1705
54,TCGCGAGTCAGTACCA-1,1705
55,GACTGCGAGTCCCACG-1,1705
56,ACTGCTCTCCAGGCGT-1,1705
57,CAGCAGCAGACAAAGG-1,1705
58,GAATGAAGTAGGCTGA-1,1705
59,CCTATTACAGGTTAAA-1,1705
60,TTAGGACCATATCGTG-1,1705
61,AACCATGAGACTTGAA-1,1705
62,ATTTCTGGTCCATGAT-1,1705
63,ACAGCCGCACCTGCAG-1,1705
64,GCGACCATCTCGAATG-1,1705
65,GTCTCGTGTACCTTGA-1,1705
66,CCACGGAAGACAAGCC-1,1705
67,ACACCCTAGGGTCTCC-1,1705
68,ACATCAGAGCCAAACG-1,1705
69,TGACAACGTAGTTGGG-1,1705
70,TGAGAGGAGGATCCTT-1,1705
71,CCTTACGTCGTATCCC-1,1705
72,TTCTCCTGTCACGCAC-1,1705
73,CGTGTCTCACCCAAAT-1,1705
74,GTAACTGAGCGTCTAT-1,1705
75,GAGCAGAGTTAAACGA-1,1705
76,CGCGTTTAGATATGCA-1,1705
77,ACTGAGTAGGCATATA-1,1705
78,CAGGTGCCAGCACACC-1,1705
79,AACTCAGAGACTAAGT-1,1705
80,ACGGGCTCAGCCCATG-1,1705
81,TCATTACCAACGACTT-1,1705
82,CCCATACTCCGGTTCT-1,1705
83,GGGATGACAACCGCTG-1,1705
84,TTATGCTCATTTCGTT-1,1705
85,CGTCACTTCTATGCAG-1,1705
86,GTACTTTGTAGTCAAA-1,1705
87,ACTGAACGTACTAGGG-1,1705
88,AGATTGCAGGCATTGG-1,1705
89,AAGGCAGGTTTGCCTC-1,1705
90,GTTTCTACACGGCTGT-1,1705
91,GGGTCTGTCAAAGCGG-1,1705
92,CAAGATCAGAGTAATC-1,1705
93,GTTAAGCAGGATCGCA-1,1705
94,CCTTCGAGTCCGCAGT-1,1705
95,GCGAGAAGTATGTACC-1,1705
96,CGAGCCACAGTGGATG-1,1705
97,GACTGCGGTCCCTTGT-1,1705
98,ACACCAAGTGGAGCTA-1,1705
99,CAACTAGGTTAACCTG-1,1705
100,TACCTTATCAGAGTCT-1,1705
101,TGCTGCTGTTTCCGAA-1,1705
102,GTGCGGTTCCTTCGTG-1,1705
103,AGCTTGATCCGTAATG-1,1705
104,CGGCTAGTCCTCTCAG-1,1705
105,TGCCCATTCGTTCGGG-1,1705
106,ATTCTACCATCCACGG-1,1705
107,CTCTAATGTAGACGAC-1,1705
108,TCACGAATCATTGCTT-1,1705
109,GACGTTATCGGGTCAC-1,1705
110,GAAATGAGTCCCTGGA-1,1705
111,GCATGCGAGGCGACAT-1,1705
112,ACTGATGCACGCACGT-1,1705
113,TAGGCATGTCAAGTTC-1,1705
114,AAGCCGCTCTGGAGTT-1,1705
115,CAGATCAGTGGTACAG-1,1705
116,ACGCCGAGTAATGACA-1,1705
117,TAGTTGGTCCACCGGA-1,1705
118,AAATGCCGTGACCAAG-1,1705
119,CTTAACTGTCACCTGG-1,1705
120,GATGAGGGTCCATGAT-1,1705
121,CATGGCGTCGGGCTTG-1,1705
122,AGCTTGAAGGGTGTTG-1,1705
123,TGTTCCGCAACACTTG-1,1705
124,TAAGAGAGTTCAAGGG-1,1705
125,AATCGGTTCCGTATTT-1,1705
126,GGGTCTGGTCTAGGTT-1,1705
127,GACAGAGGTAGAATAC-1,1705
128,TTTGGTTTCTCCACAC-1,1705
129,CAAGTTGTCGGAGAAC-1,1705
130,TGAGGGACATGTAGCT-1,1705
131,ATCTACTAGGCTATCT-1,1705
132,GTTCTCGGTTCTGTCC-1,1705
133,ACACCAACAAGGGATC-1,1705
134,AACTCAGAGCAGTAGC-1,1705
135,CATGACAGTTCAGGTT-1,1705
136,TGTGGTAAGAAAGCTT-1,1705
137,AGGTCATCACCTTGCT-1,1705
138,CCGGTAGTCTCATCTA-1,1705
139,CTCTGGTCATACTGCA-1,1705
140,CGAGAAGAGACCCACC-1,1705
141,ATTGGTGTCAAGTTGC-1,1705
142,GTGCGGTAGCAACGGT-1,1705
143,AAGGAGCCAACCCACG-1,1705
144,TAGAGCTCACCTCCAT-1,1705
145,GCATACAAGCTTTGGT-1,1705
146,GCTTCCACAAATCAGA-1,1705
147,GGATGTTGTAGACCAG-1,1705
148,ATTACTCGTCCAGTGC-1,1705
149,TCAACGAGTCATGTTG-1,1705
150,AGTGTCATCTACGGGC-1,1705
151,GGACAGAGTGCAACCC-1,1705
152,ACACCCTTCGGGTCAC-1,1705
153,AGATCTGCAGTAGGGT-1,1705
154,AGCTCCTGTGATTGTC-1,1705
155,CTGATAGAGCCTAACT-1,1705
156,TAGACCAGTCACCTGG-1,1705
157,CATCAAGAGCGCGATA-1,1705
158,CTCGTACGTGCTTTGA-1,1705
159,ATGCGATGTCCGCAAC-1,1705
160,GCGGGTTAGGTAACGC-1,1705
161,AGATTGCGTTCTAGAC-1,1705
162,GCACATAAGCGACGTA-1,1705
163,ACTGAGTGTCACGCAC-1,1705
164,AGGGATGTCCGTCTAC-1,1705
165,ACGGGTCCATTTCGTT-1,1705
166,CGAGAAGGTTTACTCT-1,1705
167,CTACCCATCGCACAGC-1,1705
168,GGTGCGTCACCTCCAT-1,1705
169,TTGGAACTCTAGAACC-1,1705
170,GATCTAGTCACACGGC-1,1705
171,GGAATAACACGAGCTC-1,1705
172,GCTTGAACACGGAATG-1,1705
173,CGGACACCAGAAGACC-1,1705
174,CGACTTCGTAGTGGCA-1,1705
175,GTCCTCAGTGCTCGAC-1,1705
176,TCCACACCATCGGTCG-1,1705
177,TTGCCGTCACGCACCA-1,1705
178,AACTCCCGTGTGTTCA-1,1705
179,CACACAACAGCGTCAC-1,1705
180,CTCTAATGTCGGATGA-1,1705
181,ACACCCTAGTCGTCCG-1,1705
182,GCGGGTTCACCACACG-1,1705
183,GGGACCTAGAGACTAT-1,1705
184,ACATACGAGCCGAACA-1,1705
185,CTGAAACGTACTCACA-1,1705
186,GAATGAATCTCGGTTC-1,1705
187,ACCGTAAGTGTTCGAT-1,1705
188,ATGCGATTCTCCGGAG-1,1705
189,ATTCTACCAACCTGAT-1,1705
190,GTCGGGTTCCTACGAA-1,1705
191,GGTATTGAGTGATCGG-1,1705
192,AATCGGTTCATCGCGG-1,1705
193,TGGGCGTAGTGTACCT-1,1705
194,TCGGGACGTCTGCGCA-1,1705
195,CTTCTCTAGAGGGATA-1,1705
196,CTCATTATCATCACTT-1,1705
197,TTGCCGTTCCAGGAAG-1,1705
198,CGAACATTCTGGATCA-1,1705
199,AAGGTTCCAATCCTTT-1,1705
200,TGGACGCGTCCTTGGG-1,1705
201,CTTACCGTCCTGATTT-1,1705
202,GATCGTAAGGAGTCTG-1,1705
203,GTTCATTGTAAACCTC-1,1705
204,GTAACGTAGGTCGGAT-1,1705
205,GTATTCTCATTCCGAA-1,1705
206,TCAGGATTCCGTGCTT-1,1705
207,CTGCTGTGTGTGATCT-1,1705
208,TTTATGCTCGTTGCAA-1,1705
209,TAGGCATGTGTGATCT-1,1705
210,CTAATGGCACACGCAC-1,1705
211,TACGGTACAGAGGCAT-1,1705
212,CGCTATCTCTGGTGGC-1,1705
213,CTGAAGTCAGATTGTC-1,1705
214,AGCATACAGTGGTAGC-1,1705
215,CTTGGCTAGATCCTGT-1,1705
216,ATGAGGGCATGATGCT-1,1705
217,CGGACTGAGTGTACGG-1,1705
218,TGGACGCGTAAACCTC-1,1705
219,TTCCCAGGTCAGTGGA-1,1705
220,ATCGAGTCACCGAACC-1,1705
221,TCTGAGACATCTCGTC-1,1705
222,GAATAAGCAAAGCGCA-1,1705
223,GCGGGTTGTCGCGTCA-1,1705
224,TCAATCTAGCTTTGGT-1,1705
225,TTCTCAATCATTGCTT-1,1705
226,AGTGAGGTCGCGTGGT-1,1705
227,ACGCAGCCATCCAGCG-1,1705
228,TGGACGCAGGCTCTTA-1,1705
229,GGATTACTCCGTGCTT-1,1705
230,AACCATGAGCGTGAAC-1,1705
231,AGGCCACAGCGCCTCA-1,1705
232,AGGGTGAGTTGCTGAT-1,1705
233,TTTCCTCGTATTCGCA-1,1705
234,AGGGAGTTCCGCGGAT-1,1705
235,GCGGGTTAGGTGACCA-1,1705
236,CGTTCTGAGTCAAGCG-1,1705
237,CTCGGGAAGAAACCCG-1,1705
238,ATTCTACTCGTGCTAA-1,1705
239,GTATCTTCACTATGCA-1,1705
240,TTCTACAGTCCTACCT-1,1705
241,CACACTCCAGCCCGAT-1,1705
242,CAGAGAGGTTATTGGC-1,1705
243,AGTCTTTGTTAAGCCT-1,1705
244,GACGTGCCAGGTGCAA-1,1705
245,CCTTCCCCAGTGGATG-1,1705
246,CGTGAGCAGCGCCTTG-1,1705
247,AGGTCCGTCGTTATCT-1,1705
248,GCATGCGAGGCCGAAT-1,1705
249,CACACTCAGTACGCCC-1,1705
250,CCTCAGTTCAGAGCGA-1,1705
251,CGTTCTGCAATGGGAC-1,1705
252,AGCAGCCTCAACGATC-1,1705
253,CGCTGGATCAGTTCTT-1,1705
254,CCACCTACAGAACAGC-1,1705
255,GGCTGGTTCCGTTCAC-1,1705
256,CAGCCGACACACGCAC-1,1705
257,TGCGTGGAGAGTTGGC-1,1705
258,GCTTGAAAGGTACTCT-1,1705
259,CTCCTAGTCAAGCCAT-1,1705
260,TGGACGCAGTTCGCAT-1,1705
261,CCTTACGTCTAGACAC-1,1705
262,GTTTCTAAGTACGCCC-1,1705
263,GAATGAAAGCAAAGCC-1,1705
264,TACTTACGTTAGCTCA-1,1705
265,GAACCTAAGAAGGCCT-1,1705
266,GACTAACAGGGAACGG-1,1705
267,GCTCCTACATGTAGCT-1,1705
268,GGAATAAAGAGGGCTT-1,1705
269,ATCTGCCTCACTGCGG-1,1705
270,TTAACTCTCCACCGGA-1,1705
271,CACATAGAGTCGTGTT-1,1705
272,TTCGAAGCACGACTAT-1,1705
273,CCTTCGAGTTAGAGCG-1,1705
274,GAATAAGAGCACGCCT-1,1705
275,TTGCGTCTCCAGGCGT-1,1705
276,GATCGTAAGATACACA-1,1705
277,GTCAAGTGTACGCGAA-1,1705
278,CATGACAAGCTCCTTC-1,1705
279,CCCTCCTGTACCGCTG-1,1705
280,GTCAAGTGTGCGAAAC-1,1705
281,GTGCGGTAGGTAACGC-1,1705
282,TAAACCGGTACTCACA-1,1705
283,TAAGAGACAGTGCTTA-1,1705
284,GCAGTTACATAACAAG-1,1705
285,TTGGAACGTGAACACG-1,1705
286,GTCATTTGTTGAGCAG-1,1705
287,GACGTGCAGGACAGTC-1,1705
288,GGTGAAGAGATAGCAT-1,1705
289,CAGCTAAGTGACACGA-1,1705
290,CGAGCACCAACCCAAT-1,1705
291,AGAATAGGTACCGTGC-1,1705
292,CACCACTAGCTGAAAT-1,1705
293,GTAGGCCAGAAGGGTA-1,1705
294,ACGATACCATAACTCG-1,1705
295,CGGGTCAGTTAAGATG-1,1705
296,GACGTTATCGTAGCGC-1,1705
297,GTATTCTCACTTCAGA-1,1705
298,TGAGCATTCTAATGGC-1,1705
299,TGCTACCTCGAGGAGT-1,1705
300,GATGAAATCGTGAGGA-1,1705
301,CCACGGATCCGACCAG-1,1705
302,TGACTTTAGACCACGA-1,1705
303,CCTATTACATCATGCA-1,1705
304,TCAGATGTCCGATACA-1,1705
305,CATCGAAAGGAGTTGC-1,1705
306,AAGCCGCTCCTCCTGA-1,1705
307,ATCTACTAGAGTAGCC-1,1705
308,AAGGCAGTCGTACGCG-1,1705
309,GCTGCGACAAGAATCA-1,1705
310,GCTCTGTCAGCCCGAT-1,1705
311,TTGGCAAGTCGAATCT-1,1705
312,CTAACTTTCGTTACCC-1,1705
313,CGGGTCATCACGCTCT-1,1705
314,CTCACACTCGTAACCA-1,1705
315,CTACCCAGTCCGCAGT-1,1705
316,ACCCACTTCGAGCCGT-1,1705
317,TGCGTGGCAACAACTC-1,1705
318,CCACTACAGACAGAGA-1,1705
319,CTGTTTAGTCCCTTGT-1,1705
320,GCTCCTAGTACCAGCC-1,1705
321,TTTATGCCAGGTACGA-1,1705
322,CAGTAACCATGAGAAT-1,1705
323,TTGAACGAGGACAGCT-1,1705
324,AGATTGCTCGAAGCGA-1,1705
325,ATCATCTAGCGTGAGT-1,1705
326,CACATAGCAGTTGCCG-1,1705
327,GCTGGGTTCCCGGACA-1,1705
328,CGCGGTAAGTCAAGCG-1,1705
329,CACATAGCAGTGAAAT-1,1705
330,GGCTGGTCAACTCATG-1,1705
331,TAAGAGAGTTCCACAA-1,1705
332,CGATGGCTCTGAAGGG-1,1705
333,GGCCGATTCACCACGG-1,1705
334,GAACCTATCAAGTTGC-1,1705
335,CAAGATCCACGTAGGA-1,1705
336,GGGCATCCATTTCTTG-1,1705
337,CACACTCAGTCGACTT-1,1705
338,GAAGCAGAGTTTCCTT-1,1705
339,CACCAGGGTTGACCCG-1,1705
340,AGGCCACGTGGTAACG-1,1705
341,TAAGAGAGTCTTGCGG-1,1705
342,AGATTGCAGCTGCCCA-1,1705
343,GGGATGATCGTAACCA-1,1705
344,TAGCCGGGTGAAGCCA-1,1705
345,CGGTTAAAGCGGCTTC-1,1705
346,GACGTTATCACCATCC-1,1705
347,GGGATGACAAAGTAAC-1,1705
348,CGACTTCCAGACACAG-1,1705
349,CTGAAACAGGCTCTTA-1,1705
350,AGATTGCTCACCGCGA-1,1705
351,CTCAGAAGTAGATAGT-1,1705
352,GAGCAGATCCACCGGA-1,1705
353,TCAGGATGTACGTGCC-1,1705
354,TGACTTTTCAGATGTC-1,1705
355,AGGCCGTGTCATGCTA-1,1705
356,CGGACGTAGCTATCAC-1,1705
357,TACTTGTGTACTCACA-1,1705
358,ACCCACTCATCCGTTC-1,1705
359,CATATGGGTGTCAACT-1,1705
360,GGGCACTTCCCGGACA-1,1705
361,TGACTTTGTTCGTCAA-1,1705
362,CTACCCAGTGGTGCAA-1,1705
363,CACACTCCATACGGTT-1,1705
364,CAGCCGAGTATTGAAG-1,1705
365,GGCTGGTGTAAGTGTA-1,1705
366,GTGCATACAAGGTGAC-1,1705
367,TACGGTAGTTAACCAC-1,1705
368,CATTATCTCATCGACA-1,1705
369,ATCCACCCATCGCACG-1,1705
370,TTTACTGTCGTCCCTA-1,1705
371,CTGCTGTCATTGAAGA-1,1705
372,AAGGCAGTCCGATACA-1,1705
373,GACGTTATCTGTGAAC-1,1705
374,AAAGTAGCACAGAGCA-1,1705
375,CGCGGTAGTTCTCTCG-1,1705
376,GACGTGCCAACTAGTC-1,1705
377,TGCGGGTTCGTAGGGA-1,1705
378,GGATTACTCTTAGCTT-1,1705
379,TGGTTCCCAGCATGTT-1,1705
380,ATTTCTGCATAGTGTC-1,1705
381,TCTCATACAAGTGCAG-1,1705
382,ACCGTAATCGTTATTC-1,1705
383,CTGAAGTGTGCGCTTG-1,1705
384,GTGAAGGTCAGCCACG-1,1705
385,TTTCCTCGTGTCGCTG-1,1705
386,CAGAGAGAGTGAACAT-1,1705
387,TGCTGCTCATCTCGAA-1,1705
388,TCTTCGGTCGTTCGTC-1,1705
389,CGTCAGGCACGCACGT-1,1705
390,TACAGTGCATGTAGCT-1,1705
391,GCTGCTTCAGTAGGGT-1,1705
392,TTGTAGGAGTAGGCCA-1,1705
393,CATTATCGTGAACACG-1,1705
394,GGCTGGTCAGATTGTC-1,1705
395,TCAGCAATCGCGAGAA-1,1705
396,CTAACTTAGACTTTCG-1,1705
397,TGAGCATGTGGCAAAC-1,1705
398,ATTGGACCAAACGAGC-1,1705
399,GTCACGGAGTGCCATT-1,1705
400,TGCCAAATCGACCCTT-1,1705
401,CAAGATCCAGGTGCAA-1,1705
402,GACGTTACATCGTCAA-1,1705
403,GTAGGCCTCTAACACG-1,1705
404,AGGGATGGTAGCGTCC-1,1705
405,CTGAAACAGTCAAGGC-1,1705
406,TGGTTAGGTTAGTCAC-1,1705
407,GAGCAGAGTAGCGTCC-1,1705
408,TACACGAGTTAAAGGT-1,1705
409,AGAATAGAGGCTCATT-1,1705
410,CTCACACAGATGCGAC-1,1705
411,GCCTCTACAACAGCCC-1,1705
412,GTACGTAGTTGTCACA-1,1705
413,ACTTTCAAGTGACATA-1,1705
414,GCGCGATTCCGCGAGT-1,1705
415,GTAACTGAGCTTCAGT-1,1705
416,CATGACATCAATCTTC-1,1705
417,ACGATGTCAGAGGTCA-1,1705
418,AGGTCATGTAAGTGTA-1,1705
419,TGGCGCACACTCACCT-1,1705
420,CTCACACGTAGAATAC-1,1705
421,GTTCTCGAGCTAGTTC-1,1705
422,AAGACCTGTATGAAAC-1,1705
423,ACTGCTCTCGTTGGAT-1,1705
424,CACTCCAGTCTAGGGA-1,1705
425,TCAGATGCACATTGGT-1,1705
426,AAGGAGCTCTCCACGT-1,1705
427,CGTCAGGCAACACTTG-1,1705
428,TGGGCGTCACCTGGCA-1,1705
429,CGTCACTAGTCAAGGC-1,1705
430,AGAATAGCATCACTGA-1,1705
431,CTGAAACCACTGGCCA-1,1705
432,TTGCCGTCATCCAGGC-1,1705
433,AGATCTGTCGATTGCA-1,1705
434,TAAGTGCGTTGGAGCA-1,1705
435,ATAAGAGTCAACTGAC-1,1705
436,TACAGTGAGTTCCACA-1,1705
437,ACACCAAAGTGGTAGC-1,1705
438,GCCAAATCAGCGTGTC-1,1705
439,TAAGAGAGTAGAACAT-1,1705
440,GATGAAAAGCAACGGT-1,1705
441,TCCCGATCACACGTGC-1,1705
442,TTGGCAAAGCTTTGGT-1,1705
443,GAGCAGATCAACAGCT-1,1705
444,AACTGGTCAGTTCCGG-1,1705
445,GCGGGTTGTCGATACT-1,1705
446,AGGGTGAAGGACACCA-1,1705
447,CGCTTCAAGATCGGGT-1,1705
448,AGATTGCTCTCCACGT-1,1705
449,TGCACCTAGTTCGCAT-1,1705
450,TGACTAGGTTAAAGGT-1,1705
451,ACATACGTCAGAGTCT-1,1705
452,CATGACATCCTCGCTA-1,1705
453,CCGGTAGCAATCCTTT-1,1705
454,CTGAAACCATGCGTGC-1,1705
455,GAACATCCAACTCCGG-1,1705
456,TGACGGCGTCTGCGCA-1,1705
457,CAGCTAACATTCAGCA-1,1705
458,GTACTCCCATTCTTCA-1,1705
459,ACGCAGCGTACCATCA-1,1705
460,CGTAGCGAGACGCACA-1,1705
461,GTGCTTCAGTGGCACA-1,1705
462,TACCTTATCCGCGACA-1,1705
463,CCCTCCTTCTTGGATG-1,1705
464,CCTTACGCATGAGAAT-1,1705
465,TTGTAGGCATGACTCA-1,1705
466,CTGTGCTGTAAACCTC-1,1705
467,GAATAAGCAAGGGATC-1,1705
468,AGAGTGGGTTTAGGAA-1,1705
469,ACTATCTGTCAGTGGA-1,1705
470,TGACAACTCGTTGCTC-1,1705
471,AAGGAGCCATTCAGCA-1,1705
472,TTAACTCAGAGCTGCA-1,1705
473,CAGCTGGTCGTTCGAA-1,1705
474,GCATGTAAGATGTAAC-1,1705
475,GATCGCGTCAAGACAA-1,1705
476,GGAAAGCGTGTCTCAA-1,1705
477,CTCGTACAGTGGAGTC-1,1705
478,TACCTTACATTTCCAT-1,1705
479,AACTGGTCACATTCAG-1,1705
480,CACCTTGGTTGTCACA-1,1705
481,GACTGCGTCTACAAGC-1,1705
482,TTTGCGCTCCGATACA-1,1705
483,GGACAGATCTGAGATC-1,1705
484,TACGGGCAGTAGATGT-1,1705
485,ATTACTCGTGATCCTA-1,1705
486,GCAGTTACAACCTGCG-1,1705
487,CCTTCCCAGAGGGCTT-1,1705
488,GGCAATTCAAGAACTA-1,1705
489,CTCATTACAGCGCATC-1,1705
490,TGCTACCTCTGATCAG-1,1705
491,CAGTCCTAGCTGTCTA-1,1705
492,GTCTCGTCAACACCGC-1,1705
493,AGGGATGAGATCGGGT-1,1705
494,AGGTCATCAGTACTCA-1,1705
495,CTCCTAGGTCTAGGGA-1,1705
496,GGCTGGTCAGGACCAA-1,1705
497,GGTGTTAGTATTCGCA-1,1705
498,TGCGTGGAGGCCGAAT-1,1705
499,GTCAAGTCACACGCAC-1,1705
500,TTCTCCTTCGAATGTC-1,1705
501,GGGAGATGTGAGCGAT-1,1705
502,AACCATGAGAGGCAAA-1,1705
503,ATTGGTGCATCGTCAA-1,1705
504,TATGCCCTCTTAAGGC-1,1705
505,TGGGAAGTCGACAATC-1,1705
506,ATCATCTGTACAAGGC-1,1705
507,CTCGGGATCACGTAGT-1,1705
508,GGCCGATCACGTACAT-1,1705
509,CAGCATACACGATGGA-1,1705
510,CCCAGTTCAACCTAGT-1,1705
511,CCCATACCAGACAGTG-1,1705
512,TGCCCTATCAGTGAAA-1,1705
513,CGGACTGTCGGAATGG-1,1705
514,GACTGCGGTGATCCTA-1,1705
515,GGCCGATGTGAACACG-1,1705
516,TTCTACAGTAACGGCA-1,1705
517,CCACGGAAGTCTAGCT-1,1705
518,GCTGGGTGTTGTAGCT-1,1705
519,CACCTTGTCGGAGAAC-1,1705
520,TGTCCCAAGTTCGATC-1,1705
521,GGGACCTAGGTGTGCA-1,1705
522,TTTGCGCAGTACGCCC-1,1705
523,GTCCTCAAGCAGCCCT-1,1705
524,AGATTGCTCGCAACGC-1,1705
525,GCGCAGTTCGACAATC-1,1705
526,ATTACTCTCTGGATCA-1,1705
527,CTTCTCTAGATAGCAT-1,1705
528,TATGCCCCAACCCACG-1,1705
529,AGCATACTCGTTACCC-1,1705
530,TTGAACGCATTTGCGA-1,1705
531,CACATAGTCGTGTACA-1,1705
532,CCTACCAAGTAATCCC-1,1705
533,ACAGCTAGTATCGCCG-1,1705
534,CAAGATCTCATTTGCT-1,1705
535,GTACTCCAGTACTTGC-1,1705
536,AGCCTAACAGCGCATC-1,1705
537,CGCTTCAGTGTGCTTA-1,1705
538,ATTGGACGTCTCTCGT-1,1705
539,GCATACAAGAGCCCAA-1,1705
540,GGAATAAGTCTTCGTC-1,1705
541,TCAATCTTCATTGGAC-1,1705
542,GCAGTTAGTCGGAAGT-1,1705
543,ATTATCCTCATTTGCT-1,1705
544,GATCAGTAGGCAAAGA-1,1705
545,GAATAAGTCTGGGATT-1,1705
546,TTTCCTCCAACTGGAG-1,1705
547,ACGTCAAAGTGTTGAA-1,1705
548,AGGTCCGGTCGCAAGA-1,1705
549,CCTTCCCCAATCCATG-1,1705
550,CGAATGTAGGGATACC-1,1705
551,CAGCAGCAGCCCAACC-1,1705
552,CTGTTTACAGACTTGT-1,1705
553,CAGATCATCGACAATC-1,1705
554,AGCTTGAGTTGAACTC-1,1705
555,CGCCAAGTCCAGGCAC-1,1705
556,GCATGCGGTTAACCTG-1,1705
557,GCATACATCGTGCCTT-1,1705
558,CATGACACAGGGATCA-1,1705
559,GAACGGACACCGGCAT-1,1705
560,ATGCGATGTTGTCGCG-1,1705
561,GCTTGAAGTTAACCTG-1,1705
562,CATCAAGCATATCGCA-1,1705
563,TGAAAGACACTTGCAA-1,1705
564,ACCAGTACAAGACGCA-1,1705
565,GAACATCAGCGCCTTG-1,1705
566,ATAGACCGTCCCGACA-1,1705
567,GCATGATCAAGAATCA-1,1705
568,ATTACTCTCTCCAGCT-1,1705
569,GAACGGACATCTCGAA-1,1705
570,AACCATGTCCACCCAT-1,1705
571,TATGCCCGTGCCTGGT-1,1705
572,GAAATGACACGTAGGA-1,1705
573,GAACGGAAGATAGTCA-1,1705
574,CACATAGAGGCAGTCA-1,1705
575,CTCGTCACAGTGCTGC-1,1705
576,CTAAGACAGTGATCGG-1,1705
577,AGCGTATAGTGAACAT-1,1705
578,TCATTACAGTGGGTAC-1,1705
579,CACATTTTCCGTGCTT-1,1705
580,TGGCCAGTCGCTCTAC-1,1705
581,AAAGCAATCTACGGAT-1,1705
582,ATAGACCGTGATTTGC-1,1705
583,ACGCCAGGTGATGTGG-1,1705
584,CAAGATCTCCCGGACA-1,1705
585,CTAGCCTCAGTGCTGC-1,1705
586,ACGCCAGTCGTATCCC-1,1705
587,CTTCTCTAGTGTACCT-1,1705
588,ACGTCAAAGTGTTTGC-1,1705
589,AGTGAGGGTTTGTCTT-1,1705
590,TCAGCAAAGAGACTTA-1,1705
591,TCTTCGGTCTAGCTAG-1,1705
592,TGGGAAGCACAATCAC-1,1705
593,ACATCAGCAGAACAGC-1,1705
594,TGAGCCGCACAGCTGC-1,1705
595,ATGCGATCAAGCCAAG-1,1705
596,CGTCAGGTCGAGGTGA-1,1705
597,AGCCTAATCCGTCTAC-1,1705
598,GCAAACTCAGGTGTGA-1,1705
599,AACTCTTTCGAATGTC-1,1705
600,GGCGACTAGATATGGT-1,1705
601,CTACACCGTTGATCGT-1,1705
602,GAATGAATCGTGCCTT-1,1705
603,CACATTTAGGACTGGT-1,1705
604,GTTCGGGTCTAGCTAG-1,1705
605,ATGCGATTCTACCGTC-1,1705
606,GTTACAGGTTTCGCAA-1,1705
607,GTAACGTCAGCATGTT-1,1706
608,GTCCTCAAGGAGTAGA-1,1706
609,TAGCCGGCATAGTGGG-1,1706
610,AACACGTAGTACGTAA-1,1703
611,ACCTTTATCACACTAG-1,1703
612,TTGCGTCAGTGGAGAA-1,1703
613,AAGACCTAGTGGAGAA-1,1703
614,AAGTCTGTCAAGCCAT-1,1703
615,AAGACCTAGCCAGGAT-1,1703
616,CCTTCCCCACTAACTG-1,1703
617,TCAGGATAGAGCTATA-1,1703
618,GACAGAGTCTACATGG-1,1703
619,CTGAAACCAACTAGTC-1,1703
620,GACCAATAGGCTCATT-1,1703
621,AATCGGTTCCCTTATA-1,1703
622,GACGTGCGTCGTCTTC-1,1703
623,CCACCTAGTCGCTGTG-1,1703
624,GTGTTAGCACTTGTTT-1,1703
625,GTGCGGTGTCATACTG-1,1703
626,GAAGCAGGTACATGAA-1,1703
627,CTCTACGTCGCTAGTA-1,1703
628,AACTGGTCACGAGATG-1,1703
629,ATGCGATGTTGCCAAT-1,1703
630,GCAGCCACATCATGCA-1,1703
631,CTAACTTTCCGTAATG-1,1703
632,TGCGCAGGTATAAGTG-1,1703
633,GAAGCAGGTAACTGTC-1,1703
634,GAACATCTCTGTTGTT-1,1703
635,TGCCCTACAGCTATGT-1,1703
636,AGTAGTCTCCTACGAA-1,1703
637,TTTCCTCTCGTTCGAA-1,1703
638,GGGCACTGTGAAAGAG-1,1703
639,GTCACAACACCCAAAT-1,1703
640,ACCAGTACACAGCTAT-1,1703
641,GACGTTAGTAGTAGTA-1,1703
642,TACAGTGGTACATGAA-1,1703
643,CATCAGAAGGCCATAG-1,1703
644,GCTGCTTCACCAAAGG-1,1703
645,TGACTAGGTACTGCTA-1,1703
646,CGGACACTCACGATAC-1,1703
647,GTCATTTGTAGCAGTG-1,1703
648,TCGAGGCCATCACTGA-1,1703
649,TTGAACGCAGCATGTT-1,1703
650,CAGAGAGAGGCCATAG-1,1703
651,CCGTGGACAATTAAGG-1,1703
652,GAGCAGAGTCAGGTAG-1,1703
653,ACACCCTAGGGCATGT-1,1703
654,GACGTGCAGGATGTAT-1,1703
655,CAGCTGGCACTCTCTG-1,1703
656,TGACGGCCACCTGGCA-1,1703
657,GCAGCCACACAGAAAT-1,1703
658,GATCGTAAGACTAAGT-1,1703
659,CTACACCCAGGCCTTG-1,1703
660,TTTATGCGTGCACTTA-1,1703
661,ACTGCTCAGAGATGAG-1,1703
662,GCTGCTTGTCCATGAT-1,1703
663,CGTGTCTTCCCACAAA-1,1703
664,GTACGTAGTGCTGTAT-1,1703
665,GTAGGCCCAGGTTAAA-1,1703
666,GACTGCGAGTAGGTGC-1,1703
667,CCCATACCATCGGTCG-1,1703
668,CGGCTAGGTCTACATG-1,1703
669,CACCACTTCAATAGAG-1,1703
670,ATTTCTGAGACTAAGT-1,1703
671,CTCGTCACATCCATAG-1,1703
672,CTTGGCTCATCCCAAA-1,1703
673,ATTGGACCAGTACCTA-1,1703
674,AAGTCTGTCCTCTGTG-1,1703
675,AGCGTATAGGTGTGTG-1,1703
676,CTTCTCTAGGGCCATA-1,1703
677,ATTTCTGAGTGTTAGA-1,1703
678,GATCGCGCACCCGTTT-1,1703
679,TGGGAAGTCGCTATTT-1,1703
680,TCGAGGCGTGATTGTC-1,1703
681,CGATGTACATGACTCA-1,1703
682,CGGGTCATCATTTGCT-1,1703
683,CCGTTCAAGGGAGTAA-1,1703
684,CTTACCGTCGAGAATA-1,1703
685,TCCCGATCACTAACTG-1,1703
686,CATCAGATCTGTATTC-1,1703
687,ACACCGGCACATTGGT-1,1703
688,TATCAGGTCTATGGTG-1,1703
689,AATCGGTAGTGGGTTG-1,1703
690,CAGCTAAGTATCGCCG-1,1703
691,CTGAAACGTGCACTTA-1,1703
692,TTCGAAGCACGCCTGA-1,1703
693,GTTCTCGCACGCCTGA-1,1703
694,TGGCTGGCAACTCGCG-1,1703
695,TAGGCATCAACTACTG-1,1703
696,TGTATTCGTCCGGGTT-1,1703
697,TTGCCGTCACCTGCAG-1,1703
698,CACCAGGTCATTGCTT-1,1703
699,TTTATGCAGCCTGATT-1,1703
700,ACAGCTACAAGCTATC-1,1703
701,TGACTTTTCTGGGATT-1,1703
702,CGCTATCGTACCAGTT-1,1703
703,AACGTTGGTCAAGTTC-1,1703
704,TCACGAAGTGCTTTCC-1,1703
705,TCGAGGCTCATGTCAG-1,1703
706,AAGGCAGAGTGAAGAG-1,1703
707,AAGGCAGCAATAACAG-1,1703
708,ATCACGAGTCATCTAG-1,1703
709,CAGCAGCGTGCAGGTA-1,1703
710,TTGAACGTCGATAGGG-1,1703
711,GTTCATTAGGGCCATA-1,1703
712,CAGTAACAGCCACGTC-1,1703
713,GTGCTTCGTTGCAGCC-1,1703
714,TGGGCGTAGGAGTAGA-1,1703
715,TCGTACCCACACCTAA-1,1703
716,ACACCCTTCTCCCTAG-1,1703
717,CTAATGGTCGATAAGA-1,1703
718,GGGTTGCTCAGCCTGG-1,1703
719,AGGGAGTCACGAGTTT-1,1703
720,CGAGCCATCTCACCTG-1,1703
721,AAGGTTCTCGCCAACG-1,1703
722,GCACTCTTCTGGAGTT-1,1703
723,CAACTAGAGCTACCTA-1,1703
724,CGCGGTAAGATGTAAC-1,1703
725,ATAACGCAGGGTGTTG-1,1703
726,GGCTGGTGTACTCGTA-1,1703
727,CAGAGAGCAGCGCTTG-1,1703
728,GACTACATCTGCTAGA-1,1703
729,ATAAGAGGTTCGATTG-1,1703
730,TTGCGTCAGATAGCAT-1,1703
731,GATGCTACACAGCTAT-1,1703
732,TGCTGCTTCATCGGTA-1,1703
733,CCTAGCTCATTCTTGT-1,1703
734,AGCGTATGTGTCTCAA-1,1703
735,CCTACCAGTTGGAGCA-1,1703
736,CCGGTAGCATTTCGTT-1,1703
737,AAGCCGCGTACCGTCG-1,1703
738,CATATGGAGCCACCTG-1,1703
739,TAAGCGTTCGTGCTAA-1,1703
740,AAGACCTAGCTATGCT-1,1703
741,GTGCAGCAGAGCTGGT-1,1703
742,AGCGTCGGTTATTGGC-1,1703
743,TTGGAACTCAATAGGA-1,1703
744,ACACCGGTCTTCCGAC-1,1703
745,CCACGGACACTAAGGG-1,1703
746,TTTATGCTCTCCACGT-1,1703
747,GTGCGGTTCCGTATTT-1,1703
748,AGCTCCTTCTATGCAG-1,1703
749,ATCACGATCACTATGG-1,1703
750,CTAGAGTAGCGAGAAA-1,1703
751,CAAGTTGCAGCGCTTG-1,1703
752,TGTTCCGCAACAGTGG-1,1703
753,ATCATGGAGCACACAG-1,1703
754,GTGTGCGAGGTGATTA-1,1703
755,GTCGTAAAGGCTCATT-1,1703
756,CGATTGAGTGCTTTGA-1,1703
757,AGTGTCACAGTAGGGT-1,1703
758,GACGTTATCGTAGGGA-1,1703
759,CTAAGACGTCGCGAAA-1,1703
760,TTGCGTCTCGGTAAGG-1,1703
761,AAATGCCTCCAGGTTA-1,1703
762,AAGGTTCGTGTAAAGT-1,1703
763,GTACGTACAGATTGTC-1,631
764,GTACTTTAGCTTAGAA-1,1713
765,ATAGACCGTAGCTAAA-1,1713
766,GACGTTAGTATAAGTG-1,1713
767,GGAGCAATCATGGTGT-1,588
768,CTCGAAACATCAGCAT-1,416
769,GTGGGTCCAGGTTAAA-1,1728
770,TCTTTCCGTCTCTTTA-1,1728
771,GAAATGAAGACAGGCT-1,1739
772,CTTACCGAGCTGCACC-1,1739
773,GGAGCAAAGTGGGATC-1,1739
774,GCTTGAAAGATCCCGC-1,1739
775,CAGCCGATCACGTATG-1,1739
776,GTCGTAATCAGAGTCT-1,1739
777,CTCAGAAGTGAACACG-1,1739
778,TTTGTCAGTTATCCGA-1,1739
779,CTCACACAGATAGTCA-1,1739
780,ATTCTACAGAACTTCC-1,1739
781,CGATCGGAGACGCTTT-1,1739
782,TGAGAGGAGCTGTTCA-1,1739
783,TCACAAGGTGAAAGAG-1,1739
784,CATATGGTCATCGCCT-1,1739
785,ATCATCTGTGACCAAG-1,1739
786,TGAGGGACAACCTCAA-1,1739
787,CCAGCGAGTCCTCCAT-1,1739
788,CTGTTTATCTAGACAC-1,1739
789,AGAGCGACAAGGTATA-1,1739
790,CATCCACCATCCAGCG-1,1739
791,ACGATACAGACTGGGT-1,1739
792,AGACGTTCAAAGTGGC-1,1739
793,GTACTTTCATGCCGGT-1,1739
794,ATCACGAGTAAGATGT-1,1739
795,TTAGTTCGTGACCTGC-1,1739
796,GGGAGATGTAAGGTGC-1,1739
797,TTCGGTCTCCGCTGGA-1,1739
798,ATCATGGAGAAGCCCA-1,1739
799,ACTGATGGTAAGAAGG-1,1739
800,TCAATCTAGGTATCGG-1,1739
801,AGGCCACAGAAGATTC-1,1739
802,TCAGCAAGTCGCCAAC-1,1739
803,TTCTCCTCAGACTCCG-1,1739
804,CAACCTCTCTGGCAGC-1,1739
805,CGTAGGCGTAAGGTGC-1,1739
806,GTGTGCGCATTATCGG-1,1739
807,TCAGGTATCGTAAGGG-1,1739
808,TGGTTAGTCCTCATCG-1,1739
809,CTGCCTATCTAAGACC-1,1739
810,TTTACTGAGGAGTTGC-1,1739
811,GATCGCGGTAACTTCG-1,1739
812,TCAGATGAGTTAGCGG-1,1739
813,TACGGTAGTTAACCTG-1,1739
814,AGCAGCCAGTGTTAGA-1,1739
815,CCACCTACACCCTCTA-1,1739
816,TGACTTTCACTCATGA-1,1739
817,AACGTTGTCAGGACTT-1,1739
818,GAGTCCGAGCTGGTCC-1,1739
819,AGTGTCATCAAAGCGG-1,1739
820,CATCAAGTCACTGCGG-1,1739
821,CGTCTACCACTAGGCC-1,1739
822,GAAATGATCCGTTCAC-1,1739
823,GCGCCAAAGGGAAACA-1,1739
824,GAAACTCCATGACCGC-1,1739
825,TTGCGTCCAACGCGCT-1,1739
826,AAGGAGCTCTCCTGGT-1,1739
827,TAGTTGGCATTATCGG-1,1739
828,CTAATGGAGAAGGCCT-1,1739
829,CGTGAGCAGACAAGCC-1,1739
830,ACGATGTTCTACGTGA-1,1739
831,AGGGAGTGTGCCATTA-1,1739
832,AGTAGTCGTGACCCAC-1,1739
833,CGGGTCAAGAAGGCCT-1,1739
834,CCACCTATCGAGTATC-1,1739
835,ATCCGAACAACACCGC-1,1739
836,GATCGATCACGTAGGA-1,1739
837,TCTCATAAGAAGGTGA-1,1739
838,AACGTTGAGCTAACTC-1,1739
839,CTGAAACAGCAGGTCA-1,1739
840,CTAGCCTCAAGGGTGT-1,1739
841,AGCTCCTGTTTGGCGC-1,1739
842,TTGCCGTGTTAGTCAC-1,1739
843,CACAGGCAGGGATCTG-1,1739
844,CAAGTTGAGACGCACA-1,1739
845,GCAGTTATCATGACCA-1,1739
846,AGGGTGAAGCTACCTA-1,1739
847,TCTATTGCAACACCGC-1,1739
848,TGGCGCAGTTGGGACA-1,1739
849,CAGTAACCAGCGTGTC-1,1739
850,CGCGGTAGTCTCTTTA-1,1739
851,TTCTCAAAGTGAAGTT-1,1739
852,GTAACGTTCTCCAGCT-1,1739
853,TATTACCTCGTCCCTA-1,1739
854,ACGGGTCAGGACCACA-1,88
855,CGCGTTTAGCGATATA-1,1741
857,CGAGCCAAGGGTAGGG-1,1741
858,CCAGCGATCTTTCGCG-1,1741
859,TCATTTGTCAGAGCGA-1,1741
860,ACGAGCCTCGTAACCA-1,1733
861,TGCCAAACAGGGCTTC-1,1733
862,CCTCTGACACGCACGT-1,323
863,CGACCTTTCGAACCCG-1,1735
864,GCATACATCAAAGCGG-1,1735
865,ACGGCCATCGTCTAAG-1,86
866,CTTAACTTCCGTACCT-1,448
868,CCTACCAGTGACCCAC-1,1778
869,GCATGTATCGGGTCCA-1,1778
