,barcode,group
0,GGGCACTCACAACTTG-1,2268
3,GTGCATAGTCACCTGG-1,2268
4,GGCTCGAAGAAGGTTT-1,2264
8,ATTTCTGTCAAGTGCT-1,2264
11,CCATTCGGTACAATAG-1,2264
12,GTCAAGTTCCACTCGT-1,2264
13,ACAGCTATCTCATGTT-1,2264
14,GACCTGGAGCAGAGAA-1,2264
15,GAACCTAAGATCGGGT-1,2264
16,TTTGTCATCTCCACGT-1,2264
17,GCATGATTCGGAGAAC-1,2264
18,CTAGTGACAAGTGTTC-1,2264
19,TTCCCAGCAGCCAGTC-1,2264
21,CCTCTGATCGACAATC-1,2264
22,CGGACACAGACTAAGT-1,2264
23,CACAGTACAACCCTGG-1,2264
24,GTTTCTATCGTAGCGC-1,2264
25,AGGGATGAGCGTGTGA-1,2264
26,AGGGAGTCAACGACAG-1,2264
27,CCGGGATAGGATGTCG-1,2264
28,GTACTTTGTCTGCGCA-1,2264
29,CCTACCAAGCGTGAGT-1,2264
30,CTCGAGGCATCCGGCA-1,2264
31,CTGTGCTTCTGGTAGT-1,2264
32,TGCTACCTCACGTATG-1,2264
33,CTCATTAAGCTGAACG-1,2264
34,TTTACTGTCTTGTTAC-1,2264
35,GCTTCCACACGATCTA-1,2264
36,TCGGTAAAGGGTAACC-1,2264
37,GGTGCGTCATAGACAA-1,2264
38,TATCTCACATACGGTT-1,2264
39,TGCGTGGAGCGTCTAT-1,2264
40,GATTCAGGTAACACTC-1,2264
41,GCTGCTTTCATAGGAA-1,2264
42,CGAGAAGAGAGCTGCA-1,2264
43,TTTGCGCAGGTAAGTT-1,2264
44,GAATGAAGTCTAGCGC-1,2264
45,ATAAGAGTCGTAGGGA-1,2264
46,TAGACCACAACGAAAT-1,2264
47,ATAAGAGCATACCAGT-1,2264
48,ATTGGACTCTACAGTG-1,2264
51,CAGGTGCCACCAAAGG-1,2260
54,GTCGGGTGTCATGCTA-1,837
55,AGTCTTTGTGCCTACG-1,2202
56,GACACGCAGATATACG-1,2202
57,ACGAGGATCGAAAGGC-1,2202
58,GCACTCTTCGTACGCG-1,2202
59,AAGACCTGTAGCGTCC-1,2202
60,CAGCGACAGGAGTTTA-1,2202
61,AGAGTGGTCCTCATCG-1,2202
62,GCTCTGTAGGTGCACA-1,2202
63,CAGTCCTCACCACGCA-1,2106
64,CTAATGGCATACAGAA-1,2106
65,TGATTTCTCCCTTATA-1,2183
66,TTCGAAGTCAGTACAC-1,2183
67,GTCACGGGTACTTGCA-1,832
68,CCATTCGTCACGGTAT-1,2092
69,TTTACTGAGGCATGGT-1,2092
70,TTCTTAGGTAGTCAAA-1,1098
71,TGTCCCATCCGCGAGT-1,1067
72,GATGAGGGTGCACTTA-1,649
73,CTGGTCTTCAATAGGA-1,2155
74,TCACAAGTCCGTAATG-1,2155
75,GATGAAAAGTGGTAAT-1,2155
76,GGACGTCTCGATAAGA-1,2155
77,TACTCGCGTGCTTTGA-1,2155
78,TTGTAGGAGGCATATA-1,2155
79,GGGTTGCAGAAACGCC-1,2157
80,AGAGTGGTCCCGAATA-1,2157
81,GTGAAGGGTCTCGGTG-1,2157
82,CGTCTACAGGCCCACT-1,2157
83,GCATGATGTGTCGCTG-1,2157
84,CGCTATCGTTAGAGCG-1,2157
85,GAAGCAGGTGGTCAGA-1,2157
86,CAGAGAGTCGCTAGTA-1,2151
87,CGAGAAGGTAACAATG-1,2151
88,AAAGATGAGGACGAAA-1,2151
89,CCATTCGAGACCGATG-1,2151
90,ATCTACTAGAGGGCTT-1,2151
92,TTAGGACAGCGTCAAG-1,2151
93,CCGTACTGTAATATGG-1,2151
94,TACGGGCGTTAGAATG-1,2151
95,GGCCGATGTCATACTG-1,2151
96,TCGTAGAGTTTACTCT-1,2151
98,TGACAACCACCCGTGA-1,2151
99,TGCGGGTAGATCACTC-1,2151
100,GTTCTCGCATGCCATA-1,2151
101,CTCGGAGAGGATGTAT-1,2151
102,CTGCGGAAGTAGATGT-1,2151
103,ATGAGGGTCACGATAC-1,2151
104,TACACGAGTTAGTGAA-1,2151
105,CATTATCCACACCTAA-1,2151
106,CCACGGAGTCAATTCG-1,2151
107,CCGGGATTCACACGTA-1,2151
108,GATGCTAGTACGTAAA-1,2151
109,CACAAACAGCATCTTG-1,2151
110,TCAGGTATCCGTTAAG-1,2151
111,GCTGCTTAGACCTAGG-1,2151
112,GGACATTGTCACCGCA-1,2151
113,TATCAGGGTGGGAAGG-1,2151
115,TCGGGACCATCCATAG-1,2151
116,GCATACACATCACTGA-1,2151
117,TGCGCAGCAACTAGTC-1,2151
118,AGTTGGTGTCCGAAGA-1,2151
119,CGTGTCTAGCCAGTAG-1,2151
120,GCAATCAAGCGATATA-1,2151
121,ATGGGAGCACGTCGGT-1,2151
122,GTGCGGTAGTACGTTC-1,2151
123,ACGCCAGGTGCTTTGA-1,2151
124,GGCTGGTAGCATCTTG-1,2151
125,CCACTACGTTCAGTAC-1,2151
126,TGGACGCAGACTCGGA-1,2151
127,CTCGTACAGAGTAAGG-1,2151
128,AACTGGTCACAATGTC-1,2151
130,CCGTACTTCATATCTC-1,2151
131,CTAGCCTGTTAGAGCG-1,2151
132,ACATCAGTCTTTCGTA-1,2151
133,ATTGGACCACCCACAG-1,2151
134,TCACAAGCATCCTGGG-1,2151
135,CGATCGGAGCCAGTAG-1,2151
136,GCAAACTCAGACGAGT-1,2151
137,GCATACAAGAGCGAAA-1,2151
138,CATGCCTAGAAGGGTA-1,2151
139,CGGACGTTCACGTTAG-1,2151
140,GCAGCCATCGAGAATA-1,2151
141,GCTGCAGTCCACTAAG-1,2151
142,TATCTCAAGATACACA-1,2151
143,GTCAAGTCAGAATTCC-1,2151
144,CCACCTACACATCGAT-1,2151
145,TCCACACAGCAGTCTT-1,2151
146,CAGATCAAGTGGAGTC-1,2151
147,TGTCCCAGTGTGATCT-1,2151
148,AGCGGTCGTGTCTGTA-1,2151
149,ATCCGAAAGCTGAAAT-1,2151
150,TTCTACACACTTCAGA-1,2151
151,CCGGTAGGTGATTGTC-1,2151
152,TCTGGAACAGTGCTGC-1,2151
153,GCTTCCATCATCGCAA-1,2151
154,GTAGTCAGTACGTAAA-1,2151
155,TCTGAGAAGGGATTCG-1,2151
156,AAGGCAGTCCCGTTGT-1,2151
157,ATAGACCCACGACGCT-1,2151
158,CTCGAGGTCACACCTC-1,2151
159,AGGCCACGTAACGTGG-1,2151
160,GTCAAGTTCAATAGAG-1,2151
161,GGGATGAAGTACGTAA-1,2151
162,GACTACATCGATGGTT-1,2151
163,GCCTCTATCCGTATTT-1,2151
164,CGGTTAAGTCAGGTAG-1,2151
165,GGCAATTTCTTCTTGA-1,2151
166,ATTATCCCAAATTCCG-1,2151
167,GCTGGGTAGATCTGAA-1,2151
168,TCATTTGGTCTTCACC-1,2151
169,AGAGCGAGTCGGAAGT-1,2151
170,GTAACTGAGTGCCATT-1,2151
171,GAAACTCTCTCCGGAG-1,2151
172,CGACTTCTCTTGTCCG-1,2151
173,GACGGCTTCATGTCAG-1,2151
174,GTCACGGCATCCCAAA-1,2151
175,TATTACCTCCCAGAAT-1,2151
176,TTAGGCAAGTCGTGTT-1,2151
177,AACTCAGCAGACACGA-1,2151
178,AGGTCATTCTGTGGCG-1,2151
179,ACCTTTAGTACCACTA-1,2151
180,CCTTTCTAGAATGTGT-1,2151
181,GACTACATCTTAAGGC-1,2151
182,ACGCCGATCCGGTTCT-1,2151
183,AGGTCATCAGCGTCAC-1,2151
184,CGCTATCAGAGCTTCT-1,2151
185,ACACCAAAGGGTTCGA-1,2151
186,TACCTTAGTGCGTCAC-1,2151
187,TGGCTGGTCAACTGCA-1,2151
188,ACCTTTAAGTGTTGAA-1,2151
189,GGACAAGAGTCGAGTG-1,2151
190,ACGGCCATCTGACGCG-1,2151
191,CAAGAAATCCGAGATT-1,2151
192,CAACTAGTCTCTCTAA-1,2151
193,TTGCCGTTCACGACGC-1,2151
194,CCAGCGACAGATATCC-1,2151
195,TTTGCGCAGGCGCTCT-1,2151
196,AAGGTTCGTCAGTTTG-1,2151
197,CGACTTCAGATCGGGT-1,2151
198,CTTTGCGGTCGTCTTC-1,2151
199,GAACGGATCGATAAGA-1,2151
200,AGCGTATCAACGGGAT-1,2151
201,CATTCGCAGTTTCCTT-1,2151
202,CAGGTGCTCTTATGGG-1,2151
203,AAATGCCGTTATGTGC-1,2151
204,CTTGGCTAGAGATGAG-1,2151
205,GCGCGATTCGACTGCG-1,2151
206,TACTCGCCACGCTGAC-1,2151
207,TCAGCTCTCCGACGTG-1,2151
208,CTTTGCGTCTTGGATG-1,2151
209,CCAGCGAGTGTGATCT-1,2151
210,CGTAGGCGTCAAGCAG-1,2151
211,CCTCTGACACGAAGGT-1,2151
212,CCTCTGAGTCAAGTTC-1,2151
213,GGTGTTATCACCACGG-1,2151
214,TACCTTACATAGAGCG-1,2151
215,TGGTTAGAGAATTGTG-1,2151
216,TGTGTTTGTCCCACAG-1,2151
217,CCTACCACACGGGATA-1,2151
218,GGAGCAATCCGATACA-1,2151
219,GGACAAGTCACTATGG-1,2151
220,CATTCGCGTGGCGTCT-1,2151
221,CTTTGCGGTCCGGGTT-1,2151
222,GGCAATTGTTGTTCAG-1,2151
223,CTGCGGAAGGCTCTTA-1,2151
224,GCCTCTACACACGCAC-1,2151
225,CGGTTAACAAAGTTAG-1,2151
226,AAAGTAGCAAGAATCA-1,2151
227,CCTACACCAGACACGA-1,2151
228,GACTACACACATCTAG-1,2151
229,ATTCTACCATACGTCA-1,2151
230,TCTCTAACAACTGGAG-1,2151
231,CTGCTGTAGAGTGACC-1,2151
232,GCCAAATAGAGTGACC-1,2151
233,CTTAACTAGAAAGTGG-1,2151
234,GATTCAGCATGTTTCT-1,2151
235,GCGGGTTAGATGTCTC-1,2151
236,GCTGGGTCATTCATCT-1,2151
237,ACGAGCCCAGCGGTCT-1,2151
238,AGAGTGGCAGAAGACC-1,2151
239,GTACTTTCAAGGCTAG-1,2151
240,TGTCCCACACGGGATA-1,2151
241,CCTCAGTGTGTCTCAA-1,2151
242,GACTAACAGCTACCTA-1,2151
243,CCCAATCTCTAAGGAA-1,2151
244,AGAGCGACATATGTGC-1,2151
245,GTGGGTCAGGATCCTT-1,2151
246,CACACAAAGACAAGCC-1,2151
247,CGATCGGAGCTCAACT-1,2151
248,CTAACTTGTAAGGTGC-1,2151
249,CAGCAGCAGTACGCCC-1,2151
250,GGCTCGACATCCAGCG-1,2151
251,ACGATACGTTCTTCGC-1,2151
252,GTACTCCCAAAGTAAC-1,2151
253,ACATCAGAGGTGACCA-1,2151
254,CGATGGCGTAACGACG-1,2151
255,ACGGCCAGTGACCCGT-1,2151
256,CCTTACGGTTGCCTCT-1,2151
257,AGAGCGAAGGGTGTGT-1,2151
258,GTATCTTCATAGCACT-1,2151
259,ATCCGAACAAATACGA-1,2151
260,TACCTATCAAAGTGGC-1,2151
261,TAGTTGGAGCCCAGCT-1,2151
262,GTACTCCGTAACTTCG-1,2151
263,ACGCAGCAGCCAAACG-1,2151
264,GAAATGAGTCATACCA-1,2151
265,CATCAGAGTCCATGAT-1,2151
266,CTGATAGGTTCTCAAG-1,2151
267,GAAATGATCACCATCC-1,2151
268,CCAATCCAGACTAGGC-1,2151
269,CTCTAATGTTGATCGT-1,2151
270,CACCAGGCACGTCATA-1,2151
271,GCTGCAGTCGTTCGTC-1,2151
272,CACACCTGTCGCTCAG-1,2151
273,AGACGTTTCCTACTCG-1,2151
274,GCAGCCAAGGGTTTCT-1,2151
275,ACCGTAAGTTGGTGAG-1,2151
276,CTTCTCTAGAGTACAT-1,2151
277,AGCGGTCCATTTCGTT-1,2151
278,CGAGAAGTCTATGCCC-1,2151
279,CTTACCGAGAACTTCC-1,2151
280,ACATACGGTCGGAAGT-1,2151
281,CTCATTAAGAAGGTTT-1,2151
282,ACTTGTTTCGAATGTC-1,2151
283,AGTGTCATCTCAGTTT-1,2151
284,CGTCCATTCTACGTGA-1,2151
285,ACGCCAGCATCCATAG-1,2151
286,CCGTTCACATTTAGGC-1,2151
287,CCGTGGATCGTCTAAG-1,2151
288,GTCACGGCACTGGCCA-1,2151
289,CGAGCACTCGATAAGA-1,2151
290,CTACGTCGTAAGATGT-1,2151
291,GACTACACACTTGCAA-1,2151
292,TTCTCCTCAGTTCCGG-1,2151
293,ACACCCTAGCATTCAC-1,2151
294,TTGCCGTTCGTTCGGG-1,2151
295,ACATACGAGTGCTGCC-1,2151
296,TAGTGGTCAAGAGAGA-1,2151
297,TCAGATGGTACCTCGG-1,2151
298,CTGCGGAGTTCTAGAC-1,2151
299,CTGCTGTCAAGCATGG-1,2151
300,GTCAAGTAGGGCATGT-1,2151
301,CTCATTATCAGCCCGA-1,2151
302,ATTACTCAGTTCCACA-1,2151
303,TGCCAAATCGTTACCC-1,2151
304,TACTCATGTCTTCGTC-1,2151
305,TGGGCGTTCCACTTCG-1,2151
306,ACTATCTTCACCGCGA-1,2151
307,ATCACGATCGACCCTT-1,2151
308,CAGCATACATGACCGC-1,2151
309,CTCATTAAGTGTTTGC-1,2151
310,GCAGCCAAGTGTCCAT-1,2151
312,CTAGCCTTCCTGACAA-1,2151
313,GCATACAGTGTTCCGG-1,2151
314,AACTCTTAGCAGTAGC-1,2151
315,TACTCATCATGTTGCA-1,2151
316,GCAAACTAGTACGACG-1,2151
317,GTGCGGTGTGCTTTCC-1,2151
318,ACTGAGTTCGTATCCC-1,2151
319,CGATGTACAATTAAGG-1,2151
320,ACGAGCCCAACGCCGT-1,2151
321,CTGTTTATCCGCCTAT-1,2151
322,CAAGATCCACCACATA-1,2151
323,CAGCATATCGATAGGG-1,2151
324,CAACCTCAGGACACCA-1,2151
325,CGTCCATCATGATAAG-1,2151
326,CTTGGCTAGGCAACAC-1,2151
327,CATCAGATCACGTATG-1,2151
328,GCGCAACCATGTAGCT-1,2151
329,AGGTCCGCATAGACAA-1,2151
330,ACGGAGATCCGTTAAG-1,2151
331,CCTTCCCTCCTGATTT-1,2151
332,CATATTCGTACCGCTG-1,2151
333,CTGTTTATCGGAATGG-1,2151
334,AGATCTGCAGACTCCG-1,2151
335,TTGGCAATCCTTCGCA-1,2151
336,GTCAAGTCAAGGTATA-1,2151
337,CCACCTAAGCGATCCC-1,2151
338,CGGCTAGTCTCGTCTG-1,2151
339,TCGTACCTCTCCACAC-1,2151
340,CAGCATAAGCGATCCC-1,2151
341,CAAGGCCCAGAGATCG-1,2151
342,GGAACTTGTCTCCACT-1,2151
343,TAAGCGTAGCATTCAC-1,2151
344,CTGTGCTGTTACGCGC-1,2151
345,TGCCCATTCTAACACG-1,2151
346,AACTGGTAGTTTGCGT-1,2151
347,ATGCGATCATGAATGA-1,2151
348,CTGATCCTCAGGACAG-1,2151
349,GCCAAATAGTCCCGAC-1,2151
350,GTACGTAGTCATCTAG-1,2151
351,CTGCCTAGTGTCCCTT-1,2151
352,TACGGGCCAGTCCCTT-1,2151
353,CCATTCGGTACAGGAC-1,2151
354,GCATGCGGTGTCCCTT-1,2151
355,GAGTCCGCAGACTTGT-1,2151
356,CCTAGCTTCATGGGCC-1,2151
357,CTCGTCACAAGCATGG-1,2151
358,CAGAATCTCACAGCCG-1,2151
359,CAGCCGATCCAAGGGA-1,2151
360,CAGATCATCTTGCTTA-1,2151
361,GTACGTATCAGAGTAA-1,2151
362,TGGCTGGCATCAGCAT-1,2151
363,GTGCGGTAGTCATCCA-1,2151
364,ACTGATGAGTAACCCT-1,2151
365,CCCAGTTGTTTGTCAG-1,2151
366,GCGGGTTAGGCAAAGA-1,2151
367,CTCACACAGGCTACGA-1,2151
368,CTCGTCATCTGGAGTT-1,2151
369,GAGGTGAGTGTGATCT-1,2151
370,GGCGTGTTCCACAGCG-1,2151
371,TGTCCCACACTCCCTA-1,2151
372,AATCGGTCAATAGGAT-1,2151
373,GCGCAGTTCGGTGCAC-1,2151
374,CGTGTAATCAGGTGAG-1,2151
375,GAAATGATCCAAAGAA-1,2151
376,GATCGTAGTTAACCTG-1,2151
377,TGCGGGTAGTAATCCC-1,2151
378,GTCATTTCATCTTTCA-1,2151
379,ATCACGATCGTAGCGC-1,2151
380,CTCGGAGGTAAGTAAC-1,2151
381,TTGTAGGCATACTTGG-1,2151
382,CCCAGTTCACTTGCTC-1,2151
383,TTGACTTGTCGGATGA-1,2151
384,AGAGCTTCATAGAGGC-1,2151
385,CTTACCGGTTGAACTC-1,2151
386,TTAGTTCTCACCACGG-1,2151
387,TTCTCAATCAACAGCT-1,2151
388,GACCTGGAGGCCGAAT-1,2151
389,CGGACGTGTAGATGCG-1,2151
390,GACAGAGTCGTTCGAA-1,2151
391,GTGCTTCTCTCGAATG-1,2151
392,GCACTCTGTTGCCTCT-1,2151
393,GGACATTAGATCCTGT-1,2151
394,CATGCCTTCCTGAAGT-1,2151
395,GTCATTTTCAGCCTGG-1,2151
396,TATTACCTCGTAGCGC-1,2151
397,GTCCTCAAGACCGATG-1,2151
398,TAGAGCTCAAACGGGT-1,2151
399,GATCTAGAGCTGAACG-1,2151
400,TTCCCAGGTGTCCCTT-1,2151
401,CGGGTCATCAGCATAC-1,2151
402,CTCGGGATCCACCGGA-1,2151
403,CGGCTAGAGATACACA-1,2151
404,TGGTTCCGTCTTCACC-1,2151
405,ATTTCTGGTGGGCCTT-1,2151
406,TAGACCATCGGCTCAG-1,2151
407,GCGACCAGTCTCTTTA-1,2151
408,CCTTCGAGTTAGAGCG-1,2151
409,CAACCAAGTGGCCTGT-1,2151
410,TATCAGGTCATCGCGG-1,2151
411,ATTGGTGCACTTGAGT-1,2151
412,TTCTCCTCACCTGCAG-1,2151
413,GAGCAGAGTGACCTGC-1,2151
414,GGACAAGAGTGAAGTT-1,2151
415,TGACTAGTCACTGCGG-1,2151
416,TTTATGCAGGGCATGT-1,2151
417,GTGCGGTTCTCAGTTT-1,2151
418,CACAGTACACGCGATC-1,2151
419,TGCGTGGCAGTGGATG-1,2151
420,ATGTGTGTCAGGGACA-1,2151
421,TAGTTGGAGCAGCCCT-1,2151
422,ACGATGTGTACTCGCG-1,2151
423,CGAGCACTCCGCGAGT-1,2151
424,TTGTAGGCACAAGCGA-1,2151
425,AATCGGTCACTCTGGG-1,2151
426,GGTGAAGTCACGACGC-1,2151
427,GACAGAGCACTTTCCG-1,2151
428,GGAGCAAAGCGAACTG-1,2151
429,GTTCTCGGTACCATCA-1,2151
430,TGCGGGTTCATTCGCC-1,2151
431,TGGGCGTTCCGCCTTA-1,2151
432,ATGAGGGAGGGTCGAT-1,2151
433,CCTACCAGTCATCTGA-1,2151
434,TCATTACAGTTATCGC-1,2151
435,AGCATACGTGTCTAAC-1,2151
436,AGTCTTTCAACCTGAT-1,2151
437,TCAGCTCAGTAAGTAC-1,2151
438,TCAATCTCACTCTCTG-1,2151
439,CGTAGGCTCCCGCATT-1,2151
440,TGCCCATAGGCCCTTG-1,2151
441,GCACTCTCACTCCGAG-1,2151
442,GGCAATTGTCCCTGGA-1,2151
443,CACCACTGTAAGTAAC-1,2151
444,TATTACCTCCCATGTC-1,2151
445,TGAAAGACACGTGGCT-1,2151
446,AGATTGCGTGACCCAC-1,2151
447,CGTGTCTGTGTCTGTA-1,2151
448,TAAACCGCACGTGCGT-1,2151
449,GTGCGGTAGTGGAGTC-1,2151
450,TTTACTGCAAAGTAAC-1,2151
451,AGAGCGACAATTAAGG-1,2151
452,CACCTTGCACAAGCTT-1,2151
453,ATTACTCTCGAGAATA-1,2151
454,GCTTCCAGTGACACGA-1,2151
455,TCCACACAGTCTCGTA-1,2151
456,AACACGTGTAACGACG-1,2151
457,ACATCAGCAAACTCAC-1,2151
458,CCTCAGTCACAAGGAC-1,2151
459,CCCATACAGGATGCGT-1,2151
460,GCTTGAACACGAGCTC-1,2151
461,AGTGTCAGTAACAGCG-1,2151
462,AGGGTGACAAGCTACT-1,2151
463,GACGTTATCAAGCCAT-1,2151
464,AAACCTGCATAGACAA-1,2151
465,CGTCAGGAGGGATTTA-1,2151
466,ACGCCGATCGCCAACG-1,2151
467,GGACATTTCAGGGACA-1,2151
468,ATGCGATCACCTGCAG-1,2151
469,CGGGTCAGTTTGGCTA-1,2151
470,GCGCAGTTCGTTGCTC-1,2151
471,TCATTACGTCCGGGTT-1,2151
472,GCTTGAATCTGTTGTT-1,2151
473,AACCATGTCCACCGGA-1,2151
474,GAGGTGAGTAAACAGT-1,2151
475,CCACCTAGTTGAAGGC-1,2151
476,GGGTCTGTCGACCCTT-1,2151
477,GACCAATGTACAAGAT-1,2151
478,CGAACATCATTGGTCA-1,2151
479,GAAATGATCCACTTCG-1,2151
480,ACACCGGAGTCTCGGC-1,2151
481,CGAATGTGTTGAAGGC-1,2151
482,AACCGCGCAGTAGAAT-1,2151
483,CGTCTACCATGCGTGC-1,2151
484,GAGGTGAAGTTACGGG-1,2151
485,GTCATTTGTCAGGTAG-1,2151
486,AACACGTAGTCGAGTG-1,2151
487,CAGCATAAGGATCCTT-1,2151
488,CCCATACCACAATGTC-1,2151
489,CTCAGAATCCTCCTGA-1,2151
490,ACGAGGATCTTCCGAC-1,2151
491,CGAGCCATCTCCACAC-1,2151
492,AAGCCGCCAGCTCATA-1,2151
493,GACCAATTCTGATGGT-1,2151
494,GATGAAAGTACTCGCG-1,2151
495,TTAGGCAAGAATTGTG-1,2151
496,GCGCGATGTACAGGAC-1,2151
497,ACAGCTACACCACATA-1,2151
498,TGGTTCCCAGGTACGA-1,2151
499,CGGGTCACAGCGGTCT-1,2151
500,GTGCATATCGCCAACG-1,2151
501,GGGCACTGTTGGAACG-1,2151
502,TGTTCCGGTCATGGCC-1,2151
503,CTCGAGGTCTCATCCG-1,2151
504,GGACGTCGTTGTCACA-1,2151
505,TGCCCTAGTTGGGCAA-1,2151
506,GAGCAGATCTACCGAA-1,2151
507,CCTACCACATCGGGCT-1,2151
508,TCGGTAAGTCTTCGCT-1,2151
509,GTTACAGCACGTGCGT-1,2151
510,TAAACCGCAGTAGGGT-1,2151
511,TTGACTTGTCCAGTGC-1,2151
512,TTCGGTCAGAGGTACC-1,2151
513,CAGAATCGTGCTTCCT-1,2151
514,CATCGGGCAGTCCGGT-1,2151
515,CTCTAATCATACTGCA-1,2151
516,TTGGCAACACTAGGCC-1,2151
517,AACACGTCATTCATCT-1,2151
518,GCATACAAGGGATCTG-1,2151
519,ACCAGTAGTCCGAATT-1,2151
520,CATCAGAGTGGATAGC-1,2151
521,TAGTGGTGTGTCTAAC-1,2151
522,ACGATGTCACATTCAG-1,2151
523,CATCGGGGTTGCCAAT-1,2151
524,AAACCTGCAACTCATG-1,2151
525,TCTCATAAGGGAAACA-1,2151
526,CGTCCATGTCGACCAC-1,2151
527,TAGCCGGTCTCCTGGT-1,2151
528,GTGGGTCCACATTCAG-1,2151
529,CCAATCCTCCTGAAGT-1,2151
530,CGAGAAGGTGTCAACT-1,2151
531,TATCAGGTCTCACCTG-1,2151
532,TGAGCCGAGTACTTGC-1,2151
533,ACGTCAACATCATGCA-1,2151
534,TGTGTTTAGGAGTTGC-1,2151
535,TAAGTGCAGAGTAGCC-1,2151
536,TGTTCCGTCGACAATC-1,2151
537,CTAGCCTCATCTTTCA-1,2151
538,GGACGTCTCTCGTCTG-1,2151
539,CGCGGTAGTCGTAATC-1,2151
540,GTGTGCGCAGTGCTCG-1,2151
541,GTGCAGCCAACACGTT-1,2151
542,GAATAAGTCCTTCGCA-1,2151
543,TTAACTCAGGACAGAA-1,2151
544,CACAGTACATCACTGA-1,2151
545,CTCTGGTCAGCCAGTC-1,2151
546,CGTCTACAGGTGTGGT-1,2151
547,TTCTACATCGTTATCT-1,2151
548,AGTGGGAGTCCGGTTG-1,2151
549,CGTCCATAGACAAGCC-1,2151
550,CTCGTCAAGCAGGTCA-1,2151
551,ATAACGCCAGCCCGAT-1,2151
552,TCAGGTATCGTTATCT-1,2151
553,TATCTCATCTGCGGGT-1,2151
554,AACGTTGTCCCAAAGT-1,2151
555,AGAGTGGTCAGCATAC-1,2151
556,CACATAGGTGCGAACA-1,2151
557,GCATGATCACTGCGCA-1,2151
558,TAGCCGGTCTTCACAT-1,2151
559,TCAGCAAAGTACACCT-1,2151
560,GACGTTAGTGCCTGGT-1,2151
561,TGGGAAGTCTCATCTA-1,2151
562,GTGAAGGGTCCTTGGG-1,2151
563,TGCGCAGCAAGTGACG-1,2151
564,ACGGGCTGTCCTACCT-1,2151
565,GCAAACTTCAAGTTGC-1,2151
566,GGAAAGCGTTACGGCC-1,2151
567,AACCGCGGTCTCGGCA-1,2151
568,CTGATAGAGGAGTACC-1,2151
569,CGATCGGCACATTGGT-1,2151
570,ACGCCAGGTAGATCCT-1,2151
571,GGCAATTGTTGGGACA-1,2151
572,GGAAAGCAGCCAACAG-1,2151
573,ACACCAACATGACCGC-1,2151
574,CTGCTGTCATGAATGA-1,2151
575,AGGCCACGTTATTGGC-1,2151
576,TACGGGCAGCGTGTGA-1,2151
577,ACTATCTAGAGAGCTC-1,2151
578,TAGGCATGTGAACACG-1,2151
579,CAACTAGCAATGGTAA-1,2151
580,CAGAATCGTAGGATAT-1,2151
581,TCACGAAGTAACAATG-1,2151
582,GGATTACTCGTCCCTA-1,2151
583,GTCACAAAGCGATATA-1,2151
584,ATTGGTGGTTAAAGGT-1,2151
585,CACCACTGTCGCTTCT-1,2151
586,TGCCCATCAACCCTGG-1,2151
587,AAGCCGCGTACCTCGG-1,2151
588,TCTATTGCAGGTCTGC-1,2151
589,GCATACATCGATGGTT-1,2151
590,AACTTTCAGCAGGTCA-1,2151
591,GATCTAGCATAGAGGC-1,2151
592,TTCTCAAGTAACGAGC-1,2151
593,CAGATCATCCACAGAT-1,2151
594,TCAGCTCGTAGTCTGT-1,2151
595,ATGCGATTCCTACCCA-1,2151
596,ATAACGCGTGAGCGAT-1,2151
597,TCGCGTTTCTGGGACC-1,2151
598,AGCTTGAGTTTCCGAA-1,2151
599,CATCGGGGTATGCGGA-1,2151
600,AGCGTATCATCTCAAG-1,2151
601,GCACATATCACCAGCG-1,2151
602,GACAGAGAGGGCCATA-1,2151
603,GAGTCCGCACGTTTAG-1,2151
604,CTCTACGCAGACACAG-1,2151
605,GTGCATACACGGCTGT-1,2151
606,GACCAATCACGTAGGA-1,2151
607,CATCCACGTACCTCGG-1,2151
608,CTCACACCAAAGGGTC-1,2151
609,TCTGGAACACGCACGT-1,2151
610,GTGCTTCAGGAGTACC-1,2151
611,TCGCGAGTCGCACAGC-1,2151
612,CCTCTGAGTAGATGTA-1,2151
613,GATCGTACACAAGCGA-1,2151
614,AGTGGGACAACGGCTC-1,2151
615,CTGATCCCAGAGACGT-1,2151
616,TTCTTAGCATAGAGCG-1,2151
617,GCTCCTATCCAGACCG-1,2151
618,CTGAAACAGATTCACC-1,2151
619,TGACTTTTCCAGGTTA-1,2151
620,TCAACGATCATTCGCC-1,2151
621,TGAGGGATCGACCCTT-1,2151
622,CATCGGGTCACGTATG-1,2151
623,ACGTCAACAGATTGTC-1,2151
624,GGCGACTCAAGCTATC-1,2151
625,GGGAGATCACTATGCA-1,2151
626,TGAGCCGGTAGTGACG-1,2151
627,CAGAGAGCACCTCCAT-1,2151
628,GAAACTCGTAAGAGAG-1,2151
629,TAAGTGCGTACGTTCA-1,2151
630,GACGGCTGTCCTACCT-1,2151
631,TAGTGGTCATGTTGCA-1,2151
632,GCGACCAGTATTCGCA-1,2151
633,GTATCTTTCCGCGACA-1,2151
634,GACAGAGTCACTTTAC-1,2151
635,TGAGCCGTCGACCATA-1,2151
636,CCCAGTTTCTCAGTTT-1,2151
637,TACACGACATAACTCG-1,2151
638,TTCTTAGGTGTCAACT-1,2151
639,TTGGAACCACCTGCAG-1,2151
640,ACGCCAGAGCTGCGAA-1,2151
641,TCTTCGGCAAGTGCAG-1,2151
642,CTCACACTCTAAGGAA-1,2151
643,TTCTACAGTCTAGCGC-1,2151
644,GTACTTTTCCACTGCT-1,2151
645,CTTACCGCAAGAGAGA-1,2151
646,AGCATACGTCGGATGA-1,2151
647,CATGACAAGGGCATGT-1,2151
648,CAGCTAATCAATCTTC-1,2151
649,CTGAAACCAATCCGTA-1,2151
650,ATCATGGGTAACACTC-1,2151
651,AACTTTCGTGCTCGAC-1,2151
652,GTAACTGCACAGACCC-1,2151
653,ACATGGTTCAACTGCA-1,2151
654,CTGAAGTTCTCGTCTG-1,2151
655,TGTGGTACAAGTGAGC-1,2151
656,CGCGTTTCATTTGTGG-1,2151
657,GACACGCAGACTAGGC-1,2151
658,TTTGCGCTCATATCTC-1,2151
659,CAGTCCTTCGAGCCGT-1,2151
660,TATTACCTCATCGCCT-1,2151
661,AGAGCGATCCGAGATT-1,2151
662,GACGTTAGTCAACTGT-1,2151
663,GCGCCAAAGCATGAGC-1,2151
664,AAGACCTCAATAACAG-1,2151
665,TCGTACCGTCGCGCTA-1,2151
666,CGAGCACTCTGCTGAA-1,2151
667,GGAAAGCGTACCAACT-1,2151
668,GGTGCGTGTCCCACAG-1,2151
669,CTAAGACAGGACAGTC-1,2151
670,TTGTAGGAGACCCACC-1,2151
671,AGGTCCGAGGGTTCCC-1,2151
672,CTGAAACAGGGTAACC-1,2151
673,AGCTTGAAGTCTCGGC-1,2151
674,GTCTTCGAGACACGAC-1,2151
675,CATTATCAGTGTCCAT-1,2151
676,AACTCAGAGTGTACCT-1,2151
677,ACGTCAACAATGGGAC-1,2151
678,AGAGCGAAGTCACGCC-1,2151
679,GATGAGGTCGCTATGA-1,2151
680,TACACGAGTACAAGGC-1,2151
681,GGACGTCAGACGTCGA-1,2151
682,TGCGCAGAGTCGTGTT-1,2151
683,CCTTCGAGTTATCGGT-1,2151
684,GAGTCCGAGTGAAGTT-1,2151
685,TTATGCTCACCCGTGA-1,2151
686,CTCGAAATCTGGGATT-1,2151
687,TGCGTGGAGTGGTTAA-1,2151
688,CACATAGTCCTCAGTC-1,2151
689,CCACTACAGCCCAGCT-1,2151
690,AGTCTTTCACATTGGT-1,2151
691,TGGTTCCCACAAGGAC-1,2151
692,AGCTTGATCTACAGCA-1,2151
693,TACGGTACATAACAAG-1,2151
694,AAGGTTCGTAACTTCG-1,2151
695,ATAGACCCAAGACGCA-1,2151
696,GCTGCAGCACAGCTAT-1,2151
697,AAAGTAGCATTCTTGT-1,2151
698,TCTGGAACAGGTACGA-1,2151
699,ACGCCGAAGCAGTAGC-1,2151
700,TGCGTGGGTGGCAACA-1,2151
701,CTCATTACATTGCCGG-1,2151
702,GATGAAAGTCCGATGC-1,2151
703,ATCCACCTCTGCACTC-1,2151
704,CTCGTACGTTGATCGT-1,2151
705,CTCTACGTCATAGGAA-1,532
706,GAAACTCAGTGGAGAA-1,2161
707,GACTAACCAGTTGCCG-1,2161
709,CCTTTCTTCTAACGTG-1,2170
710,CGAGAAGCAGGTTAAA-1,2170
711,GTTCTCGTCTACAGTG-1,2170
712,CCATGTCAGTGATGAT-1,2170
713,GGACATTGTGTTCCGG-1,2170
714,GGACGTCCAATCCATG-1,2170
715,CATGGCGCACTAAGGG-1,2170
716,GCATGCGCAACTTTCT-1,2170
717,ATGGGAGAGATTGAGT-1,2170
718,AGTCTTTCAACGGCTC-1,2170
719,TGACAACTCACTGTTT-1,2170
721,CTAATGGTCTATTGCT-1,2170
722,ACGGGCTTCGTGTACA-1,2175
723,ATTCTACTCGGTGCAC-1,2175
724,GCGGGTTGTCCATGAT-1,2175
725,AGCTCCTGTGTGTTCA-1,153
726,TTGTAGGTCAAAGCGG-1,2197
727,AGATCTGCAGCTATGT-1,2197
728,TACTTACGTGATTGGG-1,2197
730,CTACCCAAGGCAAAGA-1,2197
731,GCATGATAGCTCCTTC-1,2197
732,AGTGTCATCATGTCAG-1,189
733,GTAGGCCGTCTAGCGC-1,2230
735,AAACCTGCAACGCGCT-1,2230
736,CTGCCTACAAGGGTGT-1,2230
737,GTGCATAAGCTAGCCC-1,2230
738,AGAGCTTTCATAGGAA-1,2230
739,CTGATCCCACGTTTAG-1,2230
740,TCGTAGAAGTCTCGTA-1,2230
741,TTGCGTCAGGCATGGT-1,2230
742,TGACTAGAGACTGTAA-1,2230
744,CGGGTCAAGAGCTTCT-1,2230
745,CCACCTAGTATACACC-1,2230
746,ATCATCTAGTTCGCAT-1,2230
747,TTAGGACGTGCTTTGA-1,2230
748,CGATCGGGTAAGAGAG-1,2230
749,GCGGGTTAGTAGCGGT-1,2230
750,AACTCTTCAAGCAAGC-1,2230
752,CTCGGGAGTTCCATGA-1,2230
753,ATCTACTAGAGTGACC-1,2230
754,GACGTTACAGGCCGTT-1,2230
755,GATGCTATCAAAGCGG-1,2230
756,GTACTCCGTCAAAGCG-1,2230
757,TACTTGTCAATGGGAC-1,2230
758,ATCTACTCAGGTGTGA-1,2230
759,GCGCAGTAGTACTTGC-1,2230
760,ACGGGCTCATTACTTC-1,2230
761,ACCCACTGTGCGGTAA-1,2230
762,CTCTGGTAGAAACCTA-1,2230
763,AGGTCATAGCCGGTAA-1,2230
764,CATCAAGTCATTTCGT-1,2230
765,GACAGAGTCACGTAGT-1,2230
766,AGGCCGTGTCTCCACT-1,2230
767,CATGCCTAGCTAAGAT-1,2230
768,ACGGGTCGTGCTATTG-1,2230
769,GGTGAAGAGACCTTTG-1,2230
770,CATCCACTCTGATCAG-1,2230
771,TGAGCCGGTCCTAGTA-1,2230
772,TTTCCTCGTAACACTC-1,2230
773,CCACTACAGCGTAGTG-1,2230
774,TACCTATTCGGGAAAC-1,2230
775,GAAATGAAGCCGTCGT-1,2230
776,GGTGTTAGTCTAACGT-1,2230
778,ACTTACTTCCTCTGTG-1,2230
779,TTCTCCTCACCCACAG-1,2230
780,TACACGAGTACGCGAA-1,2230
781,CATCAAGCATCGCATA-1,2230
782,TGAAAGAAGCCACGTC-1,2230
784,CTGAAGTCATTATCGG-1,2230
785,TGATTTCTCGGGTCCA-1,2230
786,CTTAGGAGTCACCTGG-1,2230
787,TGCGGGTAGCGCCTTG-1,2230
788,CGCCAAGTCGAGTATC-1,2230
789,CACCACTCACGACTAT-1,2230
790,GGTGCGTTCGCTGAAT-1,2230
792,GAGCAGAAGTACGCGA-1,2230
793,TGTGTTTGTACCAACT-1,2230
794,GTAGTCAAGTCCGTAT-1,2230
795,GGGATGACATCGCATA-1,2230
796,CTGATAGCACATAAAG-1,2230
797,CGATTGACATTCAGTG-1,2230
798,CCTCAGTGTGATAAGT-1,2230
799,CCTTACGAGGCCATAG-1,2230
800,GCACATAGTCTAACGT-1,2230
801,TGACGGCGTAACGCGA-1,2230
802,GCTGGGTTCGTGTCAA-1,2230
803,GTACGTAGTCTAGGGA-1,2230
804,TACTTGTTCGGCTCAG-1,2230
805,CAAGAAACATGGCACC-1,2230
806,TACTTGTCAACATGGG-1,2230
807,GCGAGAACAGCCAAAG-1,2230
808,CTGCCTAGTCGCGTCA-1,2230
809,GCTGGGTCATAGCACT-1,2230
810,TGTATTCGTATATGAG-1,2230
811,TTGGAACTCACCGGTG-1,2230
812,ATCATGGTCTCGTCTG-1,2230
813,ACATGGTGTTTACTCT-1,2230
814,AGATTGCAGCTAGTTC-1,2230
815,GCATGCGGTCTCGGTG-1,2230
816,CTAGCCTAGCGTAATA-1,2230
817,TTGGAACCACGGAGTA-1,2230
818,ACGAGCCCAAGTGAGC-1,2230
819,TTAACTCCATAGTGTC-1,2230
820,CATCGGGCAGCGCATC-1,2230
821,GCATGATTCGTTAAGC-1,2230
823,AGGTCCGCATGAATGA-1,2230
824,CGCTATCCATTTGCGA-1,2230
825,CGTCACTTCTTGCGGG-1,2230
826,CTGCCTATCTCACCTG-1,2230
827,CCTACCAAGAGGCAAA-1,2230
828,GTACGTATCCTATGAG-1,2230
829,TTGACTTTCAGGTGAG-1,2230
830,TCAGCTCGTTGTAGCT-1,2230
831,CAGGTGCGTCGTCTTC-1,2230
832,GAACCTAGTTGGTATC-1,2230
833,TCGTAGAGTATAAGTG-1,2230
834,ACATGGTCACCCGTGA-1,2230
835,GATTCAGTCCACTAAG-1,2230
836,TACTCATGTGCCATTA-1,2230
837,CTCATTATCCGATACA-1,2230
838,GGACAGATCTACAGTG-1,2230
839,CACCAGGGTTCCCACT-1,2230
840,CCTACCAGTATACACC-1,2230
841,GACCTGGTCAAAGTGA-1,2230
842,CGGTTAACAGACAGTG-1,2230
843,GCTGCAGGTCCTACCT-1,2230
844,ACCGTAAAGAGTGACC-1,2230
845,GGCGACTTCAAGAGGC-1,2230
846,ATCATGGGTAGGATAT-1,2230
847,CGTCAGGCAAGTGAGC-1,2230
848,GAGTCCGGTGGGAAGG-1,2230
849,AGAATAGAGGCGTTGA-1,2230
850,AGGCCGTCATGCGTGC-1,2230
851,AGTGTCATCGGAGAAC-1,2230
852,GTTCGGGTCTAGAGCT-1,2230
853,ATAACGCTCTACACCC-1,2230
854,CGTGTCTAGCTTTCAG-1,2230
855,AGCAGCCTCTTGGATG-1,2230
856,TGCGTGGGTCTCGGTG-1,2230
857,GGCGTGTTCCTGCGTT-1,2230
858,ACCCACTCACGCGATC-1,2230
859,GGTGAAGTCCCGAATA-1,2230
860,TCTATTGGTAGCCCTG-1,2230
861,GTGGGTCCATACGGTT-1,2230
862,TATGCCCTCAAGCCGC-1,2230
863,GACGTGCGTCGCTCAG-1,2230
864,TGGACGCGTCACCTGG-1,2230
865,TACCTATAGCGAACTG-1,2230
866,CTACCCAGTCGGATGA-1,2230
867,AGTGAGGCATACGGAG-1,2230
868,AGCTCCTTCGAGGAGT-1,2230
869,TCACGAAAGCCGTCGT-1,2230
870,CGAGCACGTGAGTCAG-1,2230
871,ACACCCTAGATCTGAA-1,2230
872,CGTAGGCTCTCATCTA-1,2230
873,GTAGGCCAGTGTCTCA-1,2230
874,GAACCTAGTCAAACTC-1,2230
875,TCAGCTCCAATGGCAG-1,2230
876,TCCACACCAGGTCTGC-1,2230
877,CAGAGAGAGCCCGAAA-1,2230
878,GTTCTCGCAGGGCTTC-1,2230
879,GATGAAAAGGTGACCA-1,2230
880,TTTGCGCTCAGAGCGA-1,2230
881,GGTATTGAGTTAGGGC-1,2230
882,ACTTTCAAGTTATCGC-1,2230
883,CGCGTTTCATAGGGCA-1,2230
884,CTCGTACGTATGCGGA-1,2230
885,TCGGTAAAGTACGTAA-1,2230
886,GAACGGACAAGACGCA-1,2230
887,GATCTAGGTCCCTTGT-1,2230
888,ATCATGGGTTTCCGAA-1,2230
889,CATATGGTCAAGTTGC-1,2230
890,GATCGTAGTACTCGTA-1,2230
891,CACAGGCAGTTAGGGC-1,2230
892,CTTTGCGGTGTCTAAC-1,2230
893,GACGTGCTCTGGGACC-1,2230
894,CACTCCACAAGGCCCT-1,2230
895,GTGCGGTGTTGCGGCT-1,2230
896,CAAGATCTCTAATGGC-1,2230
897,GCACTCTCAGCGTCAC-1,2230
898,ATTACTCCATTACTTC-1,2230
899,ACGGGTCAGTAGCGGT-1,2230
900,CTCGGAGAGGTAAGTT-1,2230
901,CCATTCGCAACACGTT-1,2230
902,GTCTCGTTCCTACTCG-1,2230
903,TATGCCCGTCACATGT-1,2230
904,ACATCAGAGCCACCTG-1,2230
905,ATCATCTAGCATGGCA-1,2230
906,ATTTCTGTCAGTTCTT-1,2230
907,TCAGGATTCACCAGCG-1,2230
908,ACGAGCCGTCAACCGC-1,2230
909,ACTATCTTCAGAAACA-1,2230
910,GAATGAAGTAAAGTCA-1,2230
911,AGGTCCGCAACAACTC-1,2230
912,CGTAGCGGTTGAAGGC-1,2230
913,GGGCATCTCAAGACAA-1,2230
914,CGCGTTTTCGAGGTGA-1,2230
915,TACACGACAGTTGCCG-1,2230
916,CTAAGACGTTTAGCAC-1,2230
917,GGATTACGTGCTCTGG-1,2230
918,AGTGGGAAGCCCAACC-1,2230
919,GACGCGTTCATGACCA-1,2230
920,AATCCAGCAAGCAAGC-1,2230
921,ACGATACAGCAGCCTC-1,2230
922,CTCAGAACAGAGATCG-1,2230
923,ACTTGTTGTTGCTGAT-1,2230
924,GGGAATGCAGGGACTA-1,2230
925,TGCGCAGTCACCAGCG-1,2230
926,ACGAGCCTCGGAAGAC-1,2230
927,GCAATCACATATCGCA-1,2230
928,CCTTCCCCAGCTATGT-1,2230
929,TATCTCATCTTGGATG-1,2230
930,CGTTAGATCGTGAGGA-1,2230
931,CGTTGGGCATCTCAAG-1,2230
932,CGATTGAAGCATGGCA-1,2230
933,CGTCACTTCTACGGGC-1,2230
934,ACTGAGTCATTTAGGC-1,2230
935,CAGCATAAGGGCCATA-1,2230
936,TGACTTTTCACTCATT-1,2230
937,AGGGTGATCTCGAATG-1,2230
938,CTCTACGTCAAAGCGG-1,2230
939,GTGCTTCCACAAACTC-1,2230
940,TAGGCATAGCTCAACT-1,2230
941,ACCAGTATCAGTTCTT-1,2230
942,ATCTACTGTGCCTACG-1,2230
943,TTGACTTCAGCGTCAC-1,2230
944,AGATTGCGTCTCGAGC-1,2230
945,CTCCTAGCAATCGTCA-1,2230
946,TCCCGATCAATCTCTT-1,2230
947,CTCGGAGCAGATCCCG-1,2230
948,AACCGCGAGAACAATC-1,2230
949,TGGTTCCGTAGGTCGA-1,2230
950,AAAGCAAAGACAGGCT-1,2230
951,CGGAGTCCAACTCACA-1,2230
952,GGGACCTGTACTCCGG-1,2230
953,AGCTCTCTCTGAAGCT-1,2230
954,ATCGAGTCATCAGGGA-1,2230
955,TGTCCCAAGAATGTTG-1,2230
956,TTAGGCATCGGAGTTT-1,2230
957,GTGTTAGTCCGCGAGT-1,2230
958,TGAGCCGCATCCAGGC-1,2230
959,TGGGAAGTCCTCGCTA-1,2230
960,GGAACTTCAAACGAGC-1,2230
961,AGATCTGGTATCGCCG-1,2230
962,TCGGGACTCGCGTGGT-1,2230
963,CTCGAAATCCAACCGG-1,2230
964,GGCAATTGTGGAGCTA-1,2230
965,GACACGCCATTATCGG-1,2230
966,CAGCTAACAGATATCC-1,2230
967,TCAACGACACCGGCAT-1,2230
968,TGCGTGGCAAGTGTTC-1,2230
969,AGATCTGAGAACTTCC-1,2230
970,TCACAAGGTATGACTC-1,2230
971,ACATACGCATAGACAA-1,2230
972,ACGGCCAAGCGATGAC-1,2230
973,GGTGCGTGTACAGGAC-1,2230
974,GGTGTTATCCTACTCG-1,2230
975,CCGTACTTCATTTGCT-1,2230
976,CTGTGCTCAACGCGCT-1,2230
977,ATCATGGAGGGTTCGA-1,2230
978,CCCTCCTGTACCTCGG-1,2230
979,TAGGCATTCTACGGCG-1,2230
980,GGGACCTAGCAGACTG-1,2230
981,GCTTCCAGTATGTACC-1,2230
982,TTTGCGCAGATTACCC-1,2230
983,CTCGAGGTCTACGGAT-1,2230
984,TCGAGGCGTTAACCAC-1,2230
985,CACACTCAGTTTCTGG-1,2230
986,GCGACCAGTAAGAGAG-1,2230
987,CCTAGCTGTGGAAGGG-1,2230
988,CTAGTGAGTGCTTAGT-1,2230
989,TCGCGTTAGCCCAACC-1,2230
990,TTGACTTAGGCTAGGT-1,2230
991,AGAGTGGCAGGCCTTG-1,2230
992,TGACAACAGGATGTCG-1,2230
993,CACACTCCAGCGTGTC-1,2230
994,TCAGATGCATCCCAAA-1,2230
995,CAAGAAAGTCGCGTCA-1,2230
996,TTGCCGTCACTCCGAG-1,2230
997,TCTATTGGTCTCTTTA-1,2230
998,CTCAGAACACATCGAT-1,2230
999,CTGTGCTAGCCAGGAT-1,2230
1000,AACTCAGTCGCGTGGT-1,2230
1001,AGGGAGTGTACTCGCG-1,2230
1002,CAAGATCTCGGGTCAC-1,2230
1003,ATTACTCCAGAGCTCC-1,2230
1004,CACCTTGCAGGGCTTC-1,2230
1005,TCACGAACAGGAGCAT-1,2230
1006,GCAGTTAGTCAACTGT-1,2230
1007,TCTATTGGTGGCAAAC-1,2230
1008,CGTAGCGGTTGACCCG-1,2230
1009,GCTTGAACACCGTCGA-1,2230
1010,CTAGAGTAGAGGCAAA-1,2230
1011,TCAATCTTCGATCCGG-1,2230
1012,CCAGCGACAGGTCTGC-1,2230
1013,TACACGAAGTAACCCT-1,2230
1014,GCAGCCAAGTAGGTGC-1,2230
1015,GTAGGCCCATTATCCT-1,2230
1016,GTACGTACAAGAGACC-1,2230
1017,CAGAATCTCGAGCCGT-1,2230
1018,CTCGGAGTCAGTACAC-1,2230
1019,CTCTACGTCGTAACCA-1,2230
1020,CAGTAACGTACCTTGA-1,2230
1021,TGGACGCAGCTGCGAA-1,2230
1022,CGCCAAGAGAGCTGGT-1,2230
1023,CCACTACGTTAGTCAC-1,2230
1024,CCTTCCCGTAAGTAAC-1,2230
1025,TCAGGTATCGACGAAG-1,2230
1026,GATGAGGGTGTCGCTG-1,2230
1027,GGGTCTGGTCACCGCA-1,2230
1028,CGTGTAATCCAGGTTA-1,2230
1029,CCGTTCACACCACATA-1,2230
1030,CTACCCAAGTTAACGA-1,2230
1031,TCGGGACAGAGCTGCA-1,2230
1032,CCTTCCCGTTTGGCTA-1,2230
1033,AACACGTCACCAATAC-1,2230
1034,GAAACTCTCCGGTTCT-1,2230
1035,AGGTCATCAAGAACTA-1,2230
1036,TCAACGAAGAGCCCAA-1,2230
1037,CTCGAAATCATCGACA-1,2230
1038,TTGGCAATCATTCGCC-1,2230
1039,GGACATTAGCGCGTCT-1,2230
1040,GGGATGACAACGTCTA-1,2230
1041,TCTCTAAAGTTCGATC-1,2230
1042,ACACTGAGTGCGTCAC-1,2230
1043,TGGCTGGCATGAGAAT-1,2230
1044,CCTATTACAAGGTCGA-1,2230
1045,TCGCGTTAGGTGCACA-1,2230
1046,CAGGTGCTCCGAGATT-1,2230
1047,GGACAGAGTGGTAACG-1,2230
1048,CGAGCACGTCACCTGG-1,2230
1049,ACATCAGTCCGCTGGA-1,2230
1050,CGTCTACGTCATCCAA-1,2230
1051,AGCTCTCGTGGCCTGT-1,2230
1052,GGTGTTAGTCATCCAA-1,2230
1053,ACGTCAATCTGGTCCT-1,2230
1054,GCCAAATGTTAGAGCG-1,2230
1055,AAAGCAATCCGCTCTA-1,2230
1056,ACGCCAGAGTGAACAT-1,2230
1057,CATCAGACAAAGGGTC-1,2230
1058,TGAGGGAGTATCTCTT-1,2230
1059,AGCCTAAGTTCGAGCC-1,2230
1060,ACTTACTCACGGCTGT-1,2230
1061,CTACCCATCTACAAGC-1,2230
1062,GAATGAATCAGTACCA-1,2230
1063,TTTACTGAGCGCTCAC-1,2230
1064,TTCGAAGAGGCTCTTA-1,2230
1065,CCTAGCTGTTGGTGAG-1,2230
1066,TAAGAGATCTATTGCT-1,2230
1067,TCGCGAGGTGGACGTA-1,2230
1068,TCGGTAAAGTTTAGGA-1,2230
1069,TCGGGACAGACTTTCG-1,2230
1070,ATAACGCGTTCAAGAA-1,2230
1071,CACAGGCGTCACATGT-1,2230
1072,TGGACGCTCATCACTT-1,2230
1073,TTTGGTTAGGGATCTG-1,2230
1074,GTAGTCATCCAACGAT-1,2230
1075,TAGCCGGAGACTTGAA-1,2230
1076,CCTCAGTTCCGCCTTA-1,2230
1077,CGGACACTCCTCTCAG-1,2230
1078,GTGCTTCAGTAGTGCG-1,2230
1079,CAGCTGGGTTAACCTG-1,2230
1080,GTCACGGAGATACACA-1,2230
1081,CCCAGTTGTGCACACC-1,2230
1082,GGAATAAAGATGTGGC-1,2230
1083,GTGAAGGGTGTGTTCA-1,2230
1084,GCTGCTTGTCCTCCAT-1,2230
1085,CAGCTAATCCTCTCAG-1,2230
1086,CCCTCCTCATAGAGCG-1,2230
1087,ACTGTCCTCTTCTTGA-1,2230
1088,GTCAAGTAGTGAAGTT-1,2230
1089,GAACGGATCATGCGCG-1,2230
1090,TGGGAAGGTGTCTAAC-1,2230
1091,TGTCCCAGTGCCTACG-1,2230
1092,CACAGGCGTACTGCTA-1,2230
1093,TAGGCATAGACCTTTG-1,2230
1094,GGTGCGTTCTACAGCA-1,2230
1095,GCGACCAGTAGGGACT-1,2230
1096,TCAGCAAGTCGCGTAC-1,2230
1097,CGACTTCTCTGTGGCG-1,2230
1098,GCTGCAGAGACAAGCC-1,2230
1099,GTGCGGTGTGCGAACA-1,2230
1100,ACATGGTGTCAAAGCG-1,2230
1101,TAGACCAAGCAGACTG-1,2230
1102,ATCCACCGTTCAAGAA-1,2230
1103,TACTCGCCAGAAAGCC-1,2230
1104,AGTTGGTGTCGCCAAC-1,2230
1105,CGATGTAGTATGTACC-1,2230
1106,GAGCAGATCTACGGCG-1,2230
1107,AGCTCTCCAACCTGCG-1,2230
1108,TAGTTGGTCGATACAC-1,2230
1109,TTTGGTTTCTTGTTAC-1,2230
1110,CATCCACAGTAGCGGT-1,2230
1111,TAAGCGTTCGAAAGGC-1,2230
1112,CATGCCTCAAGAACTA-1,2230
1113,GTAACTGGTCCAGTGC-1,2230
1114,AGTGTCAGTAATGACA-1,2230
1115,ACGCAGCAGTGACATA-1,2230
1116,AACTCAGTCATCTCCG-1,2230
1117,AGCAGCCCAACTCGCG-1,2230
1118,CGGGTCAAGTGGAGTC-1,2230
1119,AGACGTTCACAGAGCA-1,2230
1120,GTTACAGAGCTCCTTC-1,2230
1121,GTGCATAGTTACGCCG-1,2230
1122,TATCTCAAGGCGATAC-1,2230
1123,ACTGAACTCCACGATA-1,2230
1124,CAACCAAAGAAGATTC-1,2230
