,barcode,group
4,GTATCTTAGGTGCTTT-1,691
5,ATTGGTGTCGTAAGGG-1,691
6,ATTATCCCATGCGTGC-1,691
7,GGACATTCATCCCTTG-1,691
9,CTCGGAGTCACCGCAG-1,691
10,GGTGTTATCGCGAGAA-1,691
20,CTGTTTACACCTGGCA-1,691
23,ATTCTACCACGTACAT-1,646
24,CGCCAAGCAATGGTAA-1,646
25,TACTCGCGTCCAGCCA-1,646
26,ACGAGGAAGTCCGGTC-1,646
27,GTGTTAGGTTCCACAA-1,646
28,TGTATTCGTGCTTCCT-1,646
29,CACATTTAGAGTTGGC-1,646
30,AGAGTGGTCCAACAAC-1,646
31,CAGAATCTCACAGCCG-1,646
32,ACGCCGACAGATCGAG-1,646
33,GTACGTAAGCCTATGT-1,646
34,CCCTCCTTCCGCCTTA-1,646
35,CCTTACGTCACGCTCT-1,646
36,CATTATCCAGCGTGTC-1,646
37,TACGGGCTCGACTTCC-1,646
39,CGTCCATCATGCCATA-1,645
40,CTAGAGTGTAAGTAAC-1,645
41,TATGCCCAGGCACATG-1,645
42,CTCCTAGTCGGGTCCA-1,645
43,CTTGGCTGTACGGTGA-1,645
44,ACATCAGGTTCGGTGC-1,645
45,CGGACGTTCAGAGCGA-1,645
46,GGGCACTAGTGTTAGA-1,645
47,ACTGCTCCACGCCTGA-1,645
48,TTATGCTCAAATCAGA-1,645
50,GATCGCGGTGCGAAAC-1,645
51,CTCGGGAGTACGCGAA-1,645
52,CGCTTCATCTGCCGTT-1,645
53,TTGGCAAGTCCATTGA-1,645
56,AGTGTCACAGACTTGT-1,645
57,GATCGTATCACGACGC-1,645
58,AGAGTGGTCCTTGAAG-1,645
59,CTGCTGTTCGAGGAGT-1,645
60,GGACGTCAGCGACGTA-1,645
61,TAAGAGAAGATCCTGT-1,645
62,GACCTGGAGCTTTGGT-1,645
63,CTAATGGGTAGAACAT-1,645
64,AGCTTGAGTCTCGTCT-1,645
65,GGTGTTAAGGCAGTCA-1,645
66,ATTATCCGTGACCCAC-1,645
67,CCTTACGCAATAGGAT-1,645
68,ACTTACTAGGGTGTGT-1,645
69,AGAGCTTAGGGATTCG-1,645
70,CTTAGGATCCAAAGAA-1,645
71,CTCACACTCGTGTACA-1,645
72,AGTTGGTGTCCGAATT-1,645
73,TTCTCAAAGCCTGATT-1,645
74,CCTTCCCCAACATAGA-1,645
75,TGCGGGTGTCAACATC-1,645
76,AGCTCTCGTTGAACTC-1,645
77,CACCAGGTCCACTTCG-1,645
78,TCAGGTAGTCTGGGCT-1,645
79,GTAACTGGTTGGTGAG-1,645
80,TTCGAAGTCAGTACCA-1,645
81,CTAGTGAAGCAGTCTT-1,645
82,TCGGTAAAGCGCCTCA-1,645
84,TTCTACACATGTATGC-1,632
85,TCTCTAACATAGTGGG-1,632
86,GATCGATGTCGCGAAA-1,632
87,CTAGTGAGTCATCTAG-1,632
88,CTTCTCTAGGTGTTAA-1,632
89,GTCATTTCACGGAATG-1,632
90,CCTATTAAGTTTGCGT-1,654
91,ACCCACTCAGAATTCC-1,654
92,TCATTTGTCTACGTGA-1,654
93,TCGGTAAGTTTAGCAC-1,626
94,ATTTCTGCATTCAGCA-1,626
95,GTGAAGGGTCGCTCAG-1,626
96,GTTCTCGCAACAGCCC-1,626
97,ACGAGCCGTCGCTCAG-1,626
98,AGATTGCCAACACTTG-1,626
99,ACAGCTAAGTCGAGTG-1,626
100,TCGGGACGTCAAGTCT-1,626
101,GAGTCCGTCTGTATGG-1,626
102,CGTCACTCATATCGCA-1,626
103,ATAAGAGAGATCTGAA-1,626
104,CTTGGCTAGTTGTAGA-1,626
105,TCTATTGTCCGTTCAC-1,626
106,CCTTCGATCCAGGCAC-1,626
107,CAGATCAAGCGTGAAC-1,626
108,GCACATAAGAAGGGTA-1,626
109,TTGGCAACATGCAGTT-1,626
110,GACGCGTTCGAGAATA-1,626
111,GGCCGATGTGCACACC-1,626
112,GGTGAAGAGAATTCCC-1,626
113,ATCACGACATGCGTGC-1,626
114,GACGCGTAGCGTGAAC-1,626
115,CATCCACAGATAGCAT-1,626
116,TGACGGCTCTCGGAAT-1,626
117,AGAGCTTCATGATGCT-1,626
118,TCAATCTTCCAACAAC-1,626
119,CAACTAGGTCAGTTTG-1,621
120,CGCCAAGAGAAAGCTT-1,621
121,ACTGAGTAGAGTAGCC-1,621
122,GATGAAAAGTAGGCCA-1,621
123,GCTTGAATCGAGTATC-1,621
124,ACTTGTTCAGACGAGT-1,621
125,GAACATCCAGTGCTTA-1,621
126,GCGGGTTCACTATGCA-1,621
127,GTAGTCACACGACGCT-1,621
128,GGCTGGTTCAGCCACG-1,621
129,GTTAAGCGTGCTCGAC-1,621
130,GCTGGGTTCACCAGCG-1,621
131,CACATAGAGGACAGAA-1,621
132,GTCTCGTGTTGGTATC-1,621
133,CGTGTCTCACGTAGGA-1,621
134,CTGTTTACAAGCAAGC-1,621
135,GTACTTTGTGGACGTA-1,621
136,AAGTCTGGTCCAGCCA-1,621
137,GCTTGAACACACGCAC-1,621
138,GCTTGAACAATCCTTT-1,621
139,ATTTCTGCAGGTCTGC-1,621
140,CGGGTCATCTTCACAT-1,621
141,GTCACGGCACTCTGGG-1,616
142,AGTGTCAAGGCATTTC-1,616
143,TGTGGTACAGGGACTA-1,616
144,TACAGTGTCCCGCATT-1,648
145,CAGAATCGTCAGCCGT-1,648
146,CACAGGCCATCACTGA-1,648
147,GGCAATTAGGATCGCA-1,648
148,TGACTAGTCATCGCGG-1,648
149,CAGCTGGTCTAGAGCT-1,648
150,CGGGTCATCTTGCGGG-1,648
151,CAGTAACCAAGACTTC-1,648
152,TGCTACCCAAATTCCG-1,648
153,CCTTCGATCCACCCAT-1,648
154,CTGCCTAGTCCAAGTT-1,648
155,GTGGGTCCAGACAGTG-1,648
156,GCGGGTTGTGTGTTCA-1,648
157,AGCCTAAAGCCTAACT-1,648
158,GACTACATCCTTGAAG-1,648
161,GAACATCTCACGTATG-1,653
163,CCTACCAAGTTTAGGA-1,653
164,CTAGTGAGTGTTCCGG-1,653
165,GACCAATCACTACGTA-1,653
166,CAGCATAGTAAAGTCA-1,653
167,CTAGAGTGTACTCGTA-1,653
168,ACTGAGTTCAGCGGCT-1,653
169,GGTGAAGAGCACGCCT-1,653
170,CCTAGCTTCCACTAAG-1,653
171,CTCTAATGTCCTCCAT-1,653
172,ACGCCAGGTATTCGTG-1,653
173,ACACCAAAGAGTCTGG-1,653
174,CTCGTACTCGCACAGC-1,653
175,GACTGCGAGTAGGTGC-1,653
176,TAGCCGGAGATAGCAT-1,653
177,TTTGCGCAGATGTCTC-1,653
178,CCTTTCTAGCCTGATT-1,653
179,ATGAGGGAGCGATTCT-1,653
180,CACTCCATCCCACAAA-1,653
181,CCCAATCAGGCCGAAT-1,653
182,CTCTACGCAATAGGAT-1,653
183,TGACTAGGTAGCCCTG-1,653
184,CTCATTATCTCAGATG-1,653
185,TAAGTGCTCCCACAAA-1,653
186,CACCTTGAGCCAACAG-1,653
187,CCACGGACAGATATCC-1,653
188,ATAACGCCACTACGTA-1,653
189,CACATAGTCCACCGGA-1,653
190,TCTGAGACATGGAGAC-1,653
191,ACACCCTGTTACGCCG-1,653
192,CCACTACTCATTGTTC-1,653
194,CCTTCCCTCTGCCGTT-1,666
196,CTTAGGATCTCGTCTG-1,666
199,CGCGTTTCAGTGCTTA-1,666
200,TACTTGTCAACCCACG-1,666
202,ACTGCTCCAGTACTCA-1,676
206,AGCTCTCTCCCACAAA-1,48
207,GCATGATCATCTGTAG-1,217
208,ACGGAGAAGCCAAACG-1,435
209,GCGCCAACATATCGTG-1,435
210,AGCTTGATCTTGCGAA-1,440
211,AGGTCATAGATAGTCA-1,440
212,TGTTCCGAGCAAATCA-1,440
213,CGAATGTGTCATCTGA-1,440
214,GTAGTCATCGATAGGG-1,440
215,GAAATGAAGATAGCAT-1,440
216,TTAGTTCTCTCTAGTT-1,440
217,ACATCAGCATCCATAG-1,15
218,AGCGTATAGAATTCCC-1,442
219,CTAAGACTCGTACGCG-1,442
220,CAGCCGATCAGATTCG-1,442
221,ATCACGAAGTTTCCTT-1,442
222,TCATTACGTAGCGTCC-1,442
223,CCTCTGAAGGCCCGTT-1,442
224,TCTTCGGTCGAGAATA-1,442
225,ATTATCCGTACCAACT-1,442
226,GCTTGAACAATCTCTT-1,442
227,ATAGACCAGGAATCGC-1,442
228,TGGCTGGTCATTCGCC-1,442
229,GGACGTCCAGCGTCAC-1,442
230,TCTCATAAGCCGAACA-1,442
231,TGACAACGTTGATCTG-1,444
232,CATGGCGGTTAACCTG-1,444
233,GATGCTAGTGCGAAAC-1,444
234,TCATTACCAGCTTGAT-1,444
235,CGTGTCTGTCTCGGCA-1,444
236,GGGAATGTCAGTGAAA-1,444
237,CTCAGAATCACGCTCT-1,444
238,AGCTCTCTCTGAGATC-1,444
239,CATTCGCAGAATGTTG-1,444
240,GTCTCGTTCTACGGGC-1,444
241,TCAGCAATCGTATCCC-1,444
242,TGTGTTTCATGAGGGT-1,444
243,GGAAAGCGTGGTCAAG-1,444
244,CTAATGGTCCGACCAG-1,444
245,TGAGGGACAGCGCTTG-1,444
246,CAGCTAATCTTAAGGC-1,444
247,GTTCTCGCACGCCTGA-1,444
248,CGATCGGGTTACGCGC-1,444
249,CATTATCTCTGGGATT-1,444
250,GGACGTCGTCAGCCGT-1,444
251,GGGTTGCAGCAATCTC-1,444
252,GGGATGAGTCGAGTAG-1,444
253,TACTCGCGTCAGTTTG-1,444
254,ACTTACTAGTTGTAGA-1,444
255,CTAGCCTCATGCCATA-1,444
256,AACTTTCGTGATCCTA-1,444
257,ATCATCTAGGTGCTTT-1,444
258,AAAGTAGCAGACACGA-1,444
259,CGTGAGCTCGGAGAAC-1,444
260,GATCGTATCAGTTCTT-1,444
261,CCTCAGTAGTGATCGG-1,444
262,GACCAATAGCCAAACG-1,444
263,CAGTCCTGTGAACACG-1,444
264,CCGTGGATCGCCTGGA-1,444
265,CAACCAAGTTTAGGAA-1,444
266,GTCTTCGAGATCCCGC-1,444
267,CTAATGGAGCGACGTA-1,152
268,GATTCAGCACTGTATG-1,452
269,GACACGCAGTAGATGT-1,452
270,TAGTGGTTCCGAGATT-1,452
271,ACGCCAGAGGCATATA-1,452
272,TATGCCCAGACTAAGT-1,452
273,ACAGCCGCAATTAAGG-1,452
274,AAACGGGTCATTGTTC-1,452
275,ACGCCAGGTGATAAGT-1,452
276,CGTAGGCGTATATGAG-1,452
277,AACTTTCCATTTCTTG-1,452
278,CGATCGGTCATTTCGT-1,452
279,CCTAGCTGTAGAATAC-1,452
280,GTGCTTCTCAGTAAAG-1,452
281,TGCCCATTCACGTAGT-1,452
282,GACGTTAGTTACGGCC-1,452
283,AATCGGTTCTACAGCA-1,452
284,CTGCCTATCGATTGCA-1,452
285,TATCTCAAGCCTAACT-1,452
286,TTAGGCAAGCAACGGT-1,452
287,CATCCACGTACCACTA-1,452
288,CTTACCGAGCATCTTG-1,452
289,TTCTACAAGCCCAATT-1,452
290,CACAGGCAGACTAAGT-1,452
291,TGCGGGTCACTAGGCC-1,452
292,ACTGTCCCATCAGCAT-1,452
293,GCTCCTACAAGCATGG-1,452
294,GTATCTTCACGAAGGT-1,452
295,TACGGTAAGTAGGTGC-1,452
296,GGCTCGAAGCTGAACG-1,452
297,TCCCGATGTAGTCTGT-1,452
298,ACTGATGCAGTGAAAT-1,452
299,AGGTCATAGACAGAGA-1,452
300,AGCAGCCCATCCAGGC-1,452
301,TGACGGCTCCGGTTCT-1,452
302,ATAACGCCATACGTTG-1,452
303,GCGCAGTGTATACACC-1,452
304,ACGTCAATCTGTGAAC-1,452
305,GTGGGTCCAGCCCGAT-1,452
306,CCTACCATCACGTATG-1,457
307,GACGGCTTCTCATGTT-1,457
308,CGGGTCATCGTTCGGG-1,457
309,GAAGCAGAGGGAACGG-1,457
310,CGAGCCATCGGATGCC-1,457
311,TTAGGACAGACTTTCG-1,457
312,CACATAGGTCAGTGGA-1,457
313,GAGTCCGCATTCAGTG-1,457
314,CCCAGTTGTATCTCTT-1,457
315,TAAGAGACATCTGTAG-1,457
316,AGCGGTCTCGTTAAGC-1,453
317,CTACACCGTCAACCGC-1,453
318,GTTCTCGGTTCGATTG-1,472
319,CGAACATCAGTGAAAT-1,472
320,GATCGTAGTGTAATGA-1,472
321,CCAATCCAGACCGATG-1,472
322,CTCGAAACAGTGGATG-1,472
323,GGGTCTGGTACGTCAT-1,472
324,GCGCAGTGTTCCCACT-1,472
325,GCTCCTATCAGAAACA-1,472
326,TAAGTGCCATGGCACC-1,472
327,AAATGCCGTTGAGCAG-1,472
328,GGAATAAGTTGCAGCC-1,472
329,CGGAGTCAGCCCGAAA-1,470
330,GCAAACTTCTGAAGGG-1,470
331,CACAAACGTAGACGAC-1,470
332,CGCGGTATCGTTGCAA-1,470
333,TACGGGCCAAGCTATC-1,285
334,AGAGTGGAGGATCGCA-1,476
335,TAAGAGAGTTCTCTCG-1,476
336,TGCCAAATCGAAATCC-1,323
337,ACATACGTCTGGATCA-1,401
339,GGAGCAAGTCATACTG-1,239
