,barcode,group
0,CTGCGGAAGAATTCCC-1,408
1,TGGGAAGGTTCAAGGG-1,715
2,TGCGCAGCAGCACACC-1,699
3,CCTACACAGCGTAATA-1,291
4,GCTTCCATCGCGATGC-1,1256
5,GTCGGGTCAACATCAC-1,1256
6,ATAACGCTCCTCAGTC-1,144
7,ACACCAACACCCGTTT-1,1341
8,GCGAGAATCAATCTTC-1,1341
9,GGTATTGAGATTACCC-1,539
10,ACTGAGTAGGCCCACT-1,86
11,AGGCCACCATGCCATA-1,1470
12,CATCCACTCCGACGTG-1,1470
13,GACGTGCAGGCTAGCA-1,1470
14,TCCCGATTCATGTCAG-1,1470
15,TGACGGCTCACCAGCG-1,1470
16,AGGGTGATCTGATCAG-1,1470
17,GCGAGAATCTCCCTAG-1,1470
18,CCACCTAGTTAGTGAA-1,1470
19,GGACATTAGTGGTAAT-1,1470
20,CAAGAAAAGGAGTAGA-1,1470
21,GACACGCTCCGTAATG-1,1470
22,CTAGCCTCAATCCGTA-1,1470
23,CAGATCATCCTGCACT-1,1470
24,GCTGGGTGTTGGTGAG-1,1470
25,GGTGAAGAGAATGTTG-1,1470
26,CATGGCGTCACTACAG-1,1470
27,AAATGCCCAACGAAAT-1,1470
28,ATAGACCGTAGTCAAA-1,1470
29,TGGCGCAGTACTACAC-1,1470
31,AAGCCGCCAACATAAG-1,1470
33,ACGTCAAAGCACAGGT-1,1470
34,GCATACAAGCTGCGAA-1,1470
35,TCCACACCATAACAAG-1,1470
36,TACACGATCTAAGTGC-1,1470
37,CACAGGCTCCCAGAAT-1,1470
38,GGACAGAAGTCGATAA-1,1470
39,CTGGTCTAGGAATGGA-1,1470
40,GTCTTCGTCGGTAAGG-1,1470
41,CAGCCGAGTACTCGCG-1,1470
42,GAGCAGAAGGAGTCTG-1,1470
43,CTTTGCGGTCTCGAGC-1,1470
44,TGCGTGGTCCTGACAA-1,1470
45,ACGAGGAAGCTAACAA-1,1470
46,TACGGGCAGGCCCACT-1,1470
47,TTGGAACCAGCGTGTC-1,1470
48,AGCCTAACAATTGAAG-1,1470
49,GGACGTCAGTACGACG-1,1470
50,TTCCCAGGTTCTAGTG-1,1470
51,TTGAACGTCGTTGGAT-1,1470
53,GCACTCTCAACTACTG-1,1470
54,GGAATAAGTACTCCGG-1,1470
55,TCAGGATAGTTATCGC-1,1470
56,AGCATACGTCAAGTTC-1,1470
57,CAACCTCAGCAGAGAA-1,1470
58,TTGACTTTCTGCTGAA-1,1470
59,GACTACACAACTCCGG-1,1470
60,TAGCCGGAGAGCTTCT-1,1470
61,AAAGTAGCAGTCCGGT-1,1470
62,CGGACTGAGCGAACTG-1,1470
63,CTAAGACCATAGTGTC-1,1470
64,GTCGTAATCGTGCTAA-1,1470
65,TACCTATGTACCACTA-1,1470
66,GATCGCGAGTTAACGA-1,1470
67,CCACTACAGCTGCCCA-1,1470
68,AATCGGTGTCTTCGCT-1,1470
69,TACCTTAGTTCTTTGT-1,1470
70,AACTCAGTCGACTTCC-1,1470
71,TTGCCGTTCGTTCGGG-1,1470
72,AATCGGTGTCTCGGTG-1,1470
73,TACGGATCATCAGGGA-1,1470
74,GACTAACGTAGGGTGT-1,1470
75,AGCTCCTGTGCTGTAT-1,1470
76,GACGTGCAGGCTCAGA-1,1470
77,CTTACCGAGCGATTAA-1,1470
78,TGCCCTAGTCATCTAG-1,1470
79,CCCTCCTAGCGACGTA-1,1470
80,GGGAATGTCAGGGACA-1,1470
81,GTACTCCAGTGGCACA-1,1470
82,ACGAGCCAGTACGACG-1,1470
83,CGTCTACGTGATTTGC-1,1470
84,CCTTTCTGTAATCAGA-1,1470
85,TTCTCAAAGCTCTCGG-1,1470
86,ACGGGTCCAACGAAAT-1,1470
87,GATGCTACAATGTAGA-1,1470
88,GCTGGGTTCGACCATA-1,1470
89,ATCGAGTTCTCAGTTT-1,1470
90,CCAATCCCACCAATGT-1,1470
91,AGTAGTCGTAACGACG-1,1470
92,GCAAACTCAACTTTCT-1,1470
93,GACGTTACAATGGCAG-1,1470
94,GTGCATATCCGCACGA-1,1470
95,ACATCAGGTACCGCTG-1,1470
96,TTGAACGAGAATCGTA-1,1470
97,CATCAAGGTTATTGGC-1,1470
98,TGGCCAGAGCGATTCT-1,1470
99,TTTCCTCAGAAGGTGA-1,1470
100,ACATCAGTCACGTTAG-1,1470
101,CGATTGAAGCCTATGT-1,1470
102,AACTTTCAGAACTTCC-1,1470
103,CCTAAAGAGTACGACG-1,1470
104,ATCCGAAAGAGCAATT-1,1470
105,TTGTAGGTCTGGCAGC-1,1470
106,CGAGAAGCACTTGAGT-1,1470
107,ACTGAGTGTTCCCACT-1,1470
108,TCTCTAATCTGCACAA-1,1470
109,GACCAATTCTCAGTTT-1,1470
110,ATCTACTGTGACCAAG-1,1470
111,TGCGTGGGTCGCGTCA-1,1470
112,GTTCGGGGTCCGAAGA-1,1470
113,CTGGTCTTCATCACTT-1,1470
114,GGACAAGGTACCGCTG-1,1470
115,TTCTCCTCAACCGCTG-1,1470
116,CATCCACAGTCCATAC-1,1470
117,TGCCAAACATGTATGC-1,1470
118,CGGTTAATCTAAGACC-1,1470
119,GACCTGGAGGGAGTAA-1,1470
120,AAACCTGGTCCGGGTT-1,1470
121,GAACATCAGCGTAATA-1,1470
122,AGCGGTCGTACCTTGA-1,1470
123,CTAATGGGTCATACTG-1,1470
124,AGCGTATTCACACTAG-1,1470
125,ATCTGCCCACGAGTTT-1,1470
126,CACCACTTCTAAGACC-1,1470
127,GATGAAAGTAGGCTGA-1,1470
128,ACGCCGATCGTAAGGG-1,1470
129,GTCACAATCATCTTTG-1,1470
130,CGTTGGGGTACGGTGA-1,1470
131,CTTACCGAGCCCAACC-1,1470
132,CGGACGTCACTTGCAA-1,1470
133,GAATAAGGTCTCGTCT-1,1470
134,TCCCGATTCGAAATCC-1,1470
135,CAGCGACGTAACGCGA-1,1470
136,GCATACACAGTTCCGG-1,1470
137,GTCTCGTCAGGGCTTC-1,1470
138,CGGAGCTGTCTTCACC-1,1470
139,GTCATTTCAAACGAGC-1,1470
140,CATTATCGTTAGAATG-1,1470
141,CCTCTGAAGAGGTAGA-1,1470
142,TTCTTAGAGCCGGTAA-1,1470
143,ACTGAGTCATCCAGCG-1,1470
144,AACTCTTGTAACGTGG-1,1470
145,GTTACAGCACTAAGGG-1,1470
146,CAGCAGCCAACGGGAT-1,1470
147,AACTCAGAGGCTAGGT-1,1470
148,GAATGAAAGGGAGTAA-1,1470
149,GTAGTCAGTCCCACAG-1,1470
150,CGTGTAAGTTAACCTG-1,1470
151,GTGCTTCGTCGTGAAG-1,1470
152,TATCTCACAACATAAG-1,1470
153,CCTCTGAGTCAAGTTC-1,1470
154,TGACTTTCAGGCCGTT-1,1470
155,TTGTAGGGTCCAGTGC-1,1470
156,GGTGTTACACTTGCTC-1,1470
157,ATGCGATTCTAATGGC-1,1470
158,AAGCCGCCAACAGAGC-1,1470
159,GGACAGAGTTTACTCT-1,1470
160,ATCCGAAAGGGCTTCC-1,1470
161,TGTGGTAGTAACGCGA-1,1470
162,TGAGGGAGTGAGTCAG-1,1470
163,CCTCAGTTCCCAGAAT-1,1470
164,CAACTAGGTTGCCTCT-1,1470
165,GTAGTCAGTCTAGGTT-1,1470
166,ACTGATGTCCTTCGCA-1,1470
167,TAGTGGTTCGACCCTT-1,1470
168,CAGAGAGTCCAGACCG-1,1470
169,CAGCGACTCCCTGAGG-1,1470
170,CGTCACTGTTGTTCAG-1,1470
171,TGGGAAGAGGACAGCT-1,1470
172,TTATGCTAGTTTAGGA-1,1470
173,AAATGCCGTGCTGTAT-1,1470
174,TGAAAGACATGAGGCA-1,1470
175,TCAGGATCACCCAAAT-1,1470
176,TCGTAGACATCTAAGC-1,1470
177,CACTCCAGTACTAGGG-1,1470
178,CACCTTGTCTTATGGG-1,1470
179,ACGGCCATCTGGTCCT-1,1470
180,CCCTCCTCAAACGGGT-1,1470
181,TCCACACTCAGCAGCC-1,1470
182,TGTGTTTTCCGCGACA-1,1470
183,CCCAATCTCGACTTCC-1,1470
184,TGCGTGGCAAGACTTC-1,1470
185,CGTTCTGAGAGGGCTT-1,1470
186,CTGCTGTGTACCAAGG-1,1470
187,CGTAGCGAGTTCGCAT-1,1470
188,GACGTGCAGGGATCTG-1,1470
189,CCTTTCTTCCAACGAT-1,1470
190,CGTAGGCCACGCTGAC-1,1470
191,GATCAGTAGGTAAGTT-1,1470
192,TCCCGATCAAGCATGG-1,1470
193,GGTGAAGAGTGGAGAA-1,1470
194,GTATCTTCATGATGCT-1,1470
195,TGACGGCGTTAAGATG-1,1470
196,ACTTACTGTAATCAGA-1,1470
197,CAGAATCCAGGACCAA-1,1470
198,CGTTGGGTCCTTCGCA-1,1470
199,AACTGGTCAATCTCTT-1,1470
200,CCGTGGACAGCGCTTG-1,1470
201,CAGCAGCTCTACGGAT-1,1470
202,CAGCTGGGTTTAGCAC-1,1470
203,TCTCATAGTCACCAGC-1,1470
204,TTTACTGAGCCAGTTT-1,1470
205,CACATTTAGCCAACAG-1,1470
206,TTGGAACAGTCCAGGA-1,1470
207,ATAAGAGAGACAGAGA-1,1470
208,CTGAAACCAAGCTACT-1,1470
209,GAACATCCACTCACCT-1,1470
210,AGAATAGGTGTGAAAT-1,1470
211,CGGGTCACACGCACGT-1,1470
212,TCATTACTCTGGGACC-1,1470
213,CCATTCGTCGCGGACT-1,1470
214,CTACGTCTCCCTGAGG-1,1470
215,ACCGTAAGTTTCGCAA-1,1470
216,TGGCGCAAGAACTTCC-1,1470
217,CTGAAACTCTATTGCT-1,1470
218,TGACGGCAGAAGGCCT-1,1470
219,GTTCGGGAGTCGTCCG-1,1470
220,TGACTTTGTGTTACGT-1,1470
221,ACATCAGAGTCCCGAC-1,1470
222,CATCGGGGTTAAGCCT-1,1470
223,TTCTCCTAGAAACCCG-1,1470
224,TACTCATAGCCGTCGT-1,1470
225,TGAGGGACAACGGGAT-1,1470
226,TCAACGAGTCACATGT-1,1470
227,CAACCTCCAGGCCGTT-1,1470
228,GCGCCAAAGGTCGGAT-1,1470
229,TCGCGAGAGTGATTGA-1,1470
230,TTCTTAGGTCATTACG-1,1470
231,GTACTCCAGCGATATA-1,1470
232,ACCAGTAAGTCCCGAC-1,1470
233,ATTGGACAGTAGTGCG-1,1470
234,GGAACTTTCCGCTTGT-1,1470
235,TCTATTGGTATAAGTG-1,1470
236,TACGGTACACACCTAA-1,1470
237,TGGCGCACACGACTAT-1,1470
238,CCTAGCTTCGAGCACC-1,1470
239,CGACCTTGTTGAACTC-1,1470
240,CTTAACTTCTCGTCTG-1,1470
241,GCTCCTAGTCAAAGCG-1,1470
242,TACTCGCAGTCAAGGC-1,1470
243,GAATAAGAGGATGCGT-1,1470
244,GCTGGGTTCGGAAGAC-1,1470
245,ATGTGTGAGGAATGGA-1,1470
246,GGTATTGCACGATAGG-1,1470
247,CCATGTCAGACGCTTT-1,1470
248,GTGGGTCTCGAAATCC-1,1470
249,CGCCAAGCACACTCGG-1,1470
250,CTGAAACGTTAAGCCT-1,1470
251,CTGCCTAAGTCGACTT-1,1470
252,ACGGGTCAGCCCGTGT-1,1470
253,CTCCTAGCATCAGCAT-1,1470
254,TGACTAGTCCAAACCA-1,1470
255,TTGAACGGTTTGGGCC-1,1470
256,CAAGAAATCGAACAAA-1,1470
257,GGGTTGCAGCATGGCA-1,1470
258,ATAGACCTCACGTAGT-1,1470
259,ATCTACTAGTGCGATG-1,1470
260,TCTATTGTCTAACGTG-1,1470
261,CAGCTGGCACCAGTGC-1,1470
262,GTCTTCGCATGGATTC-1,1470
263,AAGACCTAGTAGTATG-1,1470
264,CCATTCGTCCGCGACA-1,1470
265,CTACATTTCAGCGCGT-1,1470
266,GCTTGAAAGAAACCCG-1,1470
267,GTAGTCACATGTAGCT-1,1470
268,GTCGTAACAGACTTGT-1,1470
269,ACACCCTAGACAGGCT-1,1470
270,ATGAGGGGTTTGGCTA-1,1470
271,CTCTGGTCACCACACG-1,1470
272,AGGGATGTCGTTACCC-1,1470
273,GCAGTTAGTGTCAACT-1,1470
274,GTCAAGTTCGACCATA-1,1470
275,TCAACGACATTATCCT-1,1470
276,CCGGTAGAGAACAATC-1,1470
277,GTAGTCACACATCTAG-1,1470
278,CAGTCCTTCCTATGAG-1,1470
279,GCTTCCACACCTGCAG-1,1470
280,ACATACGGTAGCAGTG-1,1470
281,CGCGTTTTCCGCCTAT-1,1470
282,ATCTGCCGTGGTAAGC-1,1470
283,CATATGGTCCGCGGAT-1,1470
284,TATCAGGGTGTGCTTA-1,1470
285,ACGGGTCAGAGTTGGC-1,1470
286,TGAGAGGTCAGGACTT-1,1470
287,AACTCTTCACTTTCCG-1,1470
288,ACGGAGATCAGGACAG-1,1470
289,ACGCAGCGTGATCCTA-1,1470
290,ACATGGTGTGAAGCCA-1,1470
291,ACATCAGTCGGGTCAC-1,1470
292,CATATTCTCCACCGGA-1,1470
293,CCAATCCTCATTGCTT-1,1470
294,GATCTAGGTCATTACG-1,1470
295,AGGCCACCATTATCCT-1,1470
296,ATAGACCCAGATACCT-1,1470
297,GAACCTAGTAGTGACG-1,1470
298,TTGAACGCAATGGGAC-1,1470
299,GGATTACGTACCTCGG-1,1470
300,TGGTTAGAGCCGTCGT-1,1470
301,AGCGTATTCAGGGACA-1,1470
302,CGAACATTCACTGCGG-1,1470
303,ACGGCCACACCGAACC-1,1470
304,CAAGAAACACAAGGAC-1,1470
305,CACATTTTCGTTAAGC-1,1470
306,CATCAGAAGACCACGA-1,1470
307,CACACTCAGCTATGCT-1,1470
308,TCATTACCAACCTGAT-1,1470
309,CATCCACGTGTGCTTA-1,1470
310,GGAACTTAGCAAAGCC-1,1470
311,CCTAGCTGTACCAGTT-1,1470
312,TAAGCGTAGGGAGTAA-1,1470
313,GACTGCGGTAACGACG-1,1470
314,AAGACCTCATCCAGGC-1,1470
315,TGCCCATTCACGTAGT-1,1470
316,CATCAAGGTGTAATGA-1,1470
317,CATTCGCCAATAGGAT-1,1470
318,GCAGTTAGTCAAGTTC-1,1470
319,CACATTTTCGCGGACT-1,1470
320,ACGAGCCTCATCACTT-1,1470
321,TGCGTGGAGATCACTC-1,1470
322,CACACAAGTTAACCAC-1,1470
323,TACCTATTCTCATCTA-1,1470
324,CCACTACCAAGGTCGA-1,1470
325,CTCGGGACAACGGCTC-1,1470
326,CAGCATAAGGTAACGC-1,1470
327,ACTTGTTAGTCGTACT-1,1470
328,CCCATACTCAGAGCGA-1,1470
329,AAGGAGCCATAACTCG-1,1470
330,TTGGAACAGGTGTGTG-1,1470
331,GCAATCAAGAAGGTTT-1,1470
332,CGAGAAGGTGGTACAG-1,1470
333,CTGCGGATCTCCCTAG-1,1470
334,CATCAGATCTTGCTTA-1,1470
335,CGTGAGCGTCCCTGGA-1,1470
336,ACTATCTCAGCATGTT-1,1470
337,GTTAAGCAGCTAGTGG-1,1470
338,AAAGATGGTAACAATG-1,1470
339,CAAGAAAGTGACATGG-1,1470
340,AGACGTTCAAGGGATC-1,1470
341,ACCCACTTCCCGAATA-1,1470
342,ACGCAGCTCTCTAGTT-1,1470
343,AACTGGTCAGCCCGAT-1,1470
344,GGAGCAATCTGATCAG-1,1470
345,ATTATCCGTATGTACC-1,1470
346,CAGCTAAGTCTCCACT-1,1470
347,TTAACTCGTTGAAGGC-1,1470
348,CAACCTCAGCCCAACC-1,1470
349,ACTGAGTAGGAGTTTA-1,1470
350,GGAACTTTCGGAGAAC-1,1470
351,CGTCAGGCAACAGAGC-1,1470
352,CGGACGTCAAAGTAAC-1,1470
353,AGGTCCGAGATTGAGT-1,1470
354,CGGAGCTAGAGGGATA-1,1470
355,ACTGTCCAGGTGCTTT-1,1470
356,GTACGTACATGAGACG-1,1470
357,CGGGTCAGTTTCGCAA-1,1470
358,CTCGTACTCTCGGAAT-1,1470
359,CTCGAGGAGTGAAGAG-1,1470
360,GTTCTCGTCCAACGTA-1,1470
361,CCATTCGTCCTGAAAC-1,1470
362,CGTCAGGAGATTCACC-1,1470
363,GGAACTTTCGAGTATC-1,1470
364,TTAGGCAAGAGTCCTT-1,1470
365,GCACATATCTTTCGCG-1,1470
366,ACCCACTGTAAACCTC-1,1470
367,CGTTCTGGTGCTTTCC-1,1470
368,GTCGGGTCATCTGTAG-1,1470
369,GGGTCTGTCCATTTGT-1,1470
370,TCCCGATCAGTACTCA-1,1470
371,CGTCACTCAAATAGGT-1,1470
372,TAGTGGTTCAGCATAC-1,1470
373,CATGGCGTCGCCAACG-1,1470
374,GTGAAGGTCGAGTATC-1,1470
375,TCCACACTCCACAGCG-1,1470
376,CGTTGGGGTACGTTTG-1,1470
377,CGGAGCTGTCCAGTGC-1,1470
378,GTCTTCGCAATGGCAG-1,1470
379,CCGGTAGCAGGTCAAG-1,1470
380,GGTATTGAGTCAAGCG-1,1470
381,GATCAGTTCGAGGTGA-1,1470
382,CCTAGCTAGCCCGTGT-1,1470
383,TCTCATATCAAGTTGC-1,1470
385,AGTAGTCCAGAGGCTA-1,1470
386,TGAGCCGGTCAGAAGC-1,1470
387,CATCGGGCATCATGGT-1,1470
388,ACTTTCACAATCCTTT-1,1470
389,GTCGTAAGTGGTCAGA-1,1470
390,CATCCACAGTGATGAT-1,1470
391,TTGACTTGTTTCCATT-1,1470
392,CCACTACAGCGTCGTC-1,1470
393,TCGCGTTTCGTACGCG-1,1470
394,AGCCTAAAGTGAAGTT-1,1470
395,AATCGGTAGGCTCAGA-1,1470
396,ATGTGTGCATAGGGCA-1,1470
397,CGGTTAAGTGTCAACT-1,1470
398,CGTTGGGAGCTGTTCA-1,1470
399,TTCGGTCAGACTGGGT-1,1470
400,AGTAGTCTCTGAGATC-1,1470
401,TACGGGCAGTTTGGCT-1,1470
402,TAGAGCTAGGCAACAC-1,1470
403,ACGATGTTCCCTGAGG-1,1470
404,TCATTTGGTTAAGATG-1,1470
405,AGAGTGGGTACTACAC-1,1470
406,CTTACCGCAGTACTCA-1,1470
407,TATCTCAAGTAGATGT-1,1470
408,ACTGATGTCTGGCCTT-1,1470
409,AGATCTGTCAGAGCGA-1,1470
410,ACGGGTCGTGTGCTTA-1,1470
411,TAGACCAAGTGTTGAA-1,1470
412,ACATACGAGAGTCTGG-1,1470
413,CAGTCCTAGATGCGAC-1,1470
414,TACAGTGAGCCGTCGT-1,1470
415,CGATTGATCAGTGCCG-1,1470
416,TACTTGTAGAGGACGG-1,1470
417,CACATTTGTTGAACTC-1,1470
418,ACCCACTAGTTGGCTT-1,1470
419,TCAGCTCCACCAGTGC-1,1470
420,TACTCATTCGGAGAGT-1,1470
421,GTGTGCGGTCAATTCG-1,1470
422,ATTACTCTCCTGATTT-1,1470
423,AGAGTGGCATTGAAAG-1,1470
424,CCTACACAGAGCTGCA-1,1470
425,GACGTGCGTAACCGAG-1,1470
426,TGTGTTTAGATCCGAG-1,1470
427,GTAGGCCAGTACGACG-1,1470
428,TAGTGGTCATATCGCA-1,1470
429,CGTTCTGTCACGAGTT-1,1470
430,TTATGCTCAAGACGCA-1,1470
431,CATCAGACACTTGAGT-1,1470
432,TGCGGGTCAGTAGGGT-1,1470
433,GATCAGTCAGGTGTGA-1,1470
434,ACCCACTGTCGCCAAC-1,1470
435,AGGGTGAGTAGGGACT-1,1470
436,TACGGTAGTGTCCGAC-1,1470
437,TACTCGCAGAGGGATA-1,1470
438,ACGCCAGGTCTAACGT-1,1470
439,ATCCACCAGAGTACAT-1,1470
440,TACACGAGTGCTCGAC-1,1470
441,TCATTACGTAGAACAT-1,1470
442,CCTTCCCAGCGATTCT-1,1470
443,TAAACCGCACACACGC-1,1470
444,ATCTGCCAGCTGTTCA-1,1470
445,ATAGACCAGTAGCGGT-1,1470
446,CCTCAGTCAATCTCTT-1,1470
447,AACTGGTTCTACGTGA-1,1470
448,AGAGCGACATGCCGGT-1,1470
449,ATGAGGGCATGCGTGC-1,1470
450,TACTCATAGTTAACGA-1,1470
451,GACTGCGAGCGTCAAG-1,1470
452,GACCAATAGACACGAC-1,1470
453,TGTGTTTCAGTGAATA-1,1470
454,CCTCAGTGTACTCACA-1,1470
455,CCATGTCGTAACGAGC-1,1470
456,CCGTACTAGTGTATCC-1,1470
457,CGATGGCCAGAATTCC-1,1470
458,AGACGTTCAGCGCCAT-1,1470
459,CCCAATCCAAGGCCCT-1,1470
460,ATCCACCGTAGCGTCC-1,1470
461,AGCGTATCAGAGATCG-1,1470
462,AAGGTTCTCACCACGG-1,1470
463,GCAAACTTCAGCACGC-1,1470
464,ATAAGAGAGGGTTCCC-1,1470
465,CTGTGCTTCGGCACCA-1,1470
466,CGTCAGGTCATTCGCC-1,1470
467,AGCAGCCCAGGTACGA-1,1470
468,AGGGTGAAGAAGGTTT-1,1470
469,ACGTCAATCGTCCCTA-1,1470
470,TCGTAGAGTCCCTGGA-1,1470
471,GTCACAAAGCATGAGC-1,1470
472,ACGATACTCCGTTAAG-1,1470
473,GAGTCCGAGAGACGAA-1,1470
474,TCGTACCAGCTAAACA-1,1470
475,CGTTGGGAGGCCCTCA-1,1470
476,TGGGCGTAGCGGCTTC-1,1470
477,ACGGAGAAGTCGATAA-1,1470
478,GGGCATCCAGTCCCTT-1,1470
479,CATCCACAGATCCGAG-1,1470
480,CGAGCACGTGGCAACA-1,1470
481,GGGCACTAGTCCCACG-1,1470
482,TGAGCATTCAACAGTC-1,1470
483,ATAAGAGTCTGAGATC-1,1470
484,CGGACTGTCTGGGCAC-1,1470
485,GACTAACAGAGACTTA-1,1470
486,GGTATTGTCTTTCGCG-1,1470
487,TCGTAGATCCGCTCTA-1,1470
488,CCGGGATTCGACTGCG-1,1470
489,CGTTGGGAGACCTAGG-1,1470
490,TAGGCATCAGCCAGTC-1,1470
491,GGCTGGTTCCGTTCAC-1,1470
492,CGGGTCAAGGTGCTTT-1,1470
493,CGGACACTCATTGCTT-1,1470
494,GCTGCAGTCAGTACAC-1,1470
495,ACGGCCAGTGTGATCT-1,1470
496,CAGAGAGGTCCAGTGC-1,1470
497,AGAGCTTAGACGTCGA-1,1470
498,AGAGCTTGTCAGTGGA-1,1470
499,CACATAGAGACTTTCG-1,1470
500,ACGCAGCGTAGCCCTG-1,1470
501,GACGTGCGTGTGCTTA-1,1470
502,CTACCCACAAGACGCA-1,1470
503,CCTCTGATCCCACGGA-1,1470
504,CGATCGGCAGACACGA-1,1470
505,TACGGGCTCACTGCGG-1,1470
506,AGTAGTCAGTGTACCT-1,1470
507,GCTGCTTAGGGATCTG-1,1470
508,GCTTCCACATCGGCGT-1,1470
509,AAAGATGTCATCTCCG-1,1470
510,TTGTAGGGTCTCGGCA-1,1470
511,AAAGATGTCCGTTCAC-1,1470
512,TCAGCTCGTGCTCGAC-1,1470
513,TTGGCAAAGTTTCCTT-1,1470
514,CTGTGCTTCGTTGCTC-1,1470
515,GATTCAGCAGGTCTGC-1,1470
516,TGCTGCTCACACCTAA-1,1470
517,AACTCCCGTTCGCGTG-1,1470
518,TGCGGGTCATACTTGG-1,1470
519,CGATTGAGTCGGATGA-1,1470
520,CAGCCGAAGCTCCTTC-1,1470
521,CCTACCAAGTTAGGTA-1,1470
522,GATCGTACACCCAAAT-1,1470
523,TCTCTAAGTAACCGAG-1,1470
524,TTCGGTCTCGGATCCG-1,1470
525,CGCTATCGTTACGCCG-1,1470
526,GCATGTATCGCAACGC-1,1470
527,CGGCTAGGTTAACCAC-1,1470
528,TGCCAAACACCCTCTA-1,1470
529,GACGTGCTCAGCGGCT-1,1470
530,TACTTGTGTGTCAACT-1,1470
531,CCGGTAGGTACCTCGG-1,1470
532,GCGCAACGTTCTCTCG-1,1470
533,ACACTGATCGACAATC-1,1470
534,GCTCTGTAGTGTATCC-1,1470
535,GCATGTAAGTCCGGTC-1,1470
536,CATTATCAGCCCTAAT-1,1470
537,GCGCAACTCCGCTTGT-1,1470
538,CTGCTGTAGGAGTAGA-1,1470
539,TCAGCAACAGTGTGGA-1,1470
540,CATCGAACAAAGGGTC-1,1470
541,CGCTGGACAGTCCGCA-1,1470
542,CACCAGGCAGTCCGCA-1,1470
543,CAGTCCTGTCAACTGT-1,1470
544,CTCCTAGGTATGAAAC-1,1470
545,CTAACTTAGAAGGGTA-1,1470
546,GTGAAGGTCACTTTAC-1,1470
547,CGACCTTAGGCGATAC-1,1470
548,TGCTGCTAGGTGTGTG-1,1470
549,ATCTACTAGTTACCCA-1,1470
550,TACACGAAGTGATGGC-1,1470
551,CAGAATCGTCCCGACA-1,1470
552,GAACGGATCTGCACAA-1,1470
553,TTGGCAATCAAGCCGC-1,1470
554,CCTTTCTCATACCAGT-1,1470
555,TGTCCCAGTTATCCGA-1,1470
556,AAAGCAAGTCCGCAGT-1,1470
557,CATTCGCCAGCACACC-1,1470
558,CTGCCTACATTTCGTT-1,1470
559,CGGGTCAGTCTAGCGC-1,1470
560,CCCATACGTGCCTACG-1,1470
561,TGCTGCTGTTCAAGGG-1,1470
562,TATGCCCTCACGTATG-1,1470
563,TGACTAGTCATCGGTA-1,1470
564,GACTGCGTCCTTGAAG-1,1470
565,GGGCATCCAAATGATG-1,1470
566,AAAGCAACAGACACAG-1,1470
567,ACGCCAGCAAGAGAGA-1,1470
568,CGAGAAGGTTAGCTCA-1,1470
569,GGACAAGCAAGCACGA-1,1470
570,AACTCAGTCAAGAAAC-1,1470
571,AACTCTTTCGTGTGGC-1,1470
572,ACTGAGTCAACAGAGC-1,1470
573,GCATACAGTATGAAAC-1,1470
574,CTTAGGATCGTAGCGC-1,1470
575,GCTGCTTTCCGAAGCC-1,1470
576,CTAGCCTAGCGATGAC-1,1470
577,CACACCTCAACACCGC-1,1470
578,GACAGAGAGTCAAGGC-1,1470
579,GTCTCGTTCCTACCCA-1,1470
580,GTATCTTGTCCAGCCA-1,1470
581,TACGGTAAGGTGTGCA-1,1470
582,CCTAAAGCACGGCTGT-1,1470
583,GGTGAAGTCAGCACGC-1,1470
584,TATTACCTCTCCACGT-1,1470
585,TCTTTCCCACTTCTTA-1,1470
586,CTAAGACGTTTGGCGC-1,1470
587,CTCTAATAGCTACCTA-1,1470
588,AAAGCAACAGCGCATC-1,1470
589,CAGCATAGTCAGAAGC-1,1470
590,GGCAATTTCGTGCCTT-1,1470
591,CATCAAGCAGCCAGTC-1,1470
592,CGGAGTCGTTTACTCT-1,1470
593,CTTAACTCAGGGCTTC-1,1470
594,GGCTCGAGTGACACGA-1,1470
595,TGAGAGGCACGCACGT-1,1470
596,TCAGCTCAGGCTCTCG-1,1470
597,AAGGCAGGTCTCCACT-1,1470
598,GAACGGACAACCCACG-1,1470
599,ACGATGTGTACCATCA-1,1470
600,AGGGATGAGCATCTTG-1,1470
601,CGACCTTCAACATGGG-1,1470
602,TCTTCGGCACCGGCAT-1,1470
603,AAGGCAGTCCTACCCA-1,1470
604,CAGAATCGTCTCGTCT-1,1470
605,GCTGCGAAGTTACCCA-1,1470
606,GATCGATGTCGGAAGT-1,1470
607,GGGTCTGCAACCCACG-1,1470
608,CCATGTCAGAGTAATC-1,1470
609,AGAGCTTTCAGTGCCG-1,1470
610,AGGTCCGAGCAAATCA-1,1470
611,ATCACGAAGCAGTAGC-1,1470
612,GCGCAACGTGCCTGGT-1,1470
613,GCAGCCATCGACAATC-1,1470
614,TGATTTCTCTATGCCC-1,1470
615,ACTGATGAGGGTTCCC-1,1470
616,TCGCGAGCAGAGATCG-1,1470
617,CGATGTAAGATGCGAC-1,1470
618,CGAACATTCATTGCTT-1,1470
619,TATCAGGAGCCGAACA-1,1470
620,ACACCCTCACAAACTC-1,1470
621,CGTTAGACAGTCCGGT-1,1470
622,ACTTACTCAATGGCAG-1,1470
623,TGCCCTAGTCTTCGCT-1,1470
624,CAGCGACTCACCGCAG-1,1470
625,GGGACCTAGGAGTAGA-1,1470
626,GTTTCTACAGTTGCCG-1,1470
627,CATATTCTCGAGTATC-1,1470
628,TAGCCGGCACAGCTAT-1,1470
629,ATCACGATCATTGGAC-1,1470
630,CTGAAACAGCTAGTTC-1,1470
631,GGCTGGTAGGTATCGG-1,1470
632,AGAGTGGTCTCAGCGG-1,1470
633,ATCACGAAGCGTGAAC-1,1470
634,CCACTACAGCAGGTCA-1,1470
635,GTCACGGCACGATCTA-1,1470
636,CTGTGCTCAGTACTCA-1,1470
637,TGTGGTAAGTCGACTT-1,1470
638,CTAACTTTCACACGGC-1,1470
639,CCCTCCTAGAGCTGGT-1,1470
640,TTATGCTCACCTCCAT-1,1470
641,CGGAGTCTCACAGCCG-1,1470
642,GGAGCAACAAACGGGT-1,1470
643,CGGAGCTCATTTGCGA-1,1470
644,GGTGTTATCGATCCGG-1,1470
645,CATCGAACAAAGCGCA-1,1470
646,GCGAGAAAGCGGATCA-1,1470
647,CTGCTGTCAACCCACG-1,1470
648,GACGTGCTCCACTTCG-1,1470
649,GATTCAGTCGTTAGGT-1,1470
650,TTATGCTAGGCTAGAC-1,1470
651,AGATCTGGTAAGATGT-1,1456
652,AGACGTTTCAGCGTCG-1,1456
653,TACTTACTCTTGCGGG-1,1456
654,TTGGAACTCGAGCGTC-1,1456
655,TTCGGTCGTAGGGACT-1,1467
656,CGTCACTGTCCAGCCA-1,1467
657,ATCTGCCAGAAAGTGG-1,1467
658,CGGAGTCAGTAGCGGT-1,1467
659,TTTACTGGTTAAACGA-1,1467
660,AACTCAGTCCGGTTCT-1,1467
661,CATATGGTCACGCTCT-1,1467
662,GTGCGGTGTCAAGCCC-1,1467
663,ACGATACGTCATCTGA-1,1467
664,CAAGGCCAGTTATCGC-1,1467
665,CCTCAGTGTTATTGGC-1,1467
666,CGATCGGAGTAGTGCG-1,1467
667,TCCACACAGAAGGACA-1,1467
668,CGTCCATCACGGAGTA-1,1467
669,GTAGTCACATCCGGCA-1,1467
670,GTAGGCCCACGTTTAG-1,1467
671,AAAGTAGTCATCGACA-1,1467
672,CGCCAAGTCTGAAGGG-1,1467
673,ACTGTCCGTTGCGGCT-1,1467
674,ATCACGAAGCGATTCT-1,1467
675,CGCCAAGGTCTTCGTC-1,1467
676,TATGCCCGTAACTTCG-1,1467
677,AGAATAGGTCCTTGGG-1,1467
678,GGTGTTAAGGGTAGGG-1,1467
679,CGGAGTCAGTGAATTG-1,1479
680,CTCAGAACACAACTTG-1,1479
681,CGTAGCGCATAACAAG-1,1479
682,GTTACAGAGCGAGAAA-1,1479
683,CAAGAAAGTTCCATGA-1,1479
684,AGATTGCCACATCTAG-1,1479
685,ACACCAAGTACAATAG-1,1479
686,CACCAGGTCACACGTA-1,1479
687,CAGCATACAGTGAATA-1,1479
689,AGGTCATCAACTCATG-1,1479
690,GTCGGGTCACTCTTAT-1,1479
691,GACAGAGTCTGTATGG-1,1480
692,TACTCGCAGACTAGAT-1,1480
693,ACGGGCTGTAGGATAT-1,1480
694,TAAGTGCTCCACTAAG-1,1480
695,GCACATAAGCTTAGAA-1,474
696,TGTGTTTCATGATAAG-1,1382
697,GCGCCAAGTTGAACTC-1,1382
698,TTGGCAATCATCGCAA-1,1382
699,TCTGGAACATCCTGGG-1,1489
700,CTTACCGAGGTACTCT-1,1489
701,CAGCTAATCCAACCGG-1,1489
702,TATTACCGTAGTTCTG-1,1489
703,GCGCAACCATTTCTTG-1,1489
704,AGCGGTCAGATATGGT-1,1489
705,CCTATTATCTTGTTAC-1,1489
706,TCAGGTACAACATAAG-1,1489
707,AGGTCATTCGTTACCC-1,1492
708,GTATTCTCAAGTGAGC-1,1492
709,CTCGGAGCATGGATTC-1,1495
711,GATGCTACAGGTTAAA-1,1498
712,GCGGGTTAGCAACGGT-1,1498
714,CGTGTAAGTAGTTGGG-1,1497
715,AGCGGTCGTCGAGTAG-1,1497
716,CGTTAGAGTCCGGTGT-1,1497
717,GTGCATATCGGAGAAC-1,1506
718,GCGCAGTAGTCGAGTG-1,1506
719,ACACTGAAGCCGGTAA-1,1506
720,CATTCGCTCCCTAAGA-1,1506
721,GGGAATGTCCTGATTT-1,530
722,ACGGCCATCGGCTCAG-1,1509
723,CACACAACACGGGATA-1,1509
724,CAGCAGCGTCAGGTAG-1,1472
725,GAATAAGGTAGATAGT-1,1472
726,GGGTCTGCACGAAGGT-1,1472
727,CCCAGTTCACACTCGG-1,1472
728,ATTACTCCAAATTCCG-1,1472
729,GTCGTAATCGGGTCCA-1,1472
730,AGATCTGGTTGAGCAG-1,1472
731,CATTCGCTCAGCAGCC-1,1472
732,AAAGATGGTCAAGTTC-1,1472
733,GAAACTCGTGACTGAG-1,1472
734,CAAGGCCGTAGATGCG-1,1472
735,TCGTAGAAGGCAGTCA-1,1472
736,CGCGGTAGTCTGCGCA-1,1472
737,TAGGCATCACGTAGGA-1,1472
738,AGTGGGACAATTAAGG-1,1472
739,CCCATACTCAGTACAC-1,1472
740,AAGACCTTCAGTGCCG-1,1472
741,ACCCACTAGCTAGGCA-1,1472
742,TTTATGCGTAAGATGT-1,1472
743,GGACGTCTCCAGACCG-1,1472
744,CGTTCTGGTCTTCACC-1,1472
745,GTTCTCGAGTTACCCA-1,1472
746,CGCTTCACATTTGCGA-1,1472
747,TGGCGCAGTACGTTCA-1,1472
748,CACATTTGTACGTGCC-1,1472
749,GTTACAGAGCCAGTTT-1,1472
750,TTAACTCAGATATGGT-1,1472
751,CCACCTATCTATGCAG-1,1472
752,CTACATTAGGGATCTG-1,1472
753,ATTCTACGTTATCCGA-1,1513
757,CAGTAACTCATTCGCC-1,1524
