,barcode,group
4,GTAACTGTCGACAACT-1,1940
6,AAAGTAGAGGGATCTG-1,1940
7,ATCCGAATCGCGGACT-1,1940
11,GTTAAGCTCGGTGCGT-1,1611
12,TGGCTGGTCAGGACTT-1,1611
13,GGCTCGACAAGTGACG-1,1654
14,GGGTTGCTCCGACGTG-1,1654
15,TCAACGACATAGACAA-1,1866
16,GCACATAAGAAGGTTT-1,1866
17,CACCAGGGTGTCAACT-1,1866
18,TGTGTTTCAAGGTCGA-1,1866
19,TTCTCAATCGTGTACA-1,933
20,ACTGATGTCGCTCTAC-1,1897
21,AGTCTTTGTACCGTCG-1,1897
22,TTGGCAAGTTCTTTGT-1,1897
23,GTCGGGTGTTCGTAAC-1,1895
24,AAGACCTCAACTCATG-1,1895
25,TTCTCAAAGGCATATA-1,1895
26,ATTGGTGTCTAAGACC-1,1806
27,AGTGTCAAGTTAGGGC-1,1806
28,TCAGGATCATGTATGC-1,1806
29,ACATGGTGTCGCCAAC-1,1773
30,GTCGTAATCACGTATG-1,1773
31,ATCACGACAGGTTAAA-1,1877
32,GTCTTCGCAGCAGATG-1,1877
33,GTTCTCGGTAGCTAAA-1,742
34,ATGAGGGAGCTTAGAA-1,1864
35,CACATTTAGCGTAATA-1,1864
36,AGCGTATCATTCAGTG-1,1860
37,CTCTACGGTATCAGTC-1,1860
38,GGATGTTAGCGTCAAG-1,1860
39,TGTATTCCATCCAGCG-1,1860
40,AACTCAGCAGCCCATG-1,1860
41,AGCATACGTGCGCTTG-1,1860
42,CTGGTCTTCGCTATGA-1,1860
43,TCTCTAAGTGCACTTA-1,1860
44,TGAAAGATCCGACGTG-1,1860
45,AACACGTTCGTTACTT-1,1860
46,GCTTGAACATAGTGTC-1,1860
47,GCAGTTATCCCTAAGA-1,1860
48,GGACAAGCAGTTATGC-1,1860
49,TTCCCAGAGTAGTATG-1,1860
50,TACTCGCCAGCTTGAT-1,1860
51,GAAGCAGTCCGTATTT-1,1860
52,GGACAAGCAACTAGTC-1,1860
53,CATCCACCACATAAAG-1,1860
54,TCAACGAAGGCTAGTG-1,1860
55,GGTGCGTCAATCCGTA-1,1860
56,TACTTGTCATACCAGT-1,1860
57,CTCGTACTCCAGGTTA-1,1860
58,CTCTGGTAGAGTACAT-1,1860
59,CAAGGCCGTAACTGTC-1,1860
60,ATTACTCCAACGCTTA-1,1860
61,AGGCCACGTGGTGCAA-1,1860
62,AGCTCCTTCCAAAGAA-1,1860
63,CACAGGCCAACACTTG-1,1860
64,CGTCACTTCGTGCTAA-1,1860
65,GGGCATCCAGTAGAAT-1,1860
66,ACTGCTCTCTGGGCAC-1,1860
67,TACTCGCGTGGGAAGG-1,1860
68,TGAGCATTCAGCATAC-1,1860
69,CTGCTGTTCTCGAACA-1,1860
70,CGTTAGAAGACAAAGG-1,1860
71,TTGTAGGAGCCAGTTT-1,1860
72,CAGAATCGTTAGAATG-1,1860
73,CTCTGGTAGCGATATA-1,1860
74,TCAGCTCTCTGTATGG-1,1860
75,GAAACTCTCACAGCCG-1,1860
76,TCGCGTTGTCGACGCT-1,1860
77,CATATTCCATAACTCG-1,1860
78,CCCAATCTCTGACGCG-1,1860
79,CCCTCCTTCTGACGCG-1,1860
80,GCTGCAGGTCTCTTTA-1,1860
81,GTTTCTAAGCACACAG-1,1860
82,TCAGGATCAAGTACAA-1,1860
83,AAATGCCGTCGTCTTC-1,1860
84,GTCCTCATCGAGAATA-1,1860
85,TCACAAGCAACCTGAT-1,1860
86,CACCACTCAGTGAATA-1,1860
87,CTTTGCGTCCTCCTGA-1,1860
88,AGAGTGGCAGTGTAGG-1,1860
89,CACCACTGTACCAGTT-1,1860
90,GACTACAGTAGCAGTG-1,1860
91,TGGCTGGAGCTAGTGG-1,1860
92,TCTCTAATCGGTAAGG-1,1860
93,GAACATCCATCAGCAT-1,1860
94,TTAACTCGTCCGGTGT-1,1860
95,CTCTAATTCCAACGTA-1,1860
96,GGAATAAGTCGCTGTG-1,1860
97,GGAAAGCAGCGATGAC-1,1860
98,CTGCGGATCACGTATG-1,1860
99,ATCGAGTAGCAGTACG-1,1860
100,CATATTCCAGCGCTTG-1,1860
101,CGCTGGAGTGCTGTAT-1,1860
102,GTTAAGCCATTTCTTG-1,1860
103,CCCATACGTAATCAGA-1,1860
104,TATCAGGGTCTTCGCT-1,1860
105,GACTGCGGTGACCCGT-1,1860
106,CAGCTAATCGACGAAG-1,1860
107,CTTAGGAAGGCTACGA-1,1860
108,CACAAACAGTTAGCGG-1,1860
109,TTGAACGGTGTTACGT-1,1860
110,CTGATAGGTCCATGAT-1,1860
111,ACCGTAATCTCCAGCT-1,1860
112,CACACTCGTCTAGCGC-1,1860
113,CTACACCAGGTGACCA-1,1860
114,TTGGCAAAGAGTTGGC-1,1860
115,CGTCTACCAGTGGATG-1,1860
116,ACTGAGTCATTTCTTG-1,1860
117,CGGACGTGTGCATGAG-1,1860
118,GCGACCATCTACGGGC-1,1860
119,TCATTACTCGACTGCG-1,1860
120,CTACGTCAGGTGCACA-1,1860
121,CCTTCCCCATACGGTT-1,1860
122,GAACATCTCCCGAATA-1,1860
123,TGCGTGGTCCCAGAAT-1,1860
124,AACTCAGCAGCCAAAG-1,1860
125,ATTCTACCACTAACTG-1,1860
126,ACGCAGCCAGCATGTT-1,1860
127,AGCGGTCGTGATAAGT-1,1860
128,ATAACGCCATCTGTAG-1,1860
129,CATATGGAGGGAGTAA-1,1860
130,ACAGCCGGTTAAGATG-1,1860
131,GTGCGGTGTCACCTGG-1,1860
132,ATAAGAGCAGCATGTT-1,1860
133,CTCTACGGTTAAGTAG-1,1860
134,CTAGTGATCATCAGGT-1,1860
135,GGGCATCGTGGAAGGG-1,1860
136,AACTCTTGTAACGAGC-1,1860
137,CTAATGGGTCAGGTAG-1,1860
138,TTCTCAAAGCATCTTG-1,1860
139,TTTCCTCAGAGATGAG-1,1860
140,AGAATAGGTAAGTGTA-1,1860
141,AGTGGGATCGTCTAAG-1,1860
142,TCGGGACAGCGATTAA-1,1860
143,GTGTGCGTCTGGTAGT-1,1860
144,TCTTCGGCACGTCATA-1,1860
145,ACGATGTGTCACGCAC-1,1860
146,TCGAGGCAGCTCAACT-1,1860
147,AGGGAGTGTAGACGAC-1,1860
148,CGCGTTTGTTATTGGC-1,1860
149,CTACACCAGCTGCGAA-1,1860
150,GCAGTTACACTACGTA-1,1860
151,CAGTCCTTCTCGTCTG-1,1860
152,AGGGAGTAGAGACTAT-1,1860
153,TTAGGCAAGCCCGAAA-1,1860
154,GAGTCCGGTCGCGAAA-1,1860
155,GTCTCGTCACAGAAAT-1,1860
156,CCCATACGTTCGATTG-1,1860
157,CTGTTTAAGACTTGAA-1,1860
158,CCACTACAGCCGGTAA-1,1860
159,TTCTTAGGTAACAGCG-1,1860
160,CGATTGACAGCTTGAT-1,1860
161,GCTCCTATCGGAGTTT-1,1860
162,GCAATCAGTGACATGG-1,1860
163,GTCCTCATCACTATGG-1,1860
164,AGCAGCCAGCAGAGAA-1,1860
165,GCGCAACCATCAAGAA-1,1860
166,CGACCTTTCGATAAGA-1,1860
167,AGGCCACAGTGCGTGA-1,1860
168,CAGTAACCAGCGCTTG-1,1860
169,GCTGCTTTCTTTCGTA-1,1860
170,TTTATGCCAAGCATGG-1,1860
171,GGCTCGACATTACTTC-1,1860
172,GGTGTTAGTGTAGTTC-1,1860
173,TAGACCAGTGCTTCGG-1,1860
174,TGGTTCCGTGGCCACT-1,1860
175,AAGGAGCCACACGTGC-1,1860
176,CTCGAGGCACACGCAC-1,1860
177,TACACGAAGGACACCA-1,1860
178,ATAGACCTCTGTATTC-1,1860
179,GGAATAACATCCACGG-1,1860
180,AACTGGTGTCTCCACT-1,1860
181,TTATGCTGTCTCGTCT-1,1860
182,GTGCGGTCAGTACCTA-1,1860
183,TTAGGACCACAAGCGA-1,1860
184,GACTGCGCATCTCAAG-1,1860
185,TTTGTCAGTTTCCATT-1,1860
186,AAACCTGTCTCAGTTT-1,1860
187,AACTCTTGTAACGTGG-1,1860
188,GTGGGTCTCCAGGAAG-1,1860
189,TGGCGCAAGACCTAGG-1,1860
190,CTCGAGGTCCTACTCG-1,1860
191,CTGCTGTTCAAGTGCT-1,1860
192,ACTGTCCGTTTACTCT-1,1860
193,GTGGGTCTCCTCCTGA-1,1860
194,AAATGCCAGTCTCGTA-1,1860
195,CAACCTCCATTACGCA-1,1860
196,TGGCCAGGTACATGAA-1,1860
197,CTCGTACTCGGTAAGG-1,1860
198,GATTCAGTCACGTATG-1,1860
199,AACACGTAGGACAGAA-1,1860
200,GGCCGATAGGTGTTAA-1,1860
201,CTAACTTCATGAGAAT-1,1860
202,GATGAGGGTCCTAGTA-1,1860
203,TTTACTGAGACAAAGG-1,1860
204,TCTGGAAGTCCGAATT-1,1860
205,CACCAGGGTCCCACAG-1,1860
206,GTCACAACACCACATA-1,1860
207,TGCTACCAGGCCCTTG-1,1860
208,TGTGGTAGTCTCGTCT-1,1860
209,AACTCCCGTAACAGCG-1,1860
210,GCGCAACCATCCGTTC-1,1860
211,GTTCATTAGATATACG-1,1860
212,TTAGGCAAGCTCCTTC-1,1860
213,GCTCCTAAGCGATGAC-1,1860
214,AGGGAGTGTGACTGAG-1,1860
215,GGACGTCAGTTCCACA-1,1860
216,CATTCGCGTGGTAAGC-1,1860
217,TAAGAGAGTCAAGTCT-1,1860
218,GTATTCTCAATCGTCA-1,1860
219,TGCGCAGTCGACTGCG-1,1860
220,CTGAAGTTCCGTTAAG-1,1860
221,GCGCGATTCGATACAC-1,1860
222,GGCTGGTTCCGGTTCT-1,1860
223,CTGCCTAGTTAACCAC-1,1860
224,CAGCGACCACTCTTAT-1,1860
225,GAACATCCATGATAAG-1,1860
226,TCATTTGAGTGCGATG-1,1860
227,TACCTTATCTACATGG-1,1860
228,CCCAATCGTTCGATTG-1,1860
229,CGTCCATCACTTGCAA-1,1860
230,CCTAAAGCATATCGTG-1,1860
231,GAACGGATCATCTTTG-1,1860
232,GTCTCGTAGCGTCGAA-1,1860
233,CTACGTCAGTACAGTA-1,1860
234,CATGCCTGTGTTTCAG-1,1860
235,TCCCGATCACAACTTG-1,1860
236,TTGCGTCCATAGGGCA-1,1860
237,AGCGGTCAGCCCAATT-1,1860
238,CACACTCAGGCTCATT-1,1860
239,TAGACCACACCAGTGC-1,1860
240,TCAGGATTCTATGCCC-1,1860
241,AACCATGCATTACGCA-1,1860
242,CGTCAGGAGTCCGGTC-1,1860
243,CCCATACTCGTGTACA-1,1860
244,CCGGTAGGTGGAGCTA-1,1860
245,TTGGCAACAAACCCTA-1,1860
246,ACGCAGCGTAGTGACG-1,1860
247,ACTGTCCTCCTACCTG-1,1860
248,GTGTGCGTCTCGTCTG-1,1860
249,TGGCGCAGTTCGGTGC-1,1860
250,ACGAGGATCGACGAAG-1,1860
251,ATCCGAAGTGGCAAAC-1,1860
252,CACAGGCTCGACCCTT-1,1860
253,TCAGGATCAAGAATCA-1,1860
254,TCCCGATCAAGTCGGA-1,1860
255,ACTTACTCATCTGTAG-1,1860
256,GCCTCTAAGCCAAACG-1,1860
257,GCAATCAGTGCTCTGG-1,1860
258,AACCATGGTCTACATG-1,1860
259,TACTTGTTCTACATGG-1,1860
260,CGTTCTGCACCAAAGG-1,1860
261,ACTATCTGTGACATGG-1,1860
262,GGCTCGAAGGGCTTGA-1,1860
263,CGTCTACAGAGTACAT-1,1860
264,CGAGCACGTCACATGT-1,1860
265,ACAGCCGTCACGACGC-1,1860
266,TAGGCATAGCGAGAAA-1,1860
267,CATGCCTAGGCCGAAT-1,1860
268,CCATTCGCAAGACGCA-1,1860
269,TCAGCTCGTGAAGCCA-1,1860
270,TAGTGGTAGGAGTAGA-1,1860
271,TGAGCCGTCAGCCTGG-1,1860
272,TGCGCAGCACCAATGT-1,1860
273,TCAATCTTCCTACTCG-1,1860
274,ATAGACCCACGACTAT-1,1860
275,GTATTCTTCCTCTGTG-1,1860
276,AGGGTGATCCGCTGAG-1,1860
277,TGAGAGGGTTGATCTG-1,1860
278,ACGGGCTGTTCAGTGT-1,1860
279,CTCCTAGCAAGAGAGA-1,1860
280,GTCACAATCATTGTTC-1,1860
281,GGGATGAGTTAACCAC-1,1860
282,CTGCGGACAAGTGTTC-1,1860
283,TCTATTGCATAGGACG-1,1860
284,ATCTACTAGACAGTTA-1,1860
285,CACCTTGAGCATGAGC-1,1860
286,GGCGACTGTCATACCA-1,1860
287,CACACCTGTTACGGCC-1,1860
288,CCTACCAGTGTGATCT-1,1860
289,CCTAAAGGTTATGTGC-1,1860
290,GACACGCAGCAGTACG-1,1860
291,TATCTCACACAGAGCA-1,1860
292,ATCCGAATCCGCTCTA-1,1860
293,TACTTGTCAGCTTGAT-1,1860
294,CGACCTTAGTACAGTA-1,1860
295,GACGGCTCAATCCTTT-1,1860
296,GTACGTACAAGTACAA-1,1860
297,TTCTCAATCACGTTAG-1,1860
298,TTGACTTGTACGTTTG-1,1860
299,GTCAAGTCAGATTGTC-1,1860
300,CTGATAGAGGGTGTTG-1,1860
301,ATAGACCAGGTTCCTA-1,1860
302,CCATTCGGTCGCAAGA-1,1860
303,TGACAACGTGTGACAG-1,1860
304,TGCGCAGAGGCATTGG-1,1860
305,CCCAGTTCATTTCGTT-1,1860
306,GATGAAAGTAGTCTGT-1,1860
307,CAAGGCCTCGTTGCTC-1,1860
308,CGTCTACCAGTTCCGG-1,1860
309,AAACCTGTCAGCAGCC-1,1860
310,CACAAACGTAACGAGC-1,1860
311,TGATTTCAGCTAACTC-1,1860
312,AAATGCCGTCCTTGGG-1,1860
313,ATTACTCAGGGAAACA-1,1860
314,CCTTCGATCGTTGGAT-1,1860
315,GCATACAAGTGAACAT-1,1860
316,TGAAAGACAATAGGAT-1,1860
317,CCTACCAGTCATCTGA-1,1860
318,ATTACTCTCGACAACT-1,1860
319,CACAGGCCACAGCCAC-1,1860
320,AGGCCACCAGACTTGT-1,1860
321,CTCGAGGGTGAGTCAG-1,1860
322,ACGAGGACATGGAGAC-1,1860
323,GGCCGATCACCTCCAT-1,1860
324,CAAGTTGAGACACGAC-1,1860
325,GAGCAGAGTCCCTTGT-1,1860
326,CCACTACGTACTACAC-1,1860
327,CAACTAGAGAATTGTG-1,1860
328,ATGAGGGTCTTGGCCT-1,1860
329,TCTTCGGTCTGATGGT-1,1860
330,TCAGATGCACGTATGT-1,1860
331,GGATGTTTCCGGCTAG-1,1860
332,AGTGAGGCATGTAGCT-1,1860
333,TGAGGGACAACCTCAA-1,1860
334,CCACGGAAGCGCCTCA-1,1860
335,CTACACCTCAGCGTCG-1,1860
336,TGGGCGTGTGTGCTTA-1,1860
337,TTGCCGTTCTCACCTG-1,1860
338,TCATTTGTCTATGCAG-1,1860
339,ACTGTCCGTGTCTAAC-1,1860
340,CCACGGAGTCCGCAGT-1,1860
341,AAGGTTCTCACCGCGA-1,1860
342,ACTGAACCATCGCATA-1,1860
343,CAGAATCAGAGGTAGA-1,1860
344,TACTTGTGTACCGCTG-1,1860
345,TTAACTCTCGCTATTT-1,1860
346,GGACGTCAGAAGGTTT-1,1860
347,TAAGTGCGTGGGAAGG-1,1860
348,CTGCCTAAGGTAGCCA-1,1860
349,TATCTCACAGACTTGT-1,1860
350,CGATCGGAGTACACCT-1,1860
351,TCAATCTCAGGTCTGC-1,1860
352,CGAGCACAGGAGTTGC-1,1860
353,GTCGGGTCAGTAGGGT-1,1860
354,GAGTCCGTCCAACGAT-1,1860
355,AATCGGTAGGACCAGT-1,1860
356,CTCTACGTCGACCCTT-1,1860
357,GCTCTGTCACTTGCAA-1,1860
358,TCGGGACGTTACTGAC-1,1860
359,CTCTACGAGACCCACC-1,1860
360,GCTGCTTAGATTCACC-1,1860
361,CTCAGAACAGTACTCA-1,1860
362,TCCCGATAGGCCCTCA-1,1860
363,TTTACTGAGATCCCGC-1,1860
364,CGATTGATCGTAACCA-1,1860
365,TACTCGCTCTGTCGAA-1,1860
366,CGTCTACGTGATACCT-1,1860
367,CGAGCCAGTAACGACG-1,1860
368,TGTTCCGAGTCGCGTC-1,1860
369,CAGATCACACACACGC-1,1860
370,CATTCGCTCCACTTCG-1,1860
371,TAAGAGAAGTAGCCGA-1,1860
372,ACATGGTGTGTGTATC-1,1860
373,CGCGTTTGTCAAGCAG-1,1860
374,GGACATTTCCCACAAA-1,1860
375,CCGTACTCACCCGTTT-1,1860
376,TATTACCGTACGTTTG-1,1860
377,CGACTTCCATCTGTAG-1,1860
378,GACCTGGTCCTATGAG-1,1860
379,CATGGCGTCGAGTATC-1,1860
380,CGGAGTCGTGCTTTGA-1,1860
381,AATCGGTCATTGAAGA-1,1860
382,TTTGTCAGTGATATGA-1,1860
383,GTAACTGAGATCACTC-1,1860
384,TTCTACAAGACAGAGA-1,1860
385,ACCCACTAGAGCAATT-1,1860
386,TCGTACCCAACCCTGG-1,1860
387,CACATTTGTACCAAGG-1,1860
388,CTGCCTAGTAACTAAG-1,1860
389,CTAGAGTTCTGCACAA-1,1860
390,ACTGAGTGTGACTGAG-1,1860
391,GTCTTCGCACCCGTTT-1,1860
392,AACGTTGCAACCTGGC-1,1860
393,CCTACACTCCTCGACT-1,1860
394,TTGTAGGGTCAAAGCG-1,1860
395,TTGACTTGTACCTCGG-1,1860
396,CCTTCCCCATACTGCA-1,1860
397,GAATAAGAGGCGACAT-1,1860
398,TGGCCAGAGGCGCTCT-1,1860
399,AGTGTCATCACTTTAC-1,1860
400,GGATTACCACAGCTAT-1,1860
401,ACGGGTCCAAGACGCA-1,1860
402,ATCCGAACAGGGATCA-1,1860
403,CGTCTACGTCCGGTGT-1,1860
404,GATCGCGAGCCTAACT-1,1860
405,CGTCACTAGCTGTCTA-1,1860
406,GAGGTGAAGCCCGAAA-1,1860
407,GACCAATTCTGTCGAA-1,1860
408,GCAATCACATCCGGCA-1,1860
409,TCAGATGCACTAAGGG-1,1860
410,TTAGGACTCTGTGGCG-1,1860
411,ATCCGAACATTCCGAA-1,1860
412,AGGTCATCACGTGGCT-1,1860
413,GCCAAATCAAGTGTTC-1,1860
414,GATCGTAGTGAAGCCA-1,1860
415,GTGCTTCCACTATGCA-1,1860
416,AGTAGTCGTCCGAATT-1,1860
417,CATCAAGTCATCGGTA-1,1860
418,GGACGTCAGTCCGTAT-1,1860
419,GGGTTGCAGGCAGGTT-1,1860
420,CCTTCGAAGGCTCATT-1,1860
421,TGCTACCGTTCTAGAC-1,1860
422,TGACTAGAGAATCGTA-1,1860
423,ATCCACCAGCCGGTAA-1,1860
424,CATCGGGGTTGTCGCG-1,1860
425,AGCTCTCGTACAACGG-1,1860
426,TTCGGTCAGGCTACGA-1,1860
427,CAGCTAACATGCCGCA-1,1860
428,CGCGTTTCACGCCTGA-1,1860
429,CTACATTTCAAAGCGG-1,1860
430,CCACTACGTAGATAGT-1,1860
431,TGGCGCATCGAGAATA-1,1860
432,TACGGATAGACAAAGG-1,1860
433,TAGGCATTCGATAGGG-1,1860
434,ACGGCCATCTCGGAAT-1,1860
435,AGAGTGGCATCGGCGT-1,1860
436,CCTCTGATCCAAGGGA-1,1860
437,TAAGTGCGTTTCCGAA-1,1860
438,TTTCCTCTCGACAACT-1,1860
439,GACAGAGTCGTATCCC-1,1860
440,GTTCTCGCAGAGATCG-1,1860
441,CGAACATTCCACTTCG-1,1860
442,ACGCCAGTCAGCACGC-1,1860
443,CATCAAGTCATTTGCT-1,1860
444,CCTTCGAGTTGTCGCG-1,1860
445,TTAGGACTCGCAACGC-1,1860
446,CTCTACGCAAAGCGCA-1,1860
447,TGGCTGGCATGGCTCG-1,1860
448,CCTACCAAGTTAACGA-1,1860
449,CTTAACTAGTTATCGC-1,1860
450,CTGATAGTCCACAGAT-1,1860
451,TAAGCGTGTGGAAAGA-1,1860
452,CAAGTTGCAGCCCATG-1,1860
453,CGAGCACGTGGTGAGT-1,1860
454,CCTTTCTGTCCATTGA-1,1860
455,TGAGCATTCAGGACAG-1,1860
456,CCCATACGTAGTCAAA-1,1860
457,ACAGCCGAGACTCGGA-1,1860
458,AGGCCGTGTCATGCTA-1,1860
459,CAAGTTGGTAGACCAG-1,1860
460,TACTCATAGTACGCCC-1,1860
461,GATGCTAAGGGCTTGA-1,1860
462,GTGCATAAGCGTGAGT-1,1860
463,TGGCCAGAGCCGTCGT-1,1860
464,AGGGAGTAGTGACATA-1,1860
465,CAAGATCAGACCGATG-1,1860
466,GCTGGGTTCAGGACAG-1,1860
467,ACATACGCAGCGCTTG-1,1860
468,GACGGCTTCGCTATGA-1,1860
469,CCTACACGTCTAACGT-1,1860
470,ACCAGTATCCCTAAGA-1,1860
471,GTCGTAAGTAAAGTCA-1,1860
472,GTATTCTTCCTACTCG-1,1860
473,GTCAAGTAGGGTTCGA-1,1860
474,GTGCAGCTCTACAGCA-1,1860
475,CGGCTAGCAACTCACA-1,1860
476,GTGCAGCTCTAGCAGT-1,1860
477,CCTAAAGCAACCCACG-1,1860
478,TGACGGCTCTTCACGC-1,1860
479,GCTCTGTGTCACGCAC-1,1860
480,GAGGTGAAGTGGAGTC-1,1860
481,ACACCAATCAACAGCT-1,1860
482,CATGACAAGTGTTTGC-1,1860
483,GAAGCAGCAGAGCTCC-1,1860
484,GATCGCGCACCCTCTA-1,1860
485,GCATGCGAGTGTCTCA-1,1860
486,GGGATGAGTTTACGGT-1,1860
487,AGAGCTTCATTGGTCA-1,1860
488,GCGGGTTGTTACTGAC-1,1860
489,TTAGGCAAGCTCAACT-1,1860
490,TTTCCTCAGCTGAACG-1,1860
491,AGTGGGAAGTCCCGAC-1,1860
492,AGTTGGTGTACGTGCC-1,1860
493,GTCACGGGTCGACGCT-1,1860
494,AATCCAGCAACGCGTC-1,1860
495,TAGAGCTGTTTACGGT-1,1860
496,TACAGTGCATAGGGCA-1,1860
497,TGACTAGCAAGTGTTC-1,1860
498,CCTAAAGCATCCATCC-1,1860
499,GTATCTTGTTTACGGT-1,1860
500,ACGTCAAGTGAGTCAG-1,1860
501,TTCCCAGGTAACTAAG-1,1860
502,ACCGTAAGTACCTTGA-1,1860
503,AGACGTTCAATTGAAG-1,1860
504,ACGCAGCGTCACCGCA-1,1860
505,CGCCAAGGTACCAAGG-1,1860
506,CACAAACCAAAGTTAG-1,1860
507,AAATGCCGTGGAAAGA-1,1860
508,CCATGTCTCTGGTAGT-1,1860
509,ATTGGACCAATTGAAG-1,1860
510,GATCGTATCAGTAAAG-1,1860
511,GGCGACTGTCTAGGTT-1,1860
512,GAGTCCGCATATCGCA-1,1860
513,GGTGAAGCAAGAATCA-1,1860
514,ACTATCTGTGCATCTA-1,1860
515,ATCTGCCCATGTATGC-1,1860
516,AAGCCGCTCATCACTT-1,1860
517,CTGGTCTCAATGTGTC-1,1860
518,CTCACACCATCCAGGC-1,1860
519,GGAGCAAGTGCTTCCT-1,1860
520,CGGACTGTCTACCGTC-1,1860
521,GACGCGTTCGCCAACG-1,1860
522,CAGCGACAGTTACCCA-1,1860
523,TCAACGAGTGGAGCTA-1,1860
524,TCACAAGTCGTGTACA-1,1860
525,TCCACACGTATGCGGA-1,1860
526,AACTCTTAGCAGTCTT-1,1860
527,GGTGAAGTCTTCTAAC-1,1860
528,TGGCCAGTCCTACCCA-1,1860
529,ATCTACTTCTGCGGGT-1,1860
530,GACCAATCAACTGGAG-1,1860
531,AGGTCCGGTTAACCTG-1,1860
532,CAAGATCGTTGTCACA-1,1860
533,ATCTACTCACTCCCTA-1,1860
534,GAGGTGATCTGTGAAC-1,1860
535,TTAGGCACATCAGCAT-1,1860
536,CAACCTCGTGTGTTCA-1,1860
537,GAGCAGATCTCTTCCT-1,1860
538,CACACAAAGACTGGCA-1,1860
539,GTATCTTGTGATTGTC-1,1860
540,AGGGATGGTCAACATC-1,1860
541,GGCTGGTCAGAACCAG-1,1860
542,CATTATCCAGCTTGAT-1,1860
543,GGAGCAAAGCTGCCCA-1,1860
544,TGGCCAGGTTGCCTCT-1,1860
545,CTGCCTAAGGGTTTCT-1,1860
546,TGGACGCTCAGTACCA-1,1860
547,GAATAAGTCGACAACT-1,1860
548,GCTGCTTCATAGTGGG-1,1860
549,TGAGAGGTCGCGGACT-1,1860
550,TCTGGAAGTGGTGAGT-1,1860
551,GACACGCCAAAGGTTA-1,1860
552,CGTTCTGAGTGATGAT-1,1860
553,TAGACCATCCTGCGTT-1,1860
554,CGTAGGCCAGTCCGCA-1,1860
555,GACGCGTGTCCGGTTG-1,1860
556,CGGAGCTGTGCACTTA-1,1860
557,CAGCTAATCTGATCAG-1,1860
558,GCTGCGAAGCGTTGCC-1,1860
559,TCACGAAAGAGGCAAA-1,1860
560,AGCTTGATCTGGTCCT-1,1860
561,TAGACCAGTGATCCTA-1,1860
562,ACCCACTTCGTAGCGC-1,1860
563,GTATTCTCATAGAGGC-1,1860
564,AGCTTGATCGAGCCGT-1,1860
565,CACAGTACAACTCCGG-1,1860
566,GGGCATCTCTGACGCG-1,1860
567,CCTTACGAGCATGGCA-1,1860
568,CTAGTGAAGGAGCGTT-1,1860
569,CGCCAAGCATTGGTCA-1,1860
570,TGCCAAATCTGGAGTT-1,1860
571,GAGCAGAGTTGGTGAG-1,1860
572,ACTGTCCTCGTGTACA-1,1860
573,TTGGCAAAGGACCACA-1,1860
574,CCTAGCTGTGCTCGAC-1,1860
575,TAAGCGTAGGGATTCG-1,1860
576,ACACTGAAGGAGCGTT-1,1860
577,AGTGTCAGTCCGATGC-1,1860
578,AACTCCCTCTACAGCA-1,1860
579,TTCGGTCTCGAAAGGC-1,1860
580,CCTCTGATCCTACGAA-1,1860
581,CTGTGCTAGTATGACA-1,1860
582,CGACCTTAGTCCAGGA-1,1860
583,CTACCCAGTGTAGTTC-1,1860
584,TGACTTTGTTATGTGC-1,1860
585,CACATAGCAACTGGAG-1,1860
586,CCGTGGACAGACGAGT-1,1860
587,ACGGGCTCAACGCGTC-1,1860
588,CACACTCCATATCGTG-1,1860
589,GGGATGATCCTGACAA-1,1860
590,ACTATCTTCACGTAGT-1,1860
591,AGAGTGGTCGTACGCG-1,1860
592,CGTGTCTTCCACCCAT-1,1860
593,AACACGTTCGCCTGGA-1,1860
594,TGCCAAAAGATAGTCA-1,1860
595,AACTCCCTCATCTCCG-1,1860
596,GGGCATCAGCAGCGTA-1,1860
597,TATGCCCTCAGCGCGT-1,1860
598,GGATTACTCTCCACGT-1,1860
599,CCGTGGAGTTCGATAC-1,1860
600,TACTCATAGATCTGAA-1,1860
601,CATGACAAGCAGTCTT-1,1860
602,ACTTTCATCGAACCCG-1,1860
603,CACACTCAGCGAACTG-1,1860
604,ACTTACTCAGCTTGAT-1,1860
605,GACTGCGTCCGTCTAC-1,1860
606,AAAGCAAGTAGGGACT-1,1860
607,TGGTTAGTCATTTGCT-1,1860
608,GGAACTTAGCTGTCTA-1,1860
609,ACACCCTTCCTCATCG-1,1860
610,AGACGTTAGCTAAACA-1,1860
611,TAGTTGGCACGATAGG-1,1860
612,TGTCCCAGTGTCTGTA-1,1860
613,GTGCAGCTCTACAAGC-1,1860
614,ATTGGACGTCATGCTA-1,1860
615,GGGTTGCGTGTAAAGT-1,1860
616,ACGATACAGGATGTCG-1,1860
617,CCTAAAGGTGGCGTCT-1,1860
618,CGATGTACAGTCCGGT-1,1860
619,GTATCTTTCGAGTACT-1,1860
620,TCGAGGCTCAGCGGCT-1,1860
621,AAAGCAACATGCCGCA-1,1860
622,GCTGCGATCAACTGAC-1,1860
623,GTGAAGGAGGCCCTCA-1,1860
624,TTCTCCTGTATGCGGA-1,1860
625,ATAACGCCACATCGAT-1,1860
626,GCATGATTCTGCCGTT-1,1860
627,GCGACCAGTGACCTGC-1,1860
628,GTGCAGCGTCCTCGGA-1,1860
629,ATAAGAGTCCCTAAGA-1,1887
630,CGATGTAGTGCATGAG-1,1887
631,ATGGGAGCACGCGATC-1,1887
632,CGCGTTTAGCCTGATT-1,1887
633,GCGACCACAAATTCCG-1,1887
634,CCTAGCTGTGATGTTC-1,1887
635,GTGAAGGCATGTAGCT-1,1887
636,TTTGTCACAAGCATGG-1,1887
637,ATTATCCGTCAATTCG-1,1887
638,GTACGTAAGGCATTCT-1,1887
639,ACCAGTAGTGCGCTTG-1,1887
640,CGCCAAGGTGATTTGC-1,1887
641,TAGTGGTAGAAACCCG-1,1887
642,GCTGCGACATACGGAG-1,1887
643,CTAGCCTGTTAGTCAC-1,1887
644,GGGACCTGTTTGCCTC-1,1887
645,GACCTGGTCAAAGCGG-1,1887
646,TTTGGTTGTTAAGCCT-1,1887
647,AGGCCGTTCTATTGCT-1,1887
648,CTTCTCTTCAACGATC-1,1887
649,CCTTTCTTCATGTGAC-1,1887
650,CGGACTGTCTGAAGGG-1,1887
651,ACATCAGGTTGCGGCT-1,1887
652,AAGACCTTCTCATCTA-1,1887
653,CCTCAGTGTCAATTCG-1,1887
654,ACGCCGAAGCACGCCT-1,1887
655,CCCTCCTAGCAGCCCT-1,1887
656,CGGACTGTCTGAAGCT-1,1887
657,CAACTAGGTATTGAAG-1,1887
658,TGTGGTACAAGTCGGA-1,1887
659,TCAGATGAGTAATCCC-1,1887
660,CGAGAAGGTCAAGCAG-1,1887
661,AGTGTCAAGACTAGGC-1,1887
662,CTAGCCTGTGTTTCAG-1,1887
663,ATCCGAATCTTATGGG-1,1887
664,GCATACAGTCAGCCGT-1,1887
665,AACGTTGAGCTTTGGT-1,1887
666,ATCATCTAGTTTCCTT-1,1887
667,TGAGGGAGTGTGTATC-1,1887
668,AATCGGTCAGCGGTCT-1,1887
669,ATCATGGGTCGTCTTC-1,1887
670,ATTATCCGTTAACCAC-1,1887
671,ATCGAGTCACATCGAT-1,1887
672,ACACCCTTCGGAGAAC-1,1887
673,GATTCAGTCGATCCGG-1,1887
674,CGTCCATCATCCGTTC-1,1887
675,GCGGGTTTCCTAGACA-1,1887
676,CTCGGGATCGGGCTCA-1,1887
677,TGCGGGTAGGATCGCA-1,1887
678,ACGGCCAGTCGCGCTA-1,1887
679,GACCAATCAAGGGATC-1,1887
680,CCAGCGAAGTACGTTC-1,1887
681,GGTATTGGTTTGTCTT-1,1887
682,TGAGAGGTCATCACTT-1,1887
683,CCACTACCATCGGGCT-1,1887
684,TTCTACATCTCCAGCT-1,1887
685,CATGCCTCAGGGAAGG-1,1887
686,TCAGCAAGTATCTCTT-1,1887
687,ACTGATGTCCTCTGCA-1,1887
688,ACTGAACAGACAGACC-1,1887
689,TTCGGTCGTCAAAGCG-1,1887
690,TTGAACGAGCCCGAAA-1,1887
691,TGAGCCGCAAGTACAA-1,1887
692,CCTACACAGGTGACCA-1,1887
693,CTCCTAGGTCAAACTC-1,1887
694,CTTGGCTTCCAAGGGA-1,1887
695,GTCACGGCAAGCACGA-1,1887
696,GTACGTAAGAATTCCC-1,1887
697,TCGAGGCGTTGTAGCT-1,1887
698,TTGTAGGCAGTACTCA-1,1887
699,CGCGTTTAGTAATCCC-1,1887
700,CTCGGAGAGAAGGTTT-1,1887
701,GGGAATGCAACCTCAA-1,1887
702,ACATCAGCACATTGGT-1,1887
703,GCATACAGTAAGGTGC-1,1887
704,CATGACAGTGACCAAG-1,1887
705,GGGTTGCTCTGAGATC-1,1887
706,GGGATGACAACAGCCC-1,1887
707,AAAGCAAGTCAGCCGT-1,1887
708,GAGCAGAGTGGCGTCT-1,1887
709,TAAGAGAGTCGAATCT-1,1887
710,CGATCGGAGGGATTCG-1,1887
711,GCATGATTCCGTTAAG-1,1887
712,TGATTTCTCGGATGCC-1,1887
713,CTACCCAGTGGCCACT-1,1887
714,GCACTCTCACAGCTGC-1,1887
715,CAGTAACTCTGAAGCT-1,1887
716,CTGATAGTCAGGACAG-1,1887
717,CTGCTGTAGCTAGCCC-1,1887
718,GCGCAACAGAGTAGCC-1,1887
719,GTCTCGTTCTCCACGT-1,1887
720,GTGCTTCTCAAAGCGG-1,1887
721,TAGTGGTGTGACTGAG-1,1887
722,ATTGGTGCATGTTGCA-1,1887
723,CTAAGACAGCGATTCT-1,1887
724,GCGCAACGTGATCCTA-1,1887
725,CACCACTTCGCGTGGT-1,1887
726,CTCGTCATCTAAGTGC-1,1887
727,CTCGTCAGTGTGTTCA-1,1887
728,GACAGAGAGGCATGGT-1,1887
729,GTCGGGTCAGTGCTGC-1,1887
730,GCTCCTAGTCAACCTA-1,1887
731,CGATGTATCCAAACCA-1,1887
732,GCGCGATAGACTAAGT-1,1887
733,TGTGGTATCGACAACT-1,1887
734,TACGGATTCCGCACGA-1,1887
735,CATGCCTGTCTAGGGA-1,1887
736,CTACATTAGGATCCTT-1,1887
737,AAGGCAGTCGTATCCC-1,1887
738,CCTCTGACAGACTCCG-1,1887
739,AGGTCCGTCGGTGCGT-1,1887
740,GTATCTTGTAGGGTGT-1,1887
741,CTTTGCGCACAAGGAC-1,1887
742,GTCACAAAGAAGATTC-1,1887
743,TTTGGTTTCCTGATTT-1,1887
744,TTGGAACCACAATGTC-1,1887
745,GACAGAGAGAGGACGG-1,1887
746,TCAATCTCAGTGTGGA-1,1887
747,TACTTACCAATCGCGC-1,1887
748,CGGAGCTCAGCGTACC-1,1887
749,AACGTTGAGTCTCCTC-1,1887
750,CTACGTCTCAGCGGCT-1,1887
751,GGCGACTGTTGGGACA-1,1887
752,TCAGATGGTGTGTTCA-1,1887
753,TACGGGCTCAAGCCAT-1,1887
754,TCTATTGCAGAAAGCC-1,1887
755,TCTGAGACAGAACCAG-1,1887
756,TAGTTGGGTGCTGTAT-1,1887
757,TCTGAGATCACGATAC-1,1887
758,AGCGGTCAGTCCAGGA-1,1887
759,CACCAGGTCTACGGGC-1,1887
760,CATCGAATCGGTCACG-1,1887
761,CAACTAGGTGGGCCTT-1,1887
762,GTGCTTCGTCATGCCG-1,1887
763,AGGTCCGCAATACTGC-1,1887
764,CTCGTCATCAAGTTGC-1,1887
765,GGGCACTTCTGGATCA-1,1887
766,GGACATTAGTGAAGTT-1,1887
767,GGGAATGCAAGTGCAG-1,1887
768,CGACTTCTCAGCGCGT-1,1887
769,CGTTGGGTCGCAACGC-1,1887
770,CTACACCGTCGCGTCA-1,1887
771,GTCGTAATCCAGGCGT-1,1887
772,CGAATGTGTTTAGCAC-1,1887
773,ACTGTCCCAAGTGAGC-1,1887
774,TATGCCCCAAACGGGT-1,1887
775,GCTGCGAAGACGCACA-1,1887
776,CTCTACGGTCGCCAAC-1,1887
777,TAGAGCTTCTGTCGAA-1,1887
778,CCTAGCTTCCGACCAG-1,1887
779,GACTGCGCAATCCATG-1,1887
780,CTGATCCCAAGAGACC-1,1887
781,TCAACGAAGATATGGT-1,1887
782,GGATTACAGTGATGAT-1,1887
783,TGTGTTTGTTGAAGGC-1,1887
784,CTTGGCTCAATCGTCA-1,1887
785,GGAGCAAGTAACCGAG-1,1887
786,CAGCAGCAGAGAGCTC-1,1887
787,GGTGTTAGTCTCTCGT-1,1887
788,TGCTGCTGTTATGTGC-1,1887
789,TGACTTTTCGAGCACC-1,1887
790,GGTGAAGGTTGACGGA-1,1887
791,ACTGAACAGCAGCCTC-1,1887
792,CATCGAACAGTCCCTT-1,1887
793,TGCGGGTTCCGAAGCC-1,1887
794,ACGCAGCAGCGTGAAC-1,1887
795,CTCGGGACATAGGACG-1,1887
796,CTGATAGTCTCTTCCT-1,1887
797,CGTCACTGTCGCGTAC-1,1887
798,GACCAATGTTCAGTGT-1,1887
799,GACTACAGTAACGTGG-1,1887
800,TTGGCAATCTCGGAAT-1,1887
801,GGAATAAGTAACTGTC-1,1887
802,CCGTTCAAGCTGAACG-1,1887
803,ACACCGGCAACACCGC-1,1887
804,AGGGATGAGGGATCTG-1,1887
805,AAGTCTGTCCAGTCTC-1,1887
806,TGACAACCATCCACGG-1,1887
807,CACCAGGAGCACGCCT-1,1887
808,GAGGTGACATACTGCA-1,1887
809,GCGACCATCCGCGAGT-1,1887
810,AATCGGTGTATTCGCA-1,1887
811,ACTGCTCAGGAGCGTT-1,1887
812,CACAGGCGTTTGCCTC-1,1887
813,GAGTCCGGTTGTCACA-1,1887
814,GTGTTAGAGAACAATC-1,1887
815,ACGAGCCCAGGACCAA-1,1887
816,GACGGCTTCTGGTCCT-1,1887
817,ATGCGATGTGCATGAG-1,1887
818,CTGAAACCATGGCTAT-1,1887
819,ACGGAGAAGCAGGCTA-1,1887
820,GATCGATAGGATGTAT-1,1887
821,GGCAATTTCCGAAGGA-1,1887
822,CTGAAGTTCGGAGAGT-1,1887
823,CGTTGGGTCTTTCGCG-1,1887
824,TCTGGAACAACTTTCT-1,1887
825,CCACTACTCGTAGCGC-1,1887
826,TGCTGCTAGTGGGCTA-1,1887
827,GAATAAGCACAGTGTT-1,1887
828,CTACGTCTCAACGATC-1,1887
829,CTGATCCGTAACACTC-1,1887
830,AGTGGGACAAACCCTA-1,1887
831,ACACTGAAGCTATCAC-1,1887
832,CATTATCCAACCTGCG-1,1887
833,GACAGAGGTGAACACG-1,1887
834,TGACAACAGGCAAAGA-1,1887
835,GGAAAGCCAGTCCGCA-1,1887
836,CACTCCACAACGACGA-1,1887
837,AGATTGCAGTTTGCGT-1,1887
838,CAAGAAAAGTGACATA-1,1887
839,GCACTCTGTAATCAGA-1,1887
840,AGGCCGTAGCGTGAAC-1,1887
841,CCGTTCACACGAAGGT-1,1887
842,TTGCCGTTCCCGCATT-1,1887
843,AAGGTTCCAGTGCTGC-1,1887
844,GACTACAGTGGCCTGT-1,1887
845,AGGTCCGAGGCGTTGA-1,1887
846,TTCTCAATCCAAGGGA-1,1887
847,TGGCGCAAGCTTTGGT-1,1887
848,GCTCCTACATTGCCGG-1,1887
849,TTAGGACAGATCACTC-1,1887
850,CTCGAGGAGGCTCTCG-1,1887
851,GCACATAGTCTTCGTC-1,1887
852,CAGCAGCTCTACAGCA-1,1887
853,TACACGATCACGACGC-1,1887
854,CTCTACGTCAGCAGCC-1,1887
855,AGTAGTCCACAATCAC-1,1887
856,TCTGGAAGTCTGGGCT-1,1887
857,ATTACTCAGAATGGGA-1,1887
858,ATAACGCCAGACTTGT-1,1887
859,TGCGTGGTCAAGACAA-1,1887
860,CGGACACAGAGCTTCT-1,1887
861,GCGCGATCAACGTCTA-1,1887
862,CCTAAAGAGGAATCGC-1,1887
863,ACTGCTCGTCGGGAAT-1,1887
864,ATCATGGCAGGCCGTT-1,1887
865,TGTATTCGTGGAAAGA-1,1887
866,GGCGTGTGTGACACGA-1,1887
867,AGTCTTTCAGATTGTC-1,1887
868,GATGAAAAGCAGCCCT-1,1887
869,CTCGGGACATTCAGCA-1,1887
870,TTGACTTCAGGTACGA-1,1887
871,CAACTAGTCCGGCTAG-1,1887
872,CTCGGGAAGACTCGGA-1,1887
873,AGAATAGTCATTTGCT-1,1887
874,ACGCCAGCAGTTGCCG-1,1887
875,CTCTAATCATCCGTTC-1,1887
876,GCTGCTTTCCTCTGCA-1,1887
877,GCGCAACGTGGTCAGA-1,1887
878,ATCCGAAAGGCAGTCA-1,1887
879,TGGACGCCATTGTCTT-1,1887
880,CAAGATCGTGAACACG-1,1887
881,TTCTTAGGTTGGGACA-1,1887
882,TTGAACGGTTTCCTGC-1,1887
883,TTTGGTTAGAATGTGT-1,1887
884,ACCGTAATCCGTGCTT-1,1887
885,GTAGTCAAGACGCACA-1,1887
886,AGCGGTCTCCGTTCAC-1,1887
887,ATTCTACCAAACTCAC-1,1887
888,CTGCTGTAGTGTCCAT-1,1887
889,TTTGGTTGTCAACTCA-1,1887
890,CCCTCCTAGCAAATCA-1,1887
891,CTAGAGTAGAAACGCC-1,1887
892,TGTATTCTCGCTCTGT-1,1887
893,GTACGTATCGACTTCC-1,1887
894,TGAGGGATCAGTACCA-1,1887
895,CTAGCCTTCCCAAGCG-1,1887
896,GACACGCTCAGCGCGT-1,1887
897,TTGACTTAGCTTTCAG-1,1887
898,ATCCGAATCGATCCGG-1,1887
899,CAGCTGGGTCCGCAGT-1,1887
900,GGACAAGAGCTTCAGT-1,1887
901,ACATACGGTTGATCTG-1,1887
902,AGGCCGTCATTGCCGG-1,1887
903,AATCCAGTCTAGACAC-1,1887
904,CGTCACTCAGAAGACC-1,1887
905,CTCCTAGAGGATGTCG-1,1887
906,GCGACCACAGTCCCTT-1,1887
907,AGTGTCATCTGATCAG-1,1887
908,GTGCTTCTCAGACACT-1,1887
909,TGCGTGGCAGCGTGTC-1,1887
910,GCAAACTGTTAACCTG-1,1887
911,GGGAATGCATGAGACG-1,1887
912,GCGCCAACAAGACTTC-1,1887
913,TAAGTGCAGTGGGCTA-1,1887
914,GCTGCTTAGATTGAGT-1,1887
915,TGTCCCACAAAGGGTC-1,1887
916,ACGCAGCAGTCGCCGT-1,1887
917,GCATGATCAAGACTTC-1,1887
918,CAGAGAGCAACGCCGT-1,1887
919,GGATTACCAGATCGAG-1,1887
920,TTCTACACAAGACTTC-1,1887
921,GGGAGATTCAGTACAC-1,1887
922,GGGATGATCTTGGCCT-1,1887
923,ACTGAACCATAGACAA-1,1887
924,CTCGGAGGTGGAAAGA-1,1887
925,AGAATAGGTAGCCCTG-1,1887
926,CGAACATCATACTGCA-1,1887
927,GCCTCTAGTCGCAAGA-1,1887
928,GGTGAAGAGGACAGCT-1,1887
929,ACGGAGAAGGCCCTCA-1,1887
930,GGGAATGTCTGGCCTT-1,1887
931,ATCATGGTCCTACCTG-1,1887
932,GGGATGAGTACGCGAA-1,1887
933,GCGCGATCATGAGGCA-1,1887
934,GTAGGCCCAACCTGAT-1,1887
935,TTTACTGTCATCAGGT-1,1887
936,CAGCCGACAAGCTACT-1,1887
937,CCGTACTTCGCAGCAC-1,1887
938,CAACCTCGTAGCGTCC-1,1887
939,TGTATTCAGTGGAGAA-1,1887
940,TATTACCGTCAACCGC-1,788
941,ACTATCTAGTTTCCTT-1,86
942,CCAGCGATCCAACCGG-1,1891
943,GGTGCGTTCGAAGCGA-1,1891
945,AGAGCGACACATAAAG-1,1900
946,ACTGCTCTCATCGCGG-1,101
947,TCCACACTCGGGCTCA-1,817
948,GTCTCGTAGCTGGTCC-1,1904
949,TCAGATGTCCGAAGCC-1,1904
950,TTGGCAAAGCTGCACC-1,1904
951,TTCTCAATCGAAATCC-1,932
952,CAGAGAGCATTCTTCA-1,261
957,CGCTATCAGTGCGATG-1,1926
958,CGTCAGGCAGTACTCA-1,1926
960,CACACCTCAGATACCT-1,1933
