,barcode,group
0,TGGACGCAGTTCGATC-1,1656
1,CAGCTAAGTCCCTTGT-1,1656
2,ACAGCTATCATGCGCG-1,1656
3,TCGCGTTCATGGGCCT-1,1656
4,CTGTTTAGTCCATGAT-1,1656
5,CAACCTCTCCGAAGCC-1,1656
6,AAACCTGTCCGCTGGA-1,1656
7,CTGCTGTCAACTCCGG-1,1656
8,TGTTCCGTCGATGGTT-1,1656
9,AGAGCGATCAGATTCG-1,1656
10,CTACACCAGGACAGAA-1,1656
11,CTCGGGAAGCGGCTTC-1,1656
12,GTGCAGCAGGAGTTTA-1,1656
13,GACGGCTGTAGGGACT-1,1656
14,AGTAGTCTCACCACGG-1,1656
15,ATTACTCCAGTTATGC-1,1656
16,CCTAAAGGTGATGTTC-1,1649
17,CGTCAGGCAATCTCTT-1,1649
18,TTGGAACCATACTTGG-1,1649
19,CTAATGGTCTGCTACC-1,1466
20,TAGTTGGGTAACGCGA-1,1466
21,GAGCAGAAGAGCTATA-1,1466
22,TGGTTCCTCAGAAACA-1,1466
23,TGGGAAGTCTCGAATG-1,1358
24,ATAACGCCAGTGTGGA-1,1358
25,TGCACCTGTCAACCTA-1,1358
26,GCAGCCAGTGCTTCCT-1,520
27,CTTGGCTGTAACCGAG-1,1229
28,GTACTTTCAAGTGAGC-1,1229
29,GTCATTTAGAGTCTGG-1,1623
30,CAGTCCTTCGAAAGGC-1,1623
31,AGCCTAATCGGGAAAC-1,1623
32,AAGGAGCGTAAAGTCA-1,1623
33,GGGCATCAGTTACCCA-1,1623
34,ACACCAATCCAGGCAC-1,1623
35,GCACTCTCACTGGCCA-1,1623
36,TAGACCAGTCTTGCGG-1,1623
37,CACACCTAGCACCGCT-1,1623
38,CCTACACAGGACCAGT-1,1623
39,CTTGGCTAGAGGACGG-1,1623
40,CACAGGCCACGCACGT-1,1623
41,TAGACCACAGCACACC-1,1623
42,CTGTTTAAGTGTATCC-1,1623
43,GACACGCCATCCAGGC-1,1623
44,AACCATGTCTCCATGC-1,1623
45,CACACCTTCACTGCGG-1,1623
46,TGAGGGATCACCAGCG-1,1623
47,AGGCCACGTAACGAGC-1,1623
48,CTGCCTATCCGAAGGA-1,1623
49,CAGCAGCAGTTGGCTT-1,1623
50,CGAATGTAGGGAACGG-1,1623
51,TGGCTGGGTGGTAAGC-1,1623
53,TGACAACGTTGCTGAT-1,1623
55,CAAGATCGTGTCCCTT-1,1623
56,TACAGTGAGGCTATCT-1,1623
57,CAAGAAACATTCGTTT-1,1623
58,ACAGCTATCACGTAGT-1,1623
59,CTGCGGAGTTAGCTCA-1,1623
60,CTTCTCTTCGATGGTT-1,1623
61,TCTGAGAAGAATGTGT-1,1623
62,CAGAGAGGTCTAGGTT-1,1623
63,GGCAATTAGCACCGCT-1,1623
65,AATCCAGGTTACGCCG-1,1623
66,TAAGTGCAGAGTGACC-1,1623
67,AAGGAGCTCAATCTTC-1,1623
68,AGTGGGATCATCGGTA-1,1623
69,AACCATGGTTGAGCAG-1,1623
70,CCGTACTAGGAATCGC-1,1623
71,CTCTGGTGTGGTGCAA-1,1623
72,GAGCAGATCCGCGACA-1,1623
73,TCGAGGCTCTTGGCCT-1,1623
74,AGCGGTCAGAGGTAGA-1,1623
75,ATTGGTGCACAGAGCA-1,1623
76,TTTGGTTTCCACTCGT-1,1623
77,GCTTGAATCCAGTCTC-1,1623
78,TCTTCGGAGGCTCAGA-1,1623
79,GGGAGATCAGTTCCGG-1,1623
80,GTACTTTCAGCCCGAT-1,1623
81,ACTTGTTAGCAACGGT-1,1623
82,CTAGAGTCATATCGCA-1,1623
83,TCAGGTAAGGTGTAGC-1,1623
84,TTGACTTAGAAGATTC-1,1623
85,TGACTTTGTACAACGG-1,1623
86,TTCTACATCACGTAGT-1,1623
87,TCGCGTTCAAGCTATC-1,1623
88,TTGAACGTCCAGGAAG-1,1623
89,CTGTGCTTCCCGAATA-1,1623
90,TCAGGATTCCACTGCT-1,1623
91,GGTATTGCAAGCAAGC-1,1623
92,CCTAGCTCATATCGCA-1,1623
93,TGGTTAGTCTGCACTC-1,1623
94,TTAACTCGTAACGCGA-1,1623
95,GGAAAGCAGCAGTCTT-1,1623
96,TAGTGGTTCCCGGACA-1,1623
97,AACTCCCCAGTCCCTT-1,1623
98,CCTCAGTGTCTAACGT-1,1623
100,CACCTTGAGATTCACC-1,1623
101,ATTATCCTCCAGGCAC-1,1623
102,ACGGAGATCCGCGGAT-1,1623
103,ACGGGTCTCTACGGGC-1,1623
104,GTCTTCGTCTTGTCCG-1,1623
105,CTCGGGATCCACTGCT-1,1623
106,GGAGCAACAAGCTATC-1,1623
107,TTTGGTTGTTGTAGCT-1,1623
108,GAACATCTCCGTACCT-1,1623
109,AGGGTGACACCCACAG-1,1623
110,TGTTCCGCAAATTCCG-1,1623
111,AAGGAGCCACAGACCC-1,1623
112,CTCATTAAGTCGTCCG-1,1623
113,GTCCTCACACTCCCTA-1,1623
114,CCTTTCTTCTGTGAAC-1,1623
115,TCTGAGAAGTACTTGC-1,1623
116,CCTTACGCAGAAGAAG-1,1623
117,GTTACAGCACGATAGG-1,1623
118,AGGTCCGCATCCATCC-1,1623
119,CATCAAGAGAGTTGGC-1,1623
120,CGAGCACCAGTCCGGT-1,1623
121,GAGTCCGCAGTTGCCG-1,1623
122,ACACCCTTCAACTGCA-1,1623
123,ACTTACTAGATAGTCA-1,1623
124,TTCTCAACATCGGCGT-1,1623
125,TGTGGTAAGTGTTAGA-1,1623
126,TTGGAACAGGCAACAC-1,1623
127,CTCGTACTCAGCAGCC-1,1623
128,AGGCCACGTAAGCGCA-1,1623
129,AGGCCACGTTGCACTA-1,1623
130,CCTTTCTAGACTCGGA-1,1623
131,AACACGTTCAGACACT-1,1623
132,AGAGTGGAGTGAACGC-1,1623
133,CGGGTCAAGACTAAGT-1,1623
134,CGTTAGATCGTTAGGT-1,1623
135,CTAATGGTCCTCTCAG-1,1623
136,TTAACTCTCTTCTAAC-1,1623
137,TCATTACGTGCTTTCC-1,1623
138,ATTGGTGTCTCTTCCT-1,1623
139,TGCCCTATCCAACCGG-1,1623
140,AGCGGTCGTGATCCTA-1,1623
141,CACAAACAGACGTCGA-1,1623
142,CGCTGGACAAGTAAGT-1,1623
143,GCAGCCACATGGCTCG-1,1623
144,AGTCTTTTCCTACCCA-1,1623
145,CGATTGATCGGGCTCA-1,1623
146,TCATTACGTAAGAAGG-1,1623
147,ATAGACCCAGTTCCGG-1,1623
148,ACCCACTCAGACACGA-1,1623
149,TTTGTCACACGCACCA-1,1623
150,TCTCATACAGTGCTGC-1,1623
151,ACACCAACAAGCAAGC-1,1623
152,ACACTGAGTGTCCGAC-1,1623
153,AATCCAGAGCAGGCTA-1,1623
154,CGGAGCTAGGTGCTTT-1,1623
155,TTAGGCACAGGATCCC-1,1623
156,CGAACATAGATCGGGT-1,1623
157,GTTACAGAGCGATGAC-1,1623
158,AGGTCATTCCGCTTGT-1,1623
159,ATCATCTGTATCAGTC-1,1623
160,CGTGAGCTCACCGCGA-1,1623
161,TCTCTAACAGAATTCC-1,1623
162,CTGCCTACAACAGCCC-1,1623
163,CACAAACTCGTTACCC-1,1623
164,CACACAAAGTGCTGCC-1,1623
165,CATGACACACGCGATC-1,1623
166,AACTCTTTCGCGCACA-1,1623
167,CGGACTGAGGTGTGGT-1,1623
168,GCTGCGATCTGGATCA-1,1623
169,ATCTGCCCAAGAGAGA-1,1623
170,CACACAAAGGCCCTTG-1,1623
171,ACGCCGAGTCAGGTAG-1,1623
172,CGTCCATGTCCGGTTG-1,1623
173,GCTTCCATCGTTAAGC-1,1623
174,CTCTACGTCGATTGCA-1,1623
175,AGCTTGATCCGTAATG-1,1623
176,TAGTTGGTCTGCACTC-1,1623
177,GCTCCTATCCGCCTTA-1,1623
178,TGGGCGTGTGATGTGG-1,1623
179,ATCCACCTCTTATGGG-1,1623
180,GCAATCACATCCAGCG-1,1623
181,TTCTCAATCTGACGCG-1,1623
182,CGGCTAGGTACCTAGT-1,1623
183,GAGTCCGCAAATTCCG-1,1623
184,CCTTACGAGGCTCTCG-1,1623
185,ACGATACCAACGCCGT-1,1623
186,TCAGCTCGTATGACTC-1,1623
187,ACGCCGACAACAGAGC-1,1623
188,ACTTTCAGTCAACATC-1,1623
189,CAGCCGAGTCTCGGCA-1,1623
190,TCAGCAAGTTATCCGA-1,1623
191,CGTTCTGCAGGAGCAT-1,1623
192,GACGTTATCGTGTACA-1,1623
193,GATTCAGAGATCTGCT-1,1623
194,CGAATGTTCTGATCAG-1,1623
195,GGAAAGCAGTGTCTCA-1,1623
196,GGCTGGTTCAAAGCGG-1,1623
197,GACTGCGGTGATTTGC-1,1623
198,TCACAAGCACGGCTGT-1,1623
199,ATTGGACAGGAATCGC-1,1623
200,CCTATTAAGACCACGA-1,1623
201,CAGCAGCGTGTAAAGT-1,1623
202,TACGGTACACCCGTTT-1,1623
203,GGTGAAGGTTGGCGTC-1,1623
204,TGCCCATGTTCTCAAG-1,1623
205,TAGACCAAGGAGTTGC-1,1623
206,TCTCATAGTCGCCAAC-1,1623
207,TCAACGATCTAGAGCT-1,1623
208,TCACAAGCATGGAGAC-1,1623
209,ATGAGGGCAGCGCATC-1,1623
210,CTCTACGCAGAACCAG-1,1623
211,GTGTTAGTCCAGGTTA-1,1623
212,CTCGTACCAATGTGTC-1,1623
213,TCACGAATCGATAAGA-1,1623
214,TACTTACCATTTGTGG-1,1623
215,ATGGGAGAGTGCTGCC-1,1623
216,CGCTTCAGTTGAACTC-1,1623
217,TGTCCCACAAGTGTTC-1,1623
218,GTTCGGGAGCCAGTTT-1,1623
219,TCGCGTTTCGATTGCA-1,1623
220,CCTTCCCAGAAACCAT-1,1623
221,GTGTTAGTCTTCACAT-1,1623
222,CTGCGGATCAGAGCGA-1,1623
223,TTGCCGTGTGGCAAAC-1,1623
224,CGAACATAGATATGCA-1,1623
225,GGAAAGCAGCTCTCGG-1,1623
226,CATCGAATCGGGTCCA-1,1623
227,TACACGATCAAGTTGC-1,1623
228,AGCATACGTGATTTGC-1,1623
229,TTTGTCACAACGGCTC-1,1623
230,CAACCAACACGCTGAC-1,1623
231,TAAACCGTCAGACACT-1,1623
232,GCGCAACGTCTTACCC-1,1623
233,ACTGCTCCAACACCGC-1,1623
234,AGGCCACAGTAATCCC-1,1623
235,CGAGAAGGTCTGCCAG-1,1623
236,GCTTCCAAGATTCACC-1,1623
237,GGATGTTAGGTAGCCA-1,1623
238,TGTCCCACAGATCCCG-1,1623
239,ATCATGGGTGATTGTC-1,1623
240,AACCATGGTGACCCGT-1,1623
241,GTAACGTGTATGAAAC-1,1623
242,GGATGTTTCACGCTCT-1,1623
243,TCAACGAAGATCACTC-1,1623
244,ATAACGCTCGATACAC-1,1623
245,CACACTCTCGATAGGG-1,1623
246,ACGATACCACCGAACC-1,1623
247,GCAGCCACAACCTGAT-1,1623
248,AGAGCTTAGGTGTTAA-1,1623
249,TCGGTAATCCACTTCG-1,1623
250,CACAGGCCATCTCGAA-1,1623
251,CACCTTGCAAAGTTAG-1,1623
252,CATCAAGTCCGTCTAC-1,1623
253,AAAGTAGCACTGGCCA-1,1623
254,CCATTCGGTGCTCGAC-1,1623
255,CCCAGTTAGAAAGCTT-1,1623
256,AGTCTTTAGTCACGCC-1,1623
257,ACTTACTCAGGGATCA-1,1623
258,GAGCAGAAGTCAAGCG-1,1623
259,CAACTAGCATCCAGCG-1,1623
260,TCCCGATGTGGCCTGT-1,1623
261,TGACAACGTACCTAGT-1,1623
262,CTGAAACCAAAGTAAC-1,1623
263,TGAGGGAAGCCCAGCT-1,1623
264,ATAAGAGAGTGAAGAG-1,1623
265,CAGCAGCAGGCTAGGT-1,1623
266,TGCGTGGAGGTCGGAT-1,1623
267,GTTCGGGGTCCAAGTT-1,1623
268,TTTGGTTGTCGAGTAG-1,1623
269,CTGTTTAAGCGCCTTG-1,1623
270,GATCGATTCGTGCTAA-1,1623
271,CTCAGAAGTCCCACAG-1,1623
272,CCTCTGAAGAGGGATA-1,1623
273,GCGCAACAGCTGCCCA-1,1623
274,CGATGGCCACGTGGCT-1,1623
275,TTTATGCCAGGTCCCA-1,1623
276,ACGAGCCGTTACGCCG-1,1623
277,TCAGGTATCGCCCAGA-1,1623
278,CATCAGACAGTCCCTT-1,1623
279,AGCTCCTAGCTAACAA-1,1623
280,TAAGAGAGTGGTGCAA-1,1623
281,AAATGCCCAAACTCAC-1,1623
282,AGCGTATCATCATGCA-1,1623
283,GTGCGGTAGAAGGTGA-1,1623
284,TTAGGCATCTAGCCTC-1,1623
285,GATGCTATCCAGACCG-1,1623
286,GTCCTCAAGGATCGCA-1,1623
287,GCCAAATAGACTAGGC-1,1623
288,GGCCGATTCCACCGGA-1,1623
289,GCAATCAGTTGCAGCC-1,1623
290,TCTGGAAGTACCGCTG-1,1623
291,TTCTCCTTCCGTAATG-1,1623
292,AGTTGGTTCAGATGTC-1,1623
294,CGCCAAGTCACGGTAT-1,1623
295,GGTATTGCATCGGTCG-1,1623
296,TGCCCTACAGCCAAAG-1,1623
297,TCTCTAACACTACGTA-1,1623
298,TGGTTAGGTGATACCT-1,1623
299,ATTATCCGTGACACGA-1,1623
300,TGCTACCAGCTGTCTA-1,1623
301,CGCTGGAGTTGTCACA-1,1623
302,CCATGTCGTATTGAAG-1,1623
303,TAAGAGAGTGGAGCTA-1,1623
304,CGGAGTCAGGCTAGAC-1,1623
305,TAAGAGACAACCTGCG-1,1623
306,AAAGCAACAGGGCTTC-1,1623
307,TTTGGTTAGAAACCAT-1,1623
308,CACACAAGTACTTGCA-1,1623
309,AACTCAGGTGGCAACA-1,1623
310,GTAACGTGTGTGATCT-1,1623
311,TTAGGACCATGGAGAC-1,1623
312,GATCAGTAGCTGTTCA-1,1623
313,CAGCCGACAGATCCCG-1,1623
314,ATGGGAGAGTTCCACA-1,1623
315,ACGAGCCCAGGGATCA-1,1623
316,GGAGCAACACTGGCCA-1,1623
317,ACACCCTTCCGCCTTA-1,1623
318,TCTATTGAGCATTCAC-1,1623
319,CCTTACGGTACGTTCA-1,1623
320,GGGAATGAGATATGCA-1,1623
321,CCTCAGTGTGATACCT-1,1623
322,CGATGTAAGTGATGGC-1,1623
323,ACACCGGAGGCGATAC-1,1623
324,ATGAGGGTCTCACCTG-1,1623
325,TCATTTGCATGAATGA-1,1623
326,GAATAAGCAAGGCGTA-1,1623
327,TACAGTGCAACGACAG-1,1623
328,TCAGATGAGCTTAGAA-1,1623
329,CGAGAAGCATGAGGGT-1,1623
330,TGACGGCAGTTATCGC-1,1623
331,GAGTCCGGTAACGGCA-1,1623
332,AGACGTTTCGCGGACT-1,1623
333,GACTGCGGTAAACAGT-1,1623
334,TGAGAGGCATGAGACG-1,1623
335,ATAACGCGTATGCGGA-1,1623
336,CATTCGCGTTAGCTCA-1,1623
337,ATGGGAGGTTCCCACT-1,1623
338,CAGCAGCAGCCTAACT-1,1623
339,ACACCCTGTAGTCTGT-1,1623
340,GGATGTTGTATGAAAC-1,1623
341,ACACCCTAGGGTAGGG-1,1623
342,GAGGTGACAGGTCAAG-1,1623
343,AGCGGTCGTTAGCTCA-1,1623
344,TCCACACGTGGAGCTA-1,1623
345,ATGTGTGCAGCGTGTC-1,1623
346,GTAACGTTCCGCCTTA-1,1623
347,GGATGTTTCAAGTGCT-1,1623
348,GTTTCTACACTTGCTC-1,1623
349,ACAGCCGTCCAGGAAG-1,1623
350,ATGGGAGCACAGAGCA-1,1623
351,AGAATAGAGAGCTGCA-1,1623
352,GGCTGGTCACAGCTGC-1,1623
353,ACTTGTTAGTCTAGCT-1,1623
354,ACCGTAAGTACTAGGG-1,1623
355,TGTGTTTCATCCAGGC-1,1623
356,AGCAGCCAGCAGACTG-1,1623
357,TAAGAGATCTACGTGA-1,1623
358,TCTGGAATCTTGCTTA-1,1623
359,ACAGCTACATCAGCAT-1,1623
360,GCTGGGTCAAACCGAG-1,1623
361,TGACGGCCAGGTGTGA-1,1623
362,CAGCATACAAAGGGTC-1,1623
363,TTATGCTGTTATCCGA-1,1623
364,CGCTTCATCGGTCACG-1,1623
365,ACTTGTTAGAGAGCTC-1,1623
366,ATCACGACAGGCCTTG-1,1623
367,AACGTTGCAGGACCAA-1,1623
368,CATCCACTCATCGACA-1,1623
369,TAAGCGTTCAGCCTGG-1,1623
370,TGAGAGGAGGTGCACA-1,1623
371,CTACGTCCAAGGCCCT-1,1623
372,GGATGTTTCACGAGTT-1,1623
373,ATGGGAGAGGATGTCG-1,1623
374,CCACCTAAGTCGACTT-1,1623
375,ATGTGTGCAGTCCGCA-1,1623
376,GCTGCTTAGCTTTCAG-1,1623
377,GTGCATAAGAGGCAAA-1,1623
378,GCACTCTGTCCGATGC-1,1623
379,CGATGGCAGTCAAGCG-1,1623
380,CGTTGGGGTCCAGCCA-1,1623
381,CAGCAGCGTATTCGCA-1,1623
382,TGATTTCCAACGCGCT-1,1623
383,CATATGGTCAGGACAG-1,1623
384,GCAAACTCAACATGGG-1,1623
385,GATCTAGGTAGTCTGT-1,1623
386,GATGAGGGTATACACC-1,1623
387,ACTTACTGTGAGCTCC-1,1623
388,CGTAGGCGTTGCACTA-1,1623
389,AGTCTTTCAAGGCTAG-1,1623
390,TGAGCATTCATCACTT-1,1623
391,ACGAGCCTCACACCTC-1,1623
392,ACTATCTAGCATGAGC-1,1623
393,CCATGTCAGGGTTCGA-1,1623
394,GAATGAATCATGTGAC-1,1623
395,AACTCAGAGTTTCTGG-1,1623
396,CATTCGCTCGCGATGC-1,1623
397,GAATGAATCTTGCTTA-1,1623
398,ACGGGTCAGAGACGAA-1,1623
399,CACAGTAGTACTACAC-1,1623
400,GACCAATCAGTGCTCG-1,1623
401,TACTCGCAGAAGGTGA-1,1623
402,CAGGTGCTCCTCAGTC-1,1623
403,CTCGTACAGTTTGCGT-1,1623
404,AGGGAGTTCGGGAAAC-1,1623
405,GTCAAGTCACGACGCT-1,1623
406,CACAGGCAGGTGACCA-1,1623
407,TGAGCATCACCTCCAT-1,1623
408,CTAAGACCAGAACAGC-1,1623
409,GGTGCGTTCCCAAGCG-1,1623
410,CTTAGGATCGATAGGG-1,1623
411,ACTGTCCCACGCACCA-1,1623
412,GTTACAGCACAGCTGC-1,1623
413,CACAAACAGTAGCGGT-1,1623
414,TTGAACGAGAGTGACC-1,1623
415,TCTTCGGCATCGCACG-1,739
416,ATGTGTGCACAAGCGA-1,1627
417,CGAGCCACAACACTTG-1,1627
419,CCATTCGCAACACTTG-1,1627
421,CAGCATAAGTAGATGT-1,1627
422,ACTGCTCTCCACTTAT-1,1627
423,TTAGTTCTCCCTAAGA-1,1627
424,AGTTGGTGTAAGAAGG-1,1627
425,ATTGGTGAGGCTAGGT-1,1627
426,CACAAACCAATTAAGG-1,1627
427,CTGCTGTCAACACGTT-1,1627
428,ACTGAGTGTAGTAGTA-1,1627
430,TCGGTAATCCAAGGGA-1,1627
431,CGTAGGCGTCTAGGTT-1,1627
432,GTGCATACACGAGATG-1,1627
433,CGAGCACAGCACCGCT-1,1627
434,TTATGCTCAAACCGAG-1,1627
435,CTTACCGGTCTCTATT-1,1627
436,GACCAATTCGTGCTAA-1,1627
437,ATCTACTTCACACTAG-1,1627
438,CCACGGAAGCAGCCTC-1,1627
439,GTTCTCGGTACAACGG-1,1627
440,ACTTACTTCCTTATTG-1,1627
442,TTCGAAGAGGCCATAG-1,1627
443,AGGGTGAAGTCGATAA-1,1627
444,CCTTCCCTCGATAAGA-1,1627
445,CGTGTCTTCTTAGCTT-1,1627
446,GATGCTAGTAATATGG-1,1627
447,TACAGTGGTACCTAGT-1,1627
448,GAACCTACACGTTTAG-1,1627
449,GCATGATAGATTGAGT-1,1627
450,CTTCTCTAGTGGTTAA-1,1627
451,GCCTCTAGTGCTTAGT-1,1627
452,TGTGTTTAGCGTCTAT-1,1627
453,GCTGGGTAGACCGATG-1,1627
454,TACGGGCTCTGAAGGG-1,1627
455,CAGAGAGTCGAGTATC-1,1627
456,GATCAGTAGAGTTGGC-1,1627
457,CAGCTAAAGTAGATGT-1,1627
458,TCACGAACAATTGAAG-1,1627
459,CGAGCACCAACTAGTC-1,1627
460,TCTCTAAAGCCCGAAA-1,1627
461,CTCTACGCACTCTCTG-1,1627
462,GCATGATCACGAGTTT-1,1627
463,CTGCTGTCACTAAGGG-1,1627
464,ACGAGCCAGGGTAGGG-1,1627
465,CGACTTCCATCTCGAA-1,1627
466,GTTCTCGCACTACGTA-1,1627
467,GGTGTTATCGGCTCAG-1,1627
468,CATCAGATCCCATGTC-1,1627
469,TGATTTCCAATTAAGG-1,1627
470,ACGCCAGGTTGATCTG-1,1627
471,GGAGCAAAGAGTAAGG-1,1627
472,ACACCAACAGCTATGT-1,1627
473,GTCGTAATCTGGTAGT-1,1627
474,GAAGCAGGTAACTAAG-1,1627
475,TAGCCGGTCGAACAAA-1,1627
476,CATCGGGAGTTAACGA-1,1627
477,AGAGTGGAGGATGCGT-1,1627
478,CTGTTTAGTGGCCACT-1,1627
479,AAAGCAACATCATGGT-1,1627
480,GGCGACTAGACAGACC-1,1627
481,CAACCTCGTAAGGTGC-1,1627
482,GACACGCTCGTTGCAA-1,1627
483,TGATTTCGTTCAGTGT-1,1627
484,AACTTTCAGCATCTTG-1,1627
485,TCCACACCAGTGGATG-1,1627
486,GTCGTAACATACTTGG-1,1627
487,TCGTACCAGTGTACGG-1,1627
488,CGGCTAGGTCATCTAG-1,1627
489,ATTGGTGCAGTGTAGG-1,1627
490,CGATGTAGTCCGAAGA-1,1627
491,CATGACACACGAGATG-1,1627
492,CGTGAGCCAGATTGTC-1,1627
493,CAACCTCTCGTAGCGC-1,1627
494,TGTATTCGTATGCGGA-1,1627
495,AAGGAGCGTCAAGCCC-1,1627
496,ACGGGCTTCGTTAGGT-1,1627
497,GTCTCGTTCTTCTAAC-1,1627
498,CGTCCATCAAGCAAGC-1,1627
499,TTGGCAAAGCAGTCTT-1,1627
500,CAGATCAGTACCTCGG-1,1627
501,TCGGGACCATCTAAGC-1,1627
502,GTTAAGCGTGATTACC-1,1627
503,CTGATCCCATACTTGG-1,1627
505,TGCTGCTCAACGAAAT-1,1627
506,CGAGCACGTGATCCTA-1,1627
507,GCTCTGTCACTACATG-1,1627
508,GGGTTGCGTTCGGTGC-1,1627
509,CTGTGCTAGTCGTGTT-1,1627
510,GCGCAACGTGCATGAG-1,1627
511,AAAGTAGGTTTAGGAA-1,1627
512,GCATGTAAGCGACGTA-1,1627
513,AACTCTTTCCGGCTAG-1,1627
514,AGTGGGAGTTCCACAA-1,1627
515,CGAACATAGTCCATAC-1,1627
516,GCGCCAAAGCTAACAA-1,1627
517,ATCTACTCACTACATG-1,1627
518,CTTAACTAGGCTAGTG-1,1627
519,CAAGTTGAGGCATATA-1,1627
520,CGCTATCAGACTTTCG-1,1627
521,CCTTACGAGGGTTTCT-1,1627
522,TGCTACCTCAAGTTGC-1,1627
523,TTTGGTTAGGCAACAC-1,1627
524,CACTCCATCCAAGGGA-1,1627
525,GCAAACTGTAAGGTGC-1,1627
526,CAGAATCCATGCAGTT-1,1627
527,CCACGGAAGGCATATA-1,1627
528,TGCGTGGGTGCGGTAA-1,1627
529,ACGGGCTAGTGACATA-1,1627
530,ATGGGAGTCGATGGTT-1,1627
531,CGCTTCACAACATAAG-1,1627
532,GTAACTGGTCGCTGTG-1,1627
534,AGTCTTTAGTACGATA-1,1627
535,CCGGGATCATTGCATG-1,1627
536,CGTCCATGTGACGGTA-1,1627
537,GTGCATACAGCACACC-1,1627
538,GTGGGTCTCCACTTCG-1,1627
539,ACTTTCAAGGCATATA-1,1627
540,TTCTTAGGTGCTATTG-1,1627
541,TAAACCGGTATATGAG-1,1627
542,CAGATCATCATCTTTG-1,1627
543,TGCTACCGTGACGGTA-1,1627
544,TTTGGTTAGCAGACTG-1,1627
545,AGAGTGGTCATCTCCG-1,1627
546,ATGTGTGGTCGATACT-1,1627
547,AGAGTGGGTATGCGGA-1,1627
548,CCGTGGATCGGAGAAC-1,1627
549,AACTCCCGTGCCTGGT-1,1627
550,AGCGTATGTCTAGGGA-1,1627
551,GGTGAAGTCTGTATGG-1,1627
552,CATATTCTCCTACCTG-1,1627
553,GAACCTATCAGTAAAG-1,1627
554,TCATTTGGTGCGGTAA-1,1627
555,ACGATACGTTCAAGGG-1,1627
556,AGCTCCTAGTGTGAAT-1,1627
557,CGCTATCGTGTGTTCA-1,1627
558,CTGTGCTCAGGTTAAA-1,1627
559,GCGGGTTCAGCTCATA-1,1627
560,AGACGTTAGTTTGGCT-1,1627
561,TTGGCAATCCTCTGTG-1,1627
562,CGAGAAGCAGGCCTTG-1,1627
563,TGCGTGGCAGGCCTTG-1,1627
564,GCGCAACGTACCAGTT-1,1627
565,CGACTTCGTATTGAAG-1,1627
566,TACGGTAGTTCGATTG-1,1627
567,CCCAGTTTCTGCCGTT-1,1627
568,TCTATTGAGCTAACTC-1,1627
569,CGCTTCAAGCCTATGT-1,1627
570,TGGCGCAAGCGCCTTG-1,1627
571,TGCCAAAAGCACACAG-1,1627
572,CGTGAGCTCGTGCCTT-1,1627
573,TTGCCGTAGCACAGGT-1,1627
574,GCTGGGTGTTGCACTA-1,1627
575,TGACTAGCATCTCGAA-1,1627
576,AGAGCGAAGTGATTGA-1,1627
577,ATTGGACTCGGAATGG-1,1627
578,TTTCCTCCATCAAGAA-1,1627
579,GTGAAGGGTGATAAGT-1,1627
580,CCACCTACAGGAGCAT-1,1627
581,GCACATAAGCTAGTGG-1,1627
582,TTGTAGGTCTCCGGAG-1,1627
583,CAAGATCAGACAGAGA-1,1627
584,GGACAAGTCTGCACAA-1,1627
585,ACACTGAGTACTCGCG-1,1627
586,CTACATTCATCGGTCG-1,1627
587,CCTCTGAAGACTGGCA-1,1627
588,CTACGTCCACCCACAG-1,1627
589,GGGAGATGTCTAGGGA-1,1627
590,CTAGTGATCTCACCTG-1,1627
591,TCAGGTAGTGACGGTA-1,1627
592,CTCTAATCAACCCAAT-1,1627
593,CGATGTATCTGGGATT-1,1627
594,TCAGATGAGGGAAACA-1,1627
595,CGTAGCGGTCGAATCT-1,1627
596,GAACGGAAGCTGGTCC-1,1627
597,AAGCCGCCAGATACCT-1,1627
598,GACTGCGAGAGCCCAA-1,1627
599,CGTCTACAGGTAAGTT-1,1627
600,CTGATCCGTTCGATTG-1,1627
601,ATGGGAGTCCGTCTAC-1,1627
602,GACTAACTCAAAGTGA-1,1627
603,TCTATTGGTCATTACG-1,1627
604,CTCGGGAGTCCCTGGA-1,1627
605,GTGCTTCAGAGCTGGT-1,1627
606,GCGCAGTAGCAAAGCC-1,1627
607,GTAGGCCGTACAAGGC-1,1627
608,CGGACACCAGTACCTA-1,1627
609,TCTGAGAGTGACTGAG-1,1627
610,CTACACCGTCACCAGC-1,1627
611,GGGAATGCATCGGGCT-1,1627
612,ATCTGCCAGACCGATG-1,1627
613,CATCAGACAATGTAGA-1,1627
614,ACGGGTCCATCAGGGA-1,1627
615,GGAGCAAAGGAATCGC-1,1627
616,AGTGTCAGTACTACAC-1,1627
617,CACAAACGTTCAGGTT-1,1627
618,ACGCCAGAGGTGTAGC-1,1627
619,CAGTCCTAGTGTGATA-1,1627
620,CGTCACTGTTTAGGAA-1,1627
621,GCTCTGTAGTTAGGGC-1,1627
622,CTCGAAACAAGAGAGA-1,1627
623,GGCTGGTAGCAGACTG-1,1627
624,AGCTTGATCACTACAG-1,1627
625,CCAGCGAAGCCAGTAG-1,1627
626,GGTGCGTCAGTCGGAA-1,1627
627,TTGACTTGTTACGCCG-1,1627
628,ACATACGTCGTACGCG-1,1627
629,TGAGAGGCAGTGCTCG-1,1627
630,CCTCAGTCATCTCGAA-1,1627
631,TTTATGCCACGGAATG-1,1627
633,TCTATTGCAGCCCATG-1,1627
634,CTGATCCCACGCGATC-1,1627
635,GGAGCAACAAGCTACT-1,1627
636,GAACATCGTACGTGCC-1,1627
637,GCTGCAGAGGGTCTCC-1,1627
638,GAACCTAAGGACGAAA-1,1627
639,AGAATAGAGCTAGCCC-1,1627
640,CATCGAAGTTTGTCAG-1,1627
641,GTGAAGGTCGAGGAGT-1,1627
642,TGGCTGGAGTTACCCA-1,1627
643,AGCGGTCGTCCTCGGA-1,1627
644,CATTCGCTCGGAGTTT-1,1627
645,ACACCGGGTGATTGTC-1,1627
646,TCTGGAAGTAGGATAT-1,1627
647,CATATTCCACTTGCTC-1,1627
648,AACTGGTAGGTACTCT-1,1627
649,GTCCTCATCGGTGCGT-1,1627
650,ATTGGACTCGAACAAA-1,1627
651,CTAGAGTAGTCCAGGA-1,1627
652,ATTTCTGCACGTTTAG-1,1627
653,CAACTAGAGTCCGGTC-1,1627
654,TCAGATGTCTGTCGAA-1,1627
655,CCTCAGTGTACTCACA-1,1627
656,GACTAACAGTTCGCAT-1,1627
657,GCGCCAACAAGTGTTC-1,1627
658,GCTGCTTTCAATAGGA-1,1627
659,CACCAGGAGGCTACGA-1,1627
660,CGAATGTGTTCGATAC-1,1627
661,GTGAAGGTCCTCAGTC-1,1627
662,AACTTTCAGTAAGTAC-1,1627
663,GCATACAAGAAACCTA-1,1627
664,AAGCCGCTCGCTATTT-1,1627
665,TCAGATGTCACGTAGT-1,1627
666,ACACCCTAGCGATATA-1,1627
667,GGCGACTCAATTGAAG-1,1627
668,GACGTGCTCGTTATTC-1,1627
669,TGGGCGTCACCAGTGC-1,1627
670,CTCTAATTCAAGTGCT-1,1627
671,TCTCTAAAGAGGGATA-1,1627
672,TAAGCGTCACCACATA-1,1627
673,TCGAGGCTCTGTTGTT-1,1627
674,TTCGGTCAGATGTAAC-1,1627
675,GTTAAGCGTAACTGTC-1,1627
676,AGTGAGGCACGACTAT-1,1627
677,CGGAGTCTCCACTAAG-1,1627
678,CTGAAGTGTCTCTTTA-1,1627
679,AAACGGGCACCTGGCA-1,1627
680,GGACGTCTCACGTAGT-1,1627
681,ACTGTCCGTAAGAAGG-1,1627
682,ATCGAGTAGTGTGATA-1,1627
683,AAGACCTGTGCATCTA-1,1627
684,CGTAGCGTCTACGGAT-1,1627
685,CATCAGAGTGGACGTA-1,1627
686,CGCTTCATCTGCTGAA-1,1627
687,TACACGAGTCTGCGCA-1,1627
688,TGACGGCAGGGTCGAT-1,1627
689,GAGGTGAGTGGCCTGT-1,1627
690,CCATGTCAGGGTCGAT-1,1627
691,GGTATTGTCTCGTGGG-1,1627
692,CGGCTAGTCTCATCTA-1,1627
693,CTAATGGTCTCAGTTT-1,1627
694,GTTCATTGTGCTTTGA-1,1627
695,GGACAGAGTTCAAGAA-1,1627
696,TCGCGAGGTGGCCACT-1,1627
697,AACCATGTCTGGGATT-1,1627
698,CCACCTATCTTGGATG-1,1627
699,CGAACATAGGGCATGT-1,1627
700,CGACTTCCAACTCGCG-1,1627
701,ATTCTACAGATTGAGT-1,1627
702,GAACCTACAGGTCTGC-1,1627
703,TACACGACATTCGTTT-1,1627
704,AGGTCCGTCTAATGGC-1,1631
705,CACATTTGTCAGGTAG-1,1631
706,CGATTGACAACGAAAT-1,1631
707,GTAGGCCGTGCTTTCC-1,1631
708,CATGCCTGTCTTACCC-1,1631
710,AGGGATGTCTAGAACC-1,1631
711,CAGATCAAGAGCAATT-1,1631
712,TCTTTCCGTGCAACCC-1,1631
713,CCATTCGTCTTGCGGG-1,1631
714,ACCAGTAAGAATTCCC-1,1631
715,ACGCAGCAGATGTGGC-1,1631
716,CTAGCCTAGCTATGCT-1,1631
717,CCGTTCATCGTAGCGC-1,1631
718,GTGCGGTTCTGGATCA-1,1631
719,TTCTCCTCAACGCTTA-1,1636
720,CATATGGCAACTTTCT-1,1636
721,GGAGCAAGTCGAGTAG-1,1636
722,GTAACGTAGCGTGAGT-1,1636
723,AACTCCCTCTGAGATC-1,1636
724,GGGAATGGTCTAGCGC-1,1636
725,GGTGAAGTCCAGGCGT-1,1636
726,ACGCCAGAGCTAGCCC-1,1636
727,CATCAAGCAGACACGA-1,1636
728,CGTCTACTCTACAGCA-1,1636
729,CTGATCCCAAATTCCG-1,1636
730,GAGCAGATCCTACTCG-1,1636
731,GCACATACATGTTTCT-1,1636
732,AAGACCTGTATCTCTT-1,1636
733,GTACGTATCCCTGAGG-1,1636
734,CTCGGGAAGAACAATC-1,1636
735,GAACGGATCTCCTGGT-1,1636
737,CCCATACGTGTTACGT-1,1636
738,TTGACTTCATGGGCCT-1,1636
739,GGCGTGTTCATATCTC-1,1636
740,CATCAGAAGCAGTAGC-1,1636
741,TGGCTGGGTTGTCGCG-1,1636
742,CATGGCGCAGAAGACC-1,1636
743,GTTACAGAGCTTTGGT-1,1636
744,TACAGTGGTGCGAAAC-1,670
745,TTATGCTGTTGAACAA-1,803
746,TACAGTGTCCGCGACA-1,671
748,GCACATATCTGGATCA-1,1646
749,GGGATGAAGCCAGTTT-1,1646
750,TATGCCCTCCGAGATT-1,686
751,TTTCCTCCATTCCGAA-1,1654
752,CACACTCAGCGATCCC-1,1654
753,CCTTTCTCAGTGCTCG-1,1654
755,GAAACTCAGCACAGGT-1,1654
756,AGGTCCGCATAGTGGG-1,1654
757,ATTATCCTCGCGTGGT-1,1654
758,TACGGTAAGCCGTCGT-1,1654
759,GATGCTACAGACAGTG-1,1654
760,GACACGCAGAGCTATA-1,1654
761,CCTATTAGTTAAAGGT-1,1654
762,GCGAGAAAGCTAGTTC-1,1654
763,GTCGTAAAGAGTAATC-1,1654
764,CTGAAACCAGACTCCG-1,1654
765,GCAGCCAAGAGGGATA-1,1654
766,CGAACATTCGTTGGAT-1,1654
767,GTGCATATCACGTAGT-1,1654
768,ATGGGAGAGTCGCCGT-1,1654
769,TTTGGTTTCGAAAGGC-1,1654
770,CCTTACGCAACGAAAT-1,1654
771,CTCTGGTGTTTGGGCC-1,1654
772,ATGTGTGTCCGCCTTA-1,1654
773,ACTGAGTAGAAGGTGA-1,1654
774,CGTGTAATCGGGCTCA-1,1654
775,TTATGCTCAAGTAAGT-1,1654
776,ACGAGGACAACTCGCG-1,1654
777,CCTTCCCTCGCTATTT-1,1654
778,ATTATCCGTATTCGTG-1,1654
779,ACCCACTTCGTTATCT-1,1654
780,CAGCCGAAGGAATGGA-1,1654
781,CAACCAAAGCAGGTCA-1,1654
782,ATTGGTGCATTCCGAA-1,1654
783,CTAGTGAGTGAACACG-1,1654
784,ATCATGGTCCGAAGGA-1,1654
785,GATCGATGTTGCAGCC-1,1654
786,TTTGTCAAGATTGAGT-1,1654
787,CAACCAAGTCTCTCTG-1,1654
788,GCATGTACAAGCTATC-1,1654
789,CACAGTAAGGATGTCG-1,1654
790,GTGTGCGCACTCCCTA-1,1654
791,CAAGTTGTCCACTAAG-1,1654
792,CTAGAGTCAGACACAG-1,1654
793,GTTACAGTCCTCAGCT-1,1654
794,GTTCATTTCTCATCCG-1,1654
795,ACGGAGAAGAGCTTCT-1,1654
796,AAACGGGGTTCGAGCC-1,1654
797,TGAGGGACAACAGAGC-1,1654
798,ATCGAGTGTTGGGCAA-1,1654
799,GGGATGAGTTGGAGCA-1,1654
800,AGGCCGTCATTTCTTG-1,1654
801,GTGCTTCTCTGACGCG-1,1654
802,TGTGTTTTCTACGGCG-1,1654
803,GACGTTAAGTGTCTCA-1,1654
804,GGTGTTAGTTATGTGC-1,1654
805,CCTAAAGAGCCAGGAT-1,1654
806,TTTCCTCTCCGTTAAG-1,1654
807,CTGCCTACACGATGGA-1,1654
808,GCTGCTTTCATGTCAG-1,1654
809,GTGCGGTCAGGCCTTG-1,1654
810,ACTGAACAGGATCGCA-1,1654
811,TTGAACGCATAGAGGC-1,1654
812,GGCGTGTCAATGTAGA-1,1654
813,AACTCTTCATACTTGG-1,1654
814,AGATCTGCACTCTGGG-1,1654
815,GCATGATGTTCGTCAA-1,1654
816,GGTATTGAGCACCGCT-1,589
817,ACGAGCCTCCGCGAGT-1,1665
