,barcode,group
3,GCGCCAACACCAGTGC-1,1200
5,TTCTCAAGTCTCGGCA-1,1200
7,CCCAGTTAGTAATCCC-1,1200
8,ATGAGGGGTGCTTTGA-1,1200
9,TGACTTTCAACCTGCG-1,1200
10,CCGTGGAGTGGTAAGC-1,1200
15,GTTCTCGGTTCTCAAG-1,1200
18,CTTCTCTCAATCTCTT-1,1200
19,TCGTAGACATCGGCGT-1,1200
21,TTAGGCAGTTGACCCG-1,1189
22,AGCGTATGTAGTCAAA-1,1189
26,GTATTCTCACCCAAAT-1,1165
27,CTGAAACGTATCGCCG-1,1165
28,GACTACATCGGTAAGG-1,1165
29,GTTACAGAGATTACCC-1,1165
30,TACGGGCCAAACGAGC-1,1165
31,CGGACTGTCAGACACT-1,1165
32,TGCGGGTCACGTAGGA-1,1165
33,CGTCTACCAGATACCT-1,1165
34,TCACGAAAGAATGTTG-1,1165
35,CACAGGCGTGACATGG-1,1165
36,GGGTCTGCACCTATGA-1,1165
37,AGGCCGTAGAACAATC-1,1165
38,GGCGACTTCAAGTGCT-1,1165
39,ACACCCTTCGATAGGG-1,1165
40,TCCCGATAGAGGACGG-1,1165
41,AACTCAGCAGCTATGT-1,1165
42,TGAGCATCAGACTTGT-1,1165
43,ACTGAACAGCTATGCT-1,1165
44,GAGCAGACAGCATGTT-1,1165
45,TTCTCAATCGGAAGAC-1,1165
46,CGGTTAATCCGCTCTA-1,1165
47,GCACTCTGTCGGAAGT-1,1165
48,AAAGATGTCTACCGTC-1,1165
49,TGACTTTCAAGGCGTA-1,1165
50,TTAGGCATCTACGGCG-1,1165
51,TTTCCTCCATGAATGA-1,1165
52,GGCAATTAGACAGGCT-1,1165
53,AGCTCCTAGCGTGAGT-1,1165
54,TTCGGTCCAGGGACTA-1,1165
55,TACTCATTCCCGGACA-1,1165
56,CAGCTGGAGACGCTTT-1,1165
57,GCCTCTAAGTCTCCTC-1,1165
58,TTCTACACACACTCGG-1,1165
59,ACACCGGAGATCGGGT-1,1165
60,ACCCACTCACCGAACC-1,1165
61,CTTACCGCAACTAGTC-1,1165
62,GCAGTTACATAGAGGC-1,1165
63,GCTGCTTCATAGTGAA-1,1165
64,TCCACACAGCGTCAAG-1,1165
65,TTTCCTCGTGCTGTAT-1,1165
66,GAATAAGGTCACGCAC-1,1165
67,GCTTCCACAACGCGCT-1,1165
68,TCCCGATTCTGTATTC-1,1165
69,GGACATTTCCTACCCA-1,1165
70,ATCTGCCTCTGCTAGA-1,1165
71,AAGGCAGTCAGATTCG-1,1165
72,AGGCCGTTCAATAGAG-1,1165
73,GTCAAGTTCACGGTAT-1,1165
74,TACCTATGTCCTACCT-1,1165
75,CGACCTTTCCAACGAT-1,1165
76,TCTCATAAGACTGGCA-1,1165
77,CCACCTAGTCATACCA-1,1165
78,CAGCTAAGTAACTGTC-1,1165
79,TCGAGGCCACGGAATG-1,1165
80,ATCGAGTTCATATCTC-1,1170
81,CCTTACGCAAGTCGGA-1,1170
82,AGGTCATAGTGGGTAC-1,1170
83,ATCCGAAAGGTAAACT-1,1170
84,AAAGATGCAACAGCCC-1,1170
85,CCACCTAAGCCGAACA-1,1170
86,TGCCCATCAATCTCTT-1,1170
87,GACGCGTCATTTAGGC-1,1170
88,AGAGCTTGTCCCGACA-1,1170
90,CTGCCTAGTTATTGGC-1,1170
91,GACCAATCACTACGTA-1,1170
92,TAGTGGTCACGCACGT-1,1170
93,CAGCCGATCGAAATCC-1,1170
94,CAGTAACTCCGACCAG-1,1170
95,CTTGGCTGTCGAATCT-1,1170
96,GCGCCAAGTAGACCAG-1,1170
98,CGGACTGGTTAAGTAG-1,1170
99,CTCACACCATGCCGCA-1,1170
100,TTTCCTCTCGGAGTTT-1,1170
101,CTAGTGATCACTTTAC-1,1170
102,CAAGTTGTCAAGACAA-1,1170
103,GGGAATGGTAACAATG-1,1170
104,CGTGTAATCTGTTGTT-1,1170
105,CTCGGAGTCATCAGCA-1,1170
106,GGGATGAAGACAGTTA-1,1170
107,CCGTACTCATGTATGC-1,1170
108,TTAACTCAGGTACTCT-1,1170
109,CCTAGCTGTGAGTCAG-1,1170
110,ACCCACTGTGTGCTTA-1,1170
111,ATTCTACCATACGGTT-1,1170
112,CGTCTACGTGTGTATC-1,1170
113,TTCTCCTGTGTCCTTC-1,1170
114,ATTGGACTCGTATCCC-1,1170
115,CGAGCCAAGCTGTTCA-1,1170
116,TCATTTGAGGTGCTAG-1,1170
117,ACACCGGGTGAGTCAG-1,1170
118,CTGATCCTCAACTGCA-1,1170
119,TAAGCGTCACCGGCAT-1,1170
120,AGAATAGTCCGCTTGT-1,1170
121,CTGATCCCATACGGTT-1,1170
122,CAGCATAAGAGTACAT-1,1170
123,GACTGCGAGATGTAAC-1,1170
124,CTGATAGGTAAGAAGG-1,1170
125,ACCTTTATCTCGGTTC-1,1170
126,CGTGTAATCAATCTTC-1,1170
127,GCGGGTTCAAGGCTAG-1,1170
128,GGGAGATGTCACCAGC-1,1170
129,TAGTGGTCACTCTGGG-1,1170
130,CATGACACAGCTTGAT-1,1170
131,CGTGTAATCCTTGCAC-1,1170
132,GAGCAGAAGCCTATGT-1,1170
133,TATCAGGGTGTCGCTG-1,1170
134,GATCGCGAGGGATACC-1,1170
135,GTATCTTAGTGTGATA-1,1170
136,TACTTGTCAACACGTT-1,1170
137,TTGTAGGGTAGGCTGA-1,1170
138,ATTATCCCAGCGTGTC-1,1170
139,CAAGTTGAGCGATTAA-1,1170
140,CTTGGCTCATTCTTGT-1,1170
141,GACACGCGTTGGTATC-1,1170
142,AATCCAGTCGTGTACA-1,1170
143,CAGAATCGTGACCAAG-1,1170
144,GACGTTAGTACTCCGG-1,1170
145,CAAGAAAAGTGTTAGA-1,1170
146,AAATGCCGTCGCTTCT-1,1170
147,TAGGCATAGCTAGCCC-1,1170
148,AGAATAGGTCCTACCT-1,1170
149,AGACGTTAGGTCGGAT-1,1170
150,CAGCTAAGTACCATCA-1,1170
151,CCGTTCACAGACACAG-1,1170
152,GACGTTAAGGACAGCT-1,1170
153,CGGAGCTAGATGTCTC-1,1170
154,CCACTACTCGGGTCAC-1,1170
155,ACGGAGATCCGCTGAG-1,1170
156,CCTTCCCGTGACATGG-1,1170
157,CGCGTTTTCTGGAGTT-1,1170
158,GAATGAAGTACTGCTA-1,1170
159,TTCTTAGTCGTTATTC-1,1170
160,GAACGGACAGGTACGA-1,1170
161,GGCGACTTCTGTCGAA-1,1170
162,TGACTTTCAACAGTGG-1,1170
163,AGAGCGACAGACACAG-1,1170
164,CGATGTATCCTGATTT-1,1170
165,ACTTTCAGTCCCACAG-1,1170
166,CCCATACGTTCGATTG-1,1170
167,ACAGCTACATCTTTCA-1,1170
168,GCCTCTACATCGCACG-1,1170
169,GGACATTCATACGTTG-1,1170
170,AGGGATGCAACACCGC-1,1170
171,TCAGATGAGTGGAGAA-1,1170
172,AACGTTGTCTCCATGC-1,1170
173,CTGAAGTAGGGATACC-1,1170
174,GCAATCAGTCATACCA-1,1170
175,CGCGGTAAGTTAGGGC-1,1170
176,CGGAGTCGTGGTACAG-1,1170
177,CGTAGGCTCAATAGGA-1,1170
178,CCAATCCAGGACCAGT-1,1170
179,AGGGATGCAGTGCTCG-1,1170
180,ATGAGGGTCTGGAGTT-1,1170
181,CACAGTAGTTATGCGT-1,1170
182,GTGCTTCGTCGCGTAC-1,1170
183,AAGGCAGTCAGCCTGG-1,1170
184,ATGAGGGTCGGAGAAC-1,1170
185,GCGACCAAGCTATGCT-1,1170
186,ACATACGCACGTACAT-1,1170
187,CGACCTTTCGACCATA-1,1170
188,TGAAAGAGTCCAGCCA-1,1170
189,ATCTACTTCGTTAAGC-1,1170
190,ATGTGTGTCTGGTGAT-1,1170
191,TCTATTGGTGATACCT-1,1170
192,CTACGTCCAAGCCAAG-1,1170
193,TGTTCCGTCTTCCGAC-1,1170
194,ATTATCCGTCAGGTAG-1,1170
195,TCTGAGAAGTGAAGAG-1,1170
196,CTACACCCAGACGAAC-1,1170
197,GACTGCGCAGAGGTCA-1,1170
198,CTGGTCTTCATTTGCT-1,1170
199,ACGATGTCAACCGCTG-1,1170
200,GTTTCTATCAGATGTC-1,1170
201,AGAGCGACAACCCAAT-1,1170
202,GTTACAGTCCGCGAGT-1,1170
203,ACTGATGCAGTGTAGG-1,1170
204,TTTACTGGTCACGCAC-1,1170
205,TTCTTAGTCAGCAGCC-1,1170
206,CATATGGTCGTAACCA-1,1170
207,GTGTGCGTCTGGCAGC-1,1170
208,ATCCGAAAGCCCGTGT-1,1170
209,GTCACAAGTTACTGAC-1,1170
210,CGTGAGCCAGCGTGTC-1,1170
211,GCGGGTTTCGATAAGA-1,1170
212,CCACTACTCGGAGTTT-1,1170
213,AGAATAGAGGTGCAAC-1,1170
214,AGGGTGATCGAAGCGA-1,1170
215,TAGCCGGTCGCGGCAT-1,1170
216,TAGTTGGTCGACAACT-1,1170
217,CGGCTAGTCTAAGGAA-1,1170
218,CGTCACTAGACACGAC-1,1170
219,GACTGCGCAGTACCTA-1,1170
220,GACGCGTCAGCTATGT-1,1163
221,CGGTTAAGTAACCGAG-1,1163
222,GGACAGAGTCATGCCG-1,1163
224,AGGCCACAGCCCAACC-1,1163
226,ATTATCCCATACTGCA-1,1163
227,CAGTAACGTAACAGCG-1,1163
231,ATCTGCCCATCACTGA-1,1177
234,AAAGTAGGTCAACTCA-1,1173
236,TCTTTCCCAATCGTCA-1,1173
237,TTTCCTCCATCCCAAA-1,1173
238,AGAGCGATCCGTATTT-1,1173
240,CACAGTAAGAGTAAGG-1,1173
241,TTCTACATCTCGGAAT-1,1173
242,GGAACTTAGGCCCGTT-1,1173
243,GGATGTTTCTAGAGCT-1,1173
244,TGAGCATCATTCGTTT-1,1173
245,ACGCCGAGTTAGCTCA-1,1173
246,CGATGTAGTAACACTC-1,1173
247,CTACACCCAGGGCTTC-1,1173
248,CTGAAACAGACGCTTT-1,1173
249,ATCCGAACAAGGTGAC-1,1173
250,GTCTCGTTCGACTTCC-1,1173
251,AATCGGTTCGAGTACT-1,1173
252,CACACAAGTTAGTCAC-1,1173
253,CACACCTGTGACCAAG-1,1173
254,CGAGAAGCATTTCGTT-1,1173
255,CAGCCGAGTTGAACAA-1,1173
256,ACTATCTCATTGGTCA-1,1173
257,AGTGTCAGTCGACGCT-1,1173
258,GTACGTAGTGATTGGG-1,1173
259,CGATGTACACAGTGTT-1,1173
260,TTAGGCATCTTGGCCT-1,1173
261,ATAACGCGTTATCGGT-1,1173
262,GGTGCGTTCTGATGGT-1,1173
263,TTAGGACAGGCTCTCG-1,1173
264,TCGTACCGTAGCAGTG-1,1173
265,CATATGGAGGCTATCT-1,1173
266,CTCTACGAGGATCGCA-1,1173
267,CGGCTAGCAACTCATG-1,1173
268,TTTCCTCGTCATCTGA-1,1173
269,ACATACGGTAGTGACG-1,1173
270,GGAGCAAAGTCTAGCT-1,1173
271,ATAACGCGTTAAGATG-1,1173
272,GGCGACTGTAGTGACG-1,1173
273,CAGCTAACATGGGCCT-1,1173
274,GTCACGGGTTGCCAAT-1,1173
275,ATTTCTGCACGCACGT-1,1173
276,CCCATACAGATTACCC-1,1173
277,CCGGGATGTAGGGACT-1,1173
278,ACACCAACAAGTCGGA-1,1173
279,ATCCGAATCTAAGACC-1,1173
280,AACTCAGAGCTAGTTC-1,1173
281,GATGAAACACACTCGG-1,1173
282,GCGCCAAGTCGCGTCA-1,1173
283,CCTCTGACAACCTGAT-1,1173
284,TGGTTAGGTAAACAGT-1,1173
285,TGAGAGGAGAAACCCG-1,1173
286,TTAGGCATCTAGCAGT-1,1173
287,AACACGTAGCCTAACT-1,1173
288,CAGGTGCAGTGGGTTG-1,1173
289,CTACCCAAGTGGGTTG-1,1173
290,GGGAGATCAGCAGATG-1,1173
291,CGTCACTAGGCATTGG-1,1173
292,TGCCAAACATTGTCTT-1,1173
293,CGCTATCAGGCTAGAC-1,1173
294,AACTTTCGTTAACCTG-1,1173
295,CTTACCGAGCCAACAG-1,1173
296,ACCGTAACATAGGGCA-1,1173
297,CTAGCCTTCACGACGC-1,1173
298,TGTATTCAGAGTCTGG-1,1173
299,TTCGGTCCAACGGGAT-1,1173
300,GCGCAGTAGTGCGTGA-1,1173
301,GGACAAGCATCAGGGA-1,1173
302,CATGACACAGTAGAAT-1,1173
303,ATTGGTGGTAGCAGGT-1,1173
304,CAACCAACATTACAGC-1,1173
305,CGGGTCAAGCAGCGTA-1,1173
306,TGACGGCTCGGAGAAC-1,1173
307,TCATTACCAACCGGAA-1,1173
308,CTCGGAGCAACATAAG-1,1173
309,CCCAGTTCATGTTTCT-1,1173
310,CACAAACAGGGTAACC-1,1173
311,GCGCGATCAAGAACTA-1,1173
312,GCATGATTCGTACGCG-1,1173
313,GACTGCGAGAGGCAAA-1,1173
314,CAGTCCTCATCTGTAG-1,1173
315,GTACTTTAGCGCGTCT-1,1173
316,CGCGTTTGTGTAATGA-1,1173
317,TAAACCGCACGCGATC-1,1173
318,TTCTACAGTCGGCATC-1,1173
319,GGAGCAAGTGCTCGAC-1,1173
320,CTTAACTGTGTTCCGG-1,1173
321,TAGTGGTAGCCCAACC-1,1173
322,TCGGTAAAGTCCCGAC-1,1173
323,AAGGTTCAGGATGCGT-1,1173
324,ACATACGTCCAAACCA-1,1173
325,GACGTGCGTAAAGTCA-1,1173
326,TACGGTAAGATCCCGC-1,1173
327,TCACAAGGTCTCTCGT-1,1173
328,TTCGGTCCATTTAGGC-1,1173
329,CCCATACCATGAGACG-1,1173
330,CCAGCGACAACGTTTG-1,1173
331,CTCAGAAGTTTGGCTA-1,1173
332,GTGTGCGGTATCTCTT-1,1173
333,GTTCGGGAGTCGACTT-1,1173
334,CAACTAGAGGAGTACC-1,1173
335,TATCTCAGTGAACACG-1,1173
336,AACACGTAGGACACCA-1,1173
337,ATCCGAACAGTCCGGT-1,1173
338,CAACCTCCAATTAAGG-1,1173
339,GGGATGAAGCTTCAGT-1,1173
340,AAGCCGCGTCTAGGTT-1,1173
341,AGCATACGTCGATACT-1,1173
342,AGGGTGAAGCCATGCC-1,1173
343,CTTAGGACACGCTGAC-1,1173
344,AATCCAGTCGAATGTC-1,1173
345,CAACTAGAGCCGGTAA-1,1173
346,GTGCGGTTCAATAGGA-1,1173
347,TGGCCAGCAAATACGA-1,1173
348,CAGGTGCGTCTTGCGG-1,1173
349,CCCAATCTCGTAACCA-1,1173
350,CTACGTCTCCGATACA-1,1173
351,TGAGCATTCTGGTGAT-1,1173
352,GGCGACTAGCCATGCC-1,1173
353,GACGTTAGTTTGCCTC-1,1173
354,GTGTTAGAGGGCTTCC-1,1173
355,GCTTGAAGTCAAGTTC-1,1173
356,CATATTCCACGTGCGT-1,1173
357,AGGGTGACACTATGCA-1,1173
358,TAGGCATGTACCGTCG-1,1173
359,GAAGCAGGTACCAGCC-1,1173
360,GAAGCAGGTCCCTTGT-1,1173
361,AACTGGTCACTTGAGT-1,1173
362,CGGACTGAGAGTAATC-1,1173
363,TAGACCAAGGCGACAT-1,1173
364,ACTGAACTCTGGGCAC-1,1173
365,ATAGACCTCCCGGACA-1,1173
366,CGGACGTTCCTGCGTT-1,1173
367,AGTGGGAGTAACTAAG-1,1173
368,CCTTTCTCAACGACTT-1,1173
369,CGGGTCAGTTCGTCAA-1,1173
370,GCGACCAAGGTGCTTT-1,1173
371,TTTGGTTGTCCGGTGT-1,1173
372,CCTAAAGCAATCCTTT-1,1173
373,TTCTCCTAGGCATTGG-1,1173
374,CCGTACTTCCGCGACA-1,1173
375,GCTGCGAGTCATCTAG-1,1173
376,CCCAATCAGATGTGGC-1,1173
377,TACCTATTCCGTAATG-1,1173
378,CTCGGAGTCCCATGTC-1,1173
379,GTAACTGGTAGCAGGT-1,1173
380,GGACATTAGCCGTCGT-1,1173
381,CCGGTAGTCTACAGCA-1,1173
382,CGAGAAGAGATATGCA-1,1173
383,ACGAGCCCAGTAATCC-1,1173
384,TGGCTGGCACACGTGC-1,1173
385,CAGCGACGTGTCTGTA-1,173
386,CCTTCGAGTTAGAATG-1,1183
387,CGGAGTCCAACTCGCG-1,1183
388,CTCGTCACACGAAGGT-1,1183
392,CAGCAGCGTACGCGAA-1,1156
396,CTGCCTATCCTTATTG-1,1156
397,TTAGGCATCTCACCTG-1,956
398,ACACCCTGTATGACTC-1,956
399,TGGACGCGTATCGCCG-1,956
400,CGATTGACAGACGAGT-1,242
401,CTACGTCTCGTTCAAG-1,297
402,GAAGCAGTCGTTGCTC-1,349
403,GAGCAGAGTGCTATTG-1,373
404,CCTATTATCCACCTTG-1,220
405,CAGCGACGTGATTGTC-1,786
406,TCACAAGCAGATACCT-1,786
407,GCAAACTGTTGCAGCC-1,775
408,CGATGGCCAACATAAG-1,775
409,CGGGTCAAGTGTACCT-1,775
410,TGCCCTACAGAGGTCA-1,775
411,CAACCTCTCACGCGAC-1,775
412,CAACTAGAGCTGCACC-1,775
413,CCTACCATCCAGGCGT-1,775
414,AAAGATGAGTTAGGTA-1,775
415,CGTGAGCTCGCGCACA-1,775
416,TACGGATGTACTCCGG-1,775
417,TAAACCGGTTCAAGAA-1,775
418,AGAATAGAGCAGCGTA-1,775
419,GCCTCTATCATAGGAA-1,775
420,GACGTTAAGAGGACGG-1,775
421,CGGGTCATCCAAACCA-1,775
422,CTAACTTAGGTGACCA-1,775
423,GAAGCAGAGTGATCGG-1,775
424,AGTGGGATCTAGCCTC-1,775
425,CATGGCGCATCGGTCG-1,775
426,GCCTCTAAGTTAGCGG-1,775
427,GGCTCGACATAGGGCA-1,775
428,AGGCCGTGTAATGACA-1,775
429,TCTATTGCAAGGCGTA-1,775
430,CAAGATCAGAGCGAAA-1,775
431,AGCAGCCTCGGCACCA-1,775
432,AGGCCACAGTGTACGG-1,775
433,CAAGGCCAGCGACGTA-1,775
434,ATTACTCAGGACCACA-1,775
435,GACAGAGTCTGGGACC-1,775
436,CTGATAGAGACCGATG-1,775
437,TGGCCAGTCAGAGTAA-1,775
438,CGCGGTAAGTTTCCTT-1,775
439,GCCAAATAGACTGGCA-1,775
440,GCAAACTTCAATCTTC-1,775
441,AGGGAGTTCTTAGCTT-1,775
442,AGCGTATAGCTGAACG-1,775
443,AGAGCGACACGCGATC-1,775
444,CGATGTACACCGAACC-1,775
445,GACGCGTAGGTGCAAC-1,775
446,TATCAGGTCTGGGACC-1,775
447,GCTTCCACACGAAGGT-1,775
448,CCACGGAGTCCGAAGA-1,775
449,TACTTGTTCTGCTGAA-1,775
450,AGCGGTCTCCGTTAAG-1,775
451,ACGCAGCGTAACTTCG-1,775
452,CGGCTAGAGAATGGGA-1,775
453,TTAGTTCCACTTCAGA-1,775
454,GCATGATCATGTATGC-1,775
455,GATCTAGCATCGTCAA-1,775
456,TCTGAGAAGGTTCCTA-1,775
457,GCTGGGTAGACTTTCG-1,775
458,GGGTCTGTCCCAAGCG-1,775
459,AGAGCGAGTCGCGTCA-1,775
460,AGGTCATAGCGTAGTG-1,775
461,CGAATGTTCATCAGGT-1,775
462,CTGAAGTGTCCTCGGA-1,775
463,AGACGTTTCCGCGACA-1,775
464,AGAGCGATCGCGCACA-1,775
465,GTGAAGGTCTCCAGCT-1,775
466,TGGGCGTAGTTAGGTA-1,775
467,GGACAAGGTATGTACC-1,775
468,TCACGAAGTTTGGCGC-1,775
469,GGACAGACACTCTTAT-1,775
470,ACATGGTGTCACCGCA-1,775
471,GCGACCACATACGGTT-1,775
472,GCATGTAAGCGACGTA-1,775
473,GGACAAGAGATGTAAC-1,775
474,GAACATCCAGCTATGT-1,775
475,TGAGGGAGTTAAGATG-1,775
476,ACGATACCAATGGCTT-1,775
477,ATGTGTGCATGGATTC-1,775
478,TCAGCTCAGAGCCCAA-1,775
479,CACCACTCACCTCCAT-1,775
480,ACGGGTCAGCTAGTTC-1,775
481,CACACCTAGGACAGTC-1,775
482,TCATTACGTTTGGCGC-1,775
483,GCTGGGTTCATCGCAA-1,775
484,ATAAGAGCAGGGATCA-1,775
485,GCTTCCATCGACCATA-1,775
486,GTCAAGTCACTATGCA-1,775
487,GAAATGAAGGCTAGCA-1,775
488,TGACTTTTCCCGGACA-1,775
489,ACGTCAACATACCAGT-1,775
490,CCTTCGATCACTTTAC-1,775
491,CACATAGGTGCATCTA-1,775
492,AGGCCGTCAACGTCTA-1,775
493,CTCGAAAAGAATCGTA-1,775
494,GAAATGAAGTAAGTAC-1,775
495,CTAACTTCATCACTGA-1,775
496,AGGGTGACAGTTATGC-1,775
497,AGAGTGGTCTACAGTG-1,775
498,ACTATCTAGCGGATCA-1,775
499,TGTATTCGTCTCGAGC-1,775
500,TAGAGCTTCGGTGCAC-1,775
501,AGACGTTGTAACAATG-1,775
502,CCTACCATCACGTAGT-1,775
503,ACTTGTTTCCGCACGA-1,775
504,GGACAAGCACTGGCCA-1,775
505,TACTCGCTCAGTGTGT-1,775
506,ATGCGATGTCTAGGGA-1,775
507,CTGGTCTGTCGACGCT-1,775
508,ATCATGGCACGACGCT-1,775
509,TAAGTGCAGTCACGCC-1,775
510,GAAATGACAAGGTGAC-1,775
511,GAAGCAGTCATTGGAC-1,775
512,TTAACTCTCCGTTAAG-1,775
513,TACCTTAGTAAACAGT-1,775
514,ACATACGTCGCTCTGT-1,775
515,CATTCGCCACCCACAG-1,775
516,CGTCCATCAATGGGAC-1,775
517,TGAGAGGAGCAGCGTA-1,775
518,CTAAGACAGAGTAATC-1,775
519,CGTGTCTCAGATTGTC-1,775
520,AGGCCGTCACCTGCAG-1,775
521,CGATTGATCCAAACCA-1,775
522,AGTGTCAAGGCTAGCA-1,775
523,CGGACGTTCTGCTGAA-1,775
524,GTTCTCGTCTTCACGC-1,775
525,AATCGGTGTACATGAA-1,775
526,TCAGCTCGTGTGACAG-1,775
527,CTTAGGACACCCGTTT-1,775
528,AGAATAGAGACTTGAA-1,775
529,AAAGTAGGTTCGTCAA-1,775
530,CGTCTACTCCGTACCT-1,775
531,CAACTAGTCGTTCAAG-1,775
532,CCTTCGATCGAGTACT-1,775
533,CGCGGTACAGTCCGCA-1,775
534,CTCTACGGTTACGCCG-1,775
535,GGCCGATTCCTCGACT-1,775
536,TCGTACCGTGGCCTGT-1,775
537,GTGCAGCCAGACGAGT-1,775
538,TGCACCTTCTTCTTGA-1,775
539,GTACTCCAGGTGTGGT-1,775
540,AAACCTGGTTCAAGGG-1,775
541,CAAGATCCATAGAGGC-1,775
542,CCCATACTCAGCACGC-1,775
543,TCTCTAAGTCTCCACT-1,775
544,CTACCCACAACTCATG-1,775
545,CTCACACCATAGAGCG-1,775
546,GCTTGAATCTGATCAG-1,775
547,TTAGGCACATAGGGCA-1,775
548,CGCTTCACAAGACGCA-1,775
549,CTACATTAGTACAGTA-1,775
550,TACAGTGTCTATGCCC-1,775
551,AGGTCCGCAAAGTTAG-1,775
552,CGGACTGGTATTCGCA-1,775
553,TTGGCAAAGAGACTAT-1,775
554,CTGCCTAAGCAGACTG-1,775
555,CTGTGCTCACTCATGA-1,775
556,CATCCACAGCGACGTA-1,775
557,CTGCGGAAGAGTACAT-1,775
558,AAGGAGCCATGGATTC-1,775
559,ATGGGAGCATCGCACG-1,775
560,AAGTCTGAGTGTTAGA-1,771
561,TCGGTAAGTCCTTGGG-1,771
562,TGTTCCGAGACTCGGA-1,771
563,CCATTCGAGGATGTCG-1,771
564,CGTGAGCCAGTAGGGT-1,771
565,GGATTACCACAATCAC-1,771
566,AGCGTATTCCGCGACA-1,771
567,CTCTACGGTCTTACCC-1,771
568,GACGCGTCACAGAGCA-1,771
569,GATCGCGTCTAAGACC-1,773
570,GGACATTCAAATTCCG-1,773
571,GTCACGGCAGGGCTTC-1,773
572,TCGTAGATCGAAGCGA-1,773
573,TACCTTACACGATAGG-1,483
574,AGATCTGCAAGGCCCT-1,76
575,TAGTTGGAGCCAGGAT-1,502
576,CCTAAAGCATCCAGCG-1,216
577,CGAACATGTAGGATAT-1,229
578,GACGTTATCGCCCAGA-1,906
579,TGGGAAGTCCACTGCT-1,906
580,CTCGGAGAGGAGTTGC-1,906
581,GTTTCTAGTTAAACGA-1,906
582,CTGAAACGTGCACACC-1,906
583,TTGCCGTAGTACGACG-1,906
584,AGCGTATAGCAGTACG-1,906
585,CCACGGAGTTTGGCGC-1,906
586,CACACTCCAGATCGAG-1,906
587,TCTCATAGTGTTTCAG-1,906
588,ATAAGAGTCGAGTATC-1,906
589,GGTGAAGTCAAGTTGC-1,906
590,CACACTCAGAAAGCTT-1,906
591,ACGATACGTCGTCTTC-1,906
592,AGCATACCATGTTTCT-1,906
593,CTTACCGGTCTCGGCA-1,906
594,GTGCGGTTCTGATGGT-1,906
595,CGCCAAGAGACCCACC-1,244
596,GCGCAACCATCTAAGC-1,397
597,GTACTTTTCAATCTTC-1,1185
