,barcode,group
4,CTGCGGAAGAAACGCC-1,1629
6,GATCGTAAGGCTCTCG-1,1629
9,CTAATGGAGTCTCCTC-1,1629
10,GACGGCTAGCCAGGAT-1,1629
11,AAACGGGGTTCGATTG-1,1627
15,ACACCCTAGCACAGGT-1,1627
20,GCTGGGTTCCACAGCG-1,1627
23,CGAGAAGGTAACTAAG-1,1627
25,CGTTGGGCAGACACAG-1,1627
28,GTTCGGGTCATTGCTT-1,1627
29,CATGGCGAGACTTTCG-1,1627
31,TTCTCCTTCCAAAGAA-1,1627
32,GAAACTCTCGGGTCAC-1,1627
33,GAATGAATCCTTGAAG-1,1627
36,TGGACGCGTAAGCGCA-1,1627
37,ACATGGTCATTATCCT-1,1627
38,GCTTGAACACAGTGTT-1,1627
39,TTGCCGTAGTGTTGAA-1,1627
40,TTTGCGCAGGTGCTAG-1,1627
41,CGAATGTTCTGGTGGC-1,1627
42,CGGAGTCTCATCAGGT-1,1627
43,CGTCTACAGAAGGTTT-1,1627
44,CTAGAGTGTACTACAC-1,1627
45,AGGGAGTCAAGTGTTC-1,1627
46,TGTATTCAGTGAATTG-1,1627
47,CTAGCCTAGTTTGGCT-1,1627
48,CCTTACGGTCTCTCGT-1,1627
49,TCTTCGGAGAGACTAT-1,1627
50,AACCGCGGTTAGAGCG-1,1627
51,CCACTACAGGACCACA-1,1627
52,CAGCTGGTCGCCAACG-1,1627
53,AGTGGGACAGATATCC-1,1627
54,ATTGGACAGATATGCA-1,1627
55,CAGGTGCAGCTAGTGG-1,1627
56,TGGCTGGAGTGCTGCC-1,1627
57,GAAACTCTCAGCCCGA-1,1627
58,TAGGCATTCCGTATTT-1,1627
59,ACACCCTCAAGGGATC-1,1627
60,TACTCATAGGCAACAC-1,1627
62,TGATTTCAGACAAAGG-1,1617
64,GTGGGTCGTATTGAAG-1,1617
72,GCGCGATGTGAACACG-1,522
73,GACCTGGAGAAACGCC-1,1518
74,ACGGGTCCAAGTGTTC-1,1518
75,ATCTACTAGATAGCAT-1,1518
76,GATCGTATCCGTTAAG-1,1518
77,ACTTTCACACTAACTG-1,106
78,TTATGCTGTGTCCCTT-1,786
80,TCATTACAGCAGTACG-1,1477
81,ATCGAGTCATCACTGA-1,1477
82,GACGTGCGTCATGTTG-1,1477
83,CATCCACAGCGTAATA-1,1477
84,TCAATCTGTACGTAAA-1,1477
86,ACACCCTGTAGATGCG-1,1477
87,AGGTCCGGTTGATCGT-1,1477
88,CGCTATCAGGCTAGAC-1,1477
89,CGGCTAGTCTAACGTG-1,1477
90,GCACATATCGCTCTAC-1,1477
91,CGCTATCTCAGGGACA-1,1477
92,TACTTGTGTGGTGAGT-1,1477
93,CATGACAAGTGTTTGC-1,1477
94,GACCTGGGTGATTGGG-1,1477
95,CCGTTCAAGAATTCCC-1,1477
96,TTCGAAGGTATGTAGA-1,1477
97,CCTAAAGCAAACTCAC-1,1477
98,GAGCAGAGTAGATGTA-1,1477
99,GTGCGGTTCCGTAATG-1,1477
100,GACAGAGTCCTCGACT-1,1477
101,GGACATTTCGTACGCG-1,1477
102,CCCTCCTCAGAGATCG-1,1477
103,CGACCTTAGTGAACGC-1,1477
105,CAGTCCTTCGGATCCG-1,1477
106,TACAGTGGTTCAAGGG-1,1477
107,CGCGGTAAGTATGACA-1,1477
108,GCATACAAGAATGTGT-1,1477
109,TGTCCCAGTCCTCCAT-1,1477
110,AAAGATGGTCGCAAGA-1,1477
111,GTAACGTTCCTGCACT-1,1477
112,AAACGGGTCCAGTCTC-1,1477
113,CTAGCCTTCTGAAGGG-1,1477
114,CAAGAAATCATCACTT-1,1477
115,GGGTTGCTCGAGCGTC-1,1477
116,CGAGCACCACTGTATG-1,1477
117,TGGTTAGTCGCCTGGA-1,1477
118,GGCCGATAGAATGGGA-1,1477
119,CGTCAGGCAGACGAAC-1,1477
120,GCCTCTAAGGCTAGGT-1,1477
121,GTACTTTTCCTACGAA-1,1477
122,GATGAAACAACTCCGG-1,1477
123,TCTATTGCAAATGATG-1,1477
124,AGGGAGTGTCGATACT-1,1477
125,CTGTTTAGTGGAGCTA-1,1477
126,GACGGCTGTCTTCGCT-1,1477
127,CTTTGCGCAGGTCCCA-1,1477
128,CTACCCATCCTTCGCA-1,1477
129,GTGTTAGCACTCTGGG-1,1477
130,TGACAACAGTTCGCAT-1,1477
131,TCAATCTCAACACCGC-1,1477
132,TGCGGGTAGTCGCGTC-1,1477
133,TTTCCTCAGAGTAAGG-1,1477
134,CGTCAGGTCTGTATGG-1,1477
135,TAGTGGTTCACTACAG-1,1477
136,TACTTACGTATGTAGA-1,1477
137,CCGTACTAGAAACCTA-1,1477
138,CTCTAATAGAGCTGCA-1,1477
139,ACGCCGAGTCGCTGTG-1,1477
140,TCGCGTTGTGGATAAT-1,1477
141,GGGTTGCAGATAGCAT-1,1477
142,TTCGGTCCAAGGCTAG-1,1477
143,CAGAATCAGGTGTTAA-1,1477
144,CCATTCGTCTAAGGAA-1,1477
145,ACGGCCAGTTCGTCAA-1,1477
146,CCTATTACACGTCATA-1,1477
147,CGCTTCAGTGCCTGGT-1,1477
148,CGGGTCAGTTACGCGC-1,1477
149,TAGTTGGTCCGCGACA-1,1477
150,CCGGGATCATTGTCTT-1,1477
151,CGGTTAAAGGCCCTTG-1,1477
152,ACGGGCTGTAGGCTGA-1,1477
153,GCATACATCTAAGTGC-1,1477
154,GTCAAGTCATCCCTTG-1,1477
155,CGCTGGACAACGTTTG-1,1477
156,CCTACACGTCAGCCGT-1,1477
157,CACACTCCAAACCGAG-1,1477
158,CGGACGTCATACTTGG-1,1477
159,GGGTTGCTCGATCCGG-1,1477
160,TGGCTGGAGGTGCACA-1,1477
161,ATCGAGTAGCGTTGCC-1,1477
162,CAGAGAGGTTTGGCTA-1,1477
163,CGTTCTGTCCGACCAG-1,1477
164,GCATGCGAGCTTTCAG-1,1477
165,CTTACCGCACTCATGA-1,1477
166,TACTTGTCAATCCTTT-1,1477
167,GACACGCAGCCCTAAT-1,1477
168,ACGCCAGTCCAACGTA-1,1477
169,CCGTACTGTGTCAACT-1,1477
170,CGGACACAGGCCATAG-1,1477
171,CGATGTAAGATGTGGC-1,1477
172,AAGTCTGCACTAAGGG-1,1477
173,TGCGCAGTCCAAGGGA-1,1477
174,ACCAGTAGTACTAGGG-1,1477
175,TTAGGCAGTCTCTATT-1,1477
176,CGGTTAAAGATCGGGT-1,1477
177,TTCTCCTAGCATGGCA-1,1477
178,CGGTTAATCTCCGGAG-1,1477
179,CGACTTCTCGCTATGA-1,1477
180,GATCGCGTCCGTTCAC-1,1477
181,GGAATAAGTTCGATTG-1,1477
182,AAGACCTAGTGACTCT-1,1477
183,ACACCGGAGTAATCCC-1,1477
184,TTCTCAAAGGACCACA-1,1477
185,GTGTTAGGTCATCTAG-1,1477
186,TGACAACGTTGTTCAG-1,1477
187,ACACCCTAGGACCACA-1,1477
188,AGCATACTCCTGATTT-1,1477
189,CCCTCCTCAAATCAGA-1,1477
190,AGCTCTCGTTGATCTG-1,1477
191,CGTCACTGTAATGACA-1,1477
192,ACGAGGAGTGAGCTCC-1,1477
193,AGCATACCAATGTAGA-1,1477
194,GTATCTTAGGGATACC-1,1477
195,CTCTGGTTCCTCAGCT-1,1477
196,GACAGAGGTTTGGGCC-1,1477
197,CGATGGCCAAGAACTA-1,1477
198,ACTTGTTCACTTGCAA-1,1477
199,CTCCTAGAGCCCAATT-1,1477
200,CGGAGTCAGAGGCAAA-1,1477
201,GTCGTAACACAATCAC-1,1477
202,GTAACGTGTGCGAAAC-1,1477
203,TTGCCGTAGATTACCC-1,1477
204,GGACAGATCGTTGGAT-1,1477
205,ATCACGAGTTCCCTAC-1,1477
206,CTCAGAAGTGCACACC-1,1477
207,GTGGGTCCAAGTGCAG-1,1477
208,CCTACACAGCGATATA-1,1477
209,GTCAAGTTCACTATGG-1,1477
210,CTCTAATAGTACGATA-1,1477
211,TACACGAGTCTCTTTA-1,1477
212,ACATCAGTCAACAGTC-1,1477
213,CACATTTTCATCAGGT-1,1477
214,GGACGTCAGCACAGGT-1,1477
215,TTTGGTTAGATATGGT-1,1477
216,TCCCGATCACCCACAG-1,1477
217,ACACCAATCCACTGCT-1,1477
218,GCATGTAAGAATTGTG-1,1477
219,TTGTAGGAGATGTCTC-1,1477
220,GATCAGTTCACTTTAC-1,1477
221,ACCTTTAAGGCATTGG-1,1477
222,CATGGCGAGCGCCTTG-1,1477
223,ACTTACTGTGGTAACG-1,1477
224,TCTCATATCGACCCTT-1,1477
225,CTACCCACAGGATCCC-1,1477
226,TAGAGCTCAAGGCTAG-1,1477
227,CCTACCAAGCTTTCAG-1,1477
228,AGTGAGGTCATCTTTG-1,1477
229,ATCATCTGTTGCTGAT-1,1477
230,GACACGCTCTGCTACC-1,1477
231,AGGTCCGGTTGCACTA-1,1477
232,CATGGCGAGAAACCAT-1,1477
233,AACCATGGTTCCGTCT-1,1477
234,CCTAGCTGTCTTCACC-1,1477
235,CACAAACAGTGGACGT-1,1477
236,CGCGGTAAGTGGTTAA-1,1477
237,GCTGGGTTCCTACCTG-1,1477
238,TAGCCGGGTGTGACAG-1,1477
239,TGCGGGTTCTGTATGG-1,1477
240,ACCAGTAAGCCAGAAC-1,1477
241,AGTGTCATCATTGGAC-1,1477
242,AGAGTGGTCATCGCCT-1,1477
243,CGATTGACATGTTTCT-1,1477
244,CGACCTTCACTTGCAA-1,1477
245,CTAAGACCACACACGC-1,1477
246,CTGCCTACACCTTGCT-1,1477
247,GTTCGGGAGCTATCAC-1,1477
248,AGCGTATAGTTGTCGT-1,1477
249,GCGGGTTTCGTTCGGG-1,1477
250,GGTGAAGGTCGCTTCT-1,1477
251,CTCACACCAAACGGGT-1,1477
252,CATTATCGTATCAGTC-1,1477
253,TCGCGAGGTGGCGTCT-1,1477
254,AAACGGGGTCCCTGGA-1,1477
255,CTTACCGGTACCAGCC-1,1477
256,ATAAGAGTCATCGGTA-1,1477
257,CCTACACCATATGTGC-1,1477
258,CCATTCGAGTACACCT-1,1477
259,GACTAACTCCTGAAGT-1,1477
260,CAGAGAGAGTGTTGAA-1,1477
261,AGAGTGGTCAACGATC-1,1477
262,CGGAGTCCAACGAAAT-1,1477
263,GACGGCTTCCTAGACA-1,1477
264,AGAGCTTCACAATGTC-1,1477
265,CTAATGGAGCAGATCG-1,1477
266,CGATTGAGTGACGGTA-1,1477
267,ACCGTAAAGATACACA-1,1477
268,TGCCAAATCCAACCGG-1,1477
269,TGATTTCCAAGAGAGA-1,1477
270,AAATGCCCACTTGCAA-1,1477
271,AGCGGTCTCAGTAAAG-1,1477
272,ACGGGCTCACGAGCTC-1,1477
273,CCTTCCCTCGGCACCA-1,1477
274,CACCACTGTAGGGTGT-1,1477
275,AACTCTTCAAAGGGTC-1,1477
276,ACACTGAGTTAGTCAC-1,1477
277,ACTGAGTCAACCTGCG-1,1477
278,ACTTGTTCAGATTGTC-1,1477
279,CTTCTCTCACGATGGA-1,1477
280,AAACCTGCACGTAGGA-1,1477
281,TCTTTCCTCGAGTTGT-1,1477
282,AGCTCTCTCCGAGATT-1,1477
283,AGCTTGACATCAAGAA-1,1477
284,GAACATCTCATCGGTA-1,1477
285,CACAAACGTTCAGTAC-1,1477
286,TCGTACCCACCTCCAT-1,1477
287,GTGTTAGAGTGGTAGC-1,1477
288,TTATGCTAGCACAGGT-1,1477
289,GATCTAGCAGTGAATA-1,1477
290,TCTCTAAGTAAGCGCA-1,1477
291,AGCTCTCCAAGGTCGA-1,1477
292,GGGCATCAGGCCCTTG-1,1477
293,CGTCTACCACTTGCAA-1,1477
294,CTCGGAGTCGCGATGC-1,1477
295,TATTACCCATCTCACC-1,1477
296,TGGTTCCAGTGAACAT-1,1477
297,CAACTAGGTAGACGAC-1,1477
298,GAAATGATCTAACACG-1,1477
299,CTGGTCTTCGGGAAAC-1,1477
300,GATCGATAGATGCGAC-1,1477
301,CCTTTCTTCTCAGATG-1,1477
302,AGTCTTTTCAACTGCA-1,1477
303,CCGGGATTCCAGACCG-1,1477
304,GGGACCTAGACTCGGA-1,1477
305,GAACATCTCATCAGCA-1,1477
306,GGCAATTCATTTCGTT-1,1477
307,TTTGGTTAGTGGTAAT-1,1477
308,AGTAGTCCAACTCCGG-1,1477
309,AGAATAGTCAGGTGAG-1,1477
310,GGCGACTAGGTGCTTT-1,1477
311,GCTCCTAAGCTAGTTC-1,1477
312,GGCTGGTCATCTCGAA-1,1477
313,TAGTTGGGTACTGTTG-1,1477
314,ACACTGACACGGGATA-1,1477
315,GGATTACAGGCGTTGA-1,1477
316,AAGCCGCCATAGACAA-1,1477
317,TATCTCACAACATCAC-1,1477
318,TACCTTACAAGCATGG-1,1477
319,ACTGTCCCAGCACACC-1,1477
320,CCTTTCTAGGATCCTT-1,1477
321,ACTTGTTCAATCCATG-1,1477
322,CGGACACAGCGAACTG-1,1477
323,CGTGTCTGTCCGGGTT-1,1477
324,TTGACTTGTCATGCCG-1,1477
325,CGAATGTAGTTGTAGA-1,1477
326,AACCATGTCTTGCGGG-1,1477
327,CTTCTCTCATAGGACG-1,1477
328,GACACGCCATAGTGGG-1,1477
329,ATCTGCCTCTGCTGAA-1,1477
330,TCTGAGACAATCCTTT-1,1477
331,ACATCAGAGATCCTGT-1,1477
332,AACCATGAGATATACG-1,1477
333,ACGGGCTAGCCTGATT-1,1477
334,GGTGAAGCATCCATAG-1,1477
335,TCATTTGTCGGAGAAC-1,1477
336,ATAACGCTCGTTCGTC-1,1477
337,CTGGTCTTCGCGATGC-1,1477
338,TTGCCGTCACATCGAT-1,1477
339,GCATGCGTCTTATGGG-1,1477
340,CATTCGCAGCTACCTA-1,1477
341,GCTTCCATCCCACAAA-1,1477
342,CATCAAGTCAACAGTC-1,1477
343,CTTCTCTTCTGCCGTT-1,1477
344,CCCTCCTAGCTTTCAG-1,1477
345,TGGGAAGGTCACCTGG-1,1477
346,TAGACCAAGTTGGCTT-1,1477
347,CCTCTGACAGTACCTA-1,1477
348,CACAGTAAGGGATGGG-1,1477
349,AAAGTAGAGCACGCCT-1,1477
350,TAGTTGGTCCCACAAA-1,1477
351,TGCGGGTAGTGGTTAA-1,1477
352,TTGACTTTCCCTTATA-1,1477
353,CGTTCTGAGTGTACGG-1,1477
354,CAGATCAGTGGAGCTA-1,1477
355,CGCGGTACAGATCGAG-1,1477
356,GCTGCAGAGTGTTGAA-1,1477
357,GGGACCTAGATAGCAT-1,1477
358,GTTCGGGGTCCTTGGG-1,1477
359,TTTATGCTCTCGAGCG-1,1477
360,CACAGTATCCTTCGTG-1,1477
361,CGGGTCATCTATTGCT-1,1477
362,TTAACTCGTCAACTCA-1,1477
363,GATTCAGAGAGCTTCT-1,1477
364,GCAATCAAGTCCATAC-1,1477
365,GATGAAAAGGCCCACT-1,1477
366,CAGCCGAGTCGCTGTG-1,1477
367,CGTGTAACACGATGGA-1,1477
368,AACTCTTTCCCTTATA-1,1477
369,ATTTCTGCAACAGCCC-1,1477
370,TTCGGTCCAAGGTGAC-1,1477
371,GACAGAGGTGTGATCT-1,1477
372,TCAGCAACAGAAAGCC-1,1477
373,TCTATTGCACGAAGGT-1,1477
374,GTCACAACATGCGTGC-1,1477
375,TGCTGCTCACTTCAGA-1,1477
376,AGGCCGTGTCTTCGCT-1,1477
377,TCAGATGGTTAGTCAC-1,1477
378,ACACCAAGTGGGCCTT-1,1477
379,ACGGGCTTCGACTGCG-1,1477
380,TCCCGATTCGCGGCAT-1,1477
381,CCCAGTTTCACAGCCG-1,1477
382,TGGTTCCTCCTCTGTG-1,1477
383,ACTGCTCTCCTTCGTG-1,1477
384,TAGTTGGTCGGATGCC-1,1477
385,ACCCACTGTGATATGA-1,1477
386,GTTCATTAGTCGCGTC-1,1477
387,TGGGCGTGTGGTACAG-1,1477
388,CTGCGGAGTCTTCGTC-1,1477
389,GTTCTCGAGGACCACA-1,1477
390,TAGGCATCACGTCGGT-1,1477
391,CAACCAACACACGTGC-1,1477
392,TGAAAGATCGGATCCG-1,1477
393,CATTATCTCTACATGG-1,1477
394,TGCTGCTGTTCGCGTG-1,1477
395,AGGCCGTGTATGCGGA-1,1477
396,CAGAATCAGGGAGTAA-1,1477
397,AACCATGCATGCCGCA-1,1477
398,GGCGACTCAGACACGA-1,1477
399,CACCAGGTCGTTCGAA-1,1477
400,CGGGTCAGTGTGCTTA-1,1477
401,CGTCAGGAGTGAACAT-1,1477
402,TCGTAGACATACCAGT-1,1477
403,GTCAAGTCAAGTAAGT-1,1477
404,CGGAGCTTCCTTATTG-1,1477
405,GCCTCTAGTCTTAGTG-1,1477
406,CGATGGCAGTGGAGTC-1,1477
407,TACTCGCTCGGCTCAG-1,1477
408,ACATGGTTCCGCACGA-1,1477
409,TAGTTGGAGCTGCGAA-1,1477
410,ACGAGCCGTGATTACC-1,1477
411,CATTCGCTCATTCGCC-1,1477
412,ACGAGCCGTTCTAGTG-1,1477
413,AGGCCGTTCCCATGTC-1,1477
414,CCGTTCACAGCTTGAT-1,1477
415,CTCACACCACATAAAG-1,1477
416,AACCATGCAGAGGCTA-1,1477
417,GGAATAAGTCCGGTTG-1,1477
418,GGGCACTGTAACACTC-1,1477
419,GCATGCGCATTCCGAA-1,1477
420,CAGCAGCTCTACGGCG-1,1477
421,ATGTGTGAGGTATCGG-1,1477
422,GGCAATTAGTGTGAAT-1,1477
423,CAGTCCTCAAGAGAGA-1,1477
424,TTCGAAGAGTAGGTGC-1,1477
425,CCAATCCGTGGTCAGA-1,1477
426,CGTGAGCTCGGATCCG-1,1477
427,CTGATAGCATTCTTCA-1,1477
428,GTGAAGGAGTGAACAT-1,1477
429,GATGAGGCACAGCTAT-1,1477
430,GCGCAACCACGATGGA-1,1477
431,CGACCTTTCTGCCGTT-1,1477
432,GGTGCGTTCAGCGCGT-1,1477
433,GGATTACTCTATGCCC-1,1477
434,GGACAGATCTTGCTTA-1,1477
435,GTGAAGGAGTACGTAA-1,1477
436,CCACTACAGTGATTGA-1,1477
437,AGCTCTCGTTCGATTG-1,1477
438,TGCCCATAGAGGGATA-1,1477
439,ACAGCTAAGTCAAGGC-1,1477
440,TGACTTTTCTTGGCCT-1,1477
441,AGCAGCCAGTTACGGG-1,1477
442,TGACTTTTCTCCATGC-1,1477
443,CAACCTCAGGGATTTA-1,1477
444,TCATTTGCACTCTCTG-1,1477
445,GACCTGGCATTGAAGA-1,1477
446,GGGAATGAGACAGACC-1,1477
447,CACCAGGTCGGTCACG-1,1477
448,TAAGTGCCACGCACCA-1,1477
449,TTGGAACCATAGGACG-1,1477
450,CGCGGTATCCAAAGAA-1,1477
451,GGGTTGCGTACTAGGG-1,1477
452,AACTCAGGTAACAATG-1,1477
453,CCGTGGAAGAATTGTG-1,1477
454,AGCGTATCAACCTGCG-1,1477
455,TGAGCATTCGAGGAGT-1,1477
456,CACACAAAGGGTGTGT-1,1477
457,GTGCTTCTCTAATGGC-1,1477
458,CAGCTGGCAGACGAGT-1,1477
459,CCCAGTTCATTGTCTT-1,1477
460,ATTACTCAGGATGTCG-1,1477
461,GTCGTAACAAACGGGT-1,1477
462,GTACTCCTCTACAAGC-1,1477
463,TGACAACAGAGTAGCC-1,1477
464,TTGCCGTTCGAGAGGT-1,1477
465,TCTCATACACGCGATC-1,1477
466,TTCGAAGTCGCAGCAC-1,1477
467,GCTCCTATCAGTGCCG-1,1477
468,CGCTGGATCCTGAAAC-1,1477
469,AGGCCGTAGTGTTAGA-1,1477
470,CACCACTAGAGGTTAT-1,1477
471,AATCGGTCACCACGCA-1,1477
472,TTCTTAGAGTGTTGAA-1,1477
473,CGCCAAGAGGGATACC-1,1477
474,TCACGAAAGTCATCCA-1,1477
475,ACCAGTAAGTCACGCC-1,1477
476,GCTTGAACAGACGAGT-1,1477
477,GCGCAACCATCCCTTG-1,1477
478,CGTCAGGGTAAGGTGC-1,1477
479,GACTACATCCTTATTG-1,1477
480,GCACATAAGGTAACGC-1,1477
481,TGCCCTAAGTATGACA-1,1477
482,CTTTGCGAGGCAACAC-1,1477
483,GATCGCGAGCAGACTG-1,1477
484,CAGAGAGTCGCCAACG-1,1477
485,CGTTGGGGTTAAGCCT-1,1477
486,GTTCATTTCCTCGACT-1,1477
487,AAAGCAATCCACCCAT-1,1477
488,TCAATCTGTGTGTTCA-1,1477
489,TGACTTTAGACACGAC-1,1477
490,AAATGCCTCGTTAAGC-1,1477
491,AACACGTTCTAGAACC-1,1477
492,CTTCTCTAGGCCATAG-1,1477
493,GGCTCGAAGGATGCGT-1,1477
494,AGTAGTCTCGGGTCAC-1,1477
495,AGTAGTCAGCAGGCTA-1,1477
496,CAGAATCAGCAGCCCT-1,1477
497,GATGAAAGTTACTGAC-1,1477
498,GCAATCATCGAAATCC-1,1477
499,ATAGACCCACTCACCT-1,1477
500,GCGGGTTTCGTATCCC-1,1477
501,GCTCCTACATGGAGAC-1,1477
502,GTAACTGGTGATTGTC-1,1477
503,CGCGTTTGTTGCCACG-1,1477
504,GTGCATACACCCGTGA-1,1477
505,GGGTTGCTCGGGTCCA-1,1477
506,AGGCCACTCAAAGCGG-1,1477
507,CAGTCCTTCAACAGCT-1,1477
508,GAATGAAGTGTGCTTA-1,1477
509,CGGTTAAAGAACAATC-1,1477
510,ATCCACCCACTTTCCG-1,1477
511,AGTCTTTTCAAGAGGC-1,1477
512,TAAACCGTCCGTACCT-1,1477
513,GTATCTTAGAGGTACC-1,1477
514,GAAACTCTCTAAGTGC-1,1477
515,GTGCAGCGTAGATGCG-1,1477
516,AAATGCCGTTACGCGC-1,1477
517,GACTGCGGTCCTCGGA-1,1477
518,AGGTCATCAGTCCGCA-1,1477
519,GATGAGGTCGGATCCG-1,1477
520,TTGTAGGCATAGAGGC-1,1477
521,CACAGGCTCCCATGTC-1,1477
522,TCGTAGAAGTGTCTCA-1,1477
523,AGTGAGGAGCTAGTGG-1,1477
524,CGATGTAGTCAAGTCT-1,1477
525,TGAGCCGGTGGTCAAG-1,1477
526,GACAGAGAGATCCTGT-1,1477
527,GCAGCCACAATGTGTC-1,1477
528,CCTTTCTGTAGCAGGT-1,1477
529,GAAATGACAACGCTTA-1,1477
530,GGTGTTATCCGTACCT-1,1477
531,TGAGCCGTCACGGTAT-1,1477
532,TGAAAGAGTGGCGTCT-1,1477
533,ACTTACTGTTCGGTGC-1,1477
534,AGATTGCCATTCATCT-1,1477
535,TCTTCGGAGTTGGCTT-1,1477
536,AACCGCGCAAAGTAAC-1,1477
537,CAGTCCTAGATGTAAC-1,1477
538,AGGGAGTCAGATGAAT-1,1477
539,TGAGCCGCATTCGTTT-1,1477
540,ATGGGAGCAATCCGTA-1,1477
541,CACTCCATCCACCTTG-1,1477
542,ATGGGAGCAACGCCGT-1,1477
543,CACCTTGAGTAACCCT-1,1477
544,GTGCGGTTCGGAGAAC-1,1477
545,AGAGCTTAGTAGCGGT-1,1477
546,CTACACCGTTAGTCAC-1,1477
547,ACTTTCATCGCTCTGT-1,1477
548,GTTTCTACACCCGTTT-1,1477
549,AACTCCCGTAACTAAG-1,1477
550,TTAGGACCATCCAGCG-1,1477
551,GACTACACATCACTGA-1,1477
552,CTAAGACGTAACCGAG-1,1477
553,TGGCGCAGTGATTACC-1,1477
554,ACCCACTGTGTTCGAT-1,1477
555,AGCCTAACAGCCAGTC-1,1477
556,CGCGGTAAGCGGATCA-1,1477
557,ACTGTCCAGCCAGTTT-1,1477
558,CCACGGACAACATCAC-1,1477
559,CGCGGTATCACGAGTT-1,1477
560,TACCTATTCTAACACG-1,1477
561,AGACGTTGTTAGTCAC-1,1477
562,CCTTCGAGTACGTTTG-1,1477
563,AGCGGTCCAGGGATCA-1,1477
564,CTACCCATCCGTTCAC-1,1477
565,CATCCACAGTCATCCA-1,1477
566,GGAATAAAGGTGTAGC-1,1477
567,TTGCGTCCACACTCGG-1,1477
568,CTAGAGTCAGCCCGAT-1,1477
569,TCAGCTCCATGCGTGC-1,1477
570,ACTGATGCAAGTGAGC-1,1477
571,CATCAGAAGCCTGATT-1,1477
572,CGCGTTTTCCTATGAG-1,1477
573,GCTTCCACAACTCATG-1,1477
574,ACACCCTGTCGCTGTG-1,1477
575,TACTCGCAGAGCTATA-1,1477
576,AATCGGTTCCGCTGAG-1,1477
577,GTTCTCGCATAGTGAA-1,1477
578,AGAATAGTCATTGGAC-1,1306
579,CGACTTCCACTTGCTC-1,1306
580,GCAGTTAAGGCACATG-1,1306
581,ACATCAGAGCTGGTCC-1,1468
583,ACATCAGTCGTGAGGA-1,56
584,TGATTTCAGGTGTGGT-1,1503
585,CCCAGTTTCGAAAGGC-1,1503
586,GAAATGAAGGACAGCT-1,1503
587,TCAATCTGTACAACGG-1,1503
588,TGCGGGTGTGCAACCC-1,1503
589,CGATTGAAGCAGCCCT-1,1503
590,TGCGCAGCAGAGGTCA-1,1503
591,AAAGATGCAGTGTAGG-1,1503
592,ACATGGTAGTCATCCA-1,1503
593,TCTGGAACAAGGCTAG-1,1503
594,GTACTCCAGTGTACGG-1,1503
595,TACGGTAGTGGGAAGG-1,1503
596,TTAACTCCACGCGATC-1,1503
597,ACGTCAAAGAGTAATC-1,1503
598,AAAGTAGCAGTGCTGC-1,1503
599,TTCTCAAAGTAAGTAC-1,1503
600,GACAGAGGTAGACGAC-1,1503
601,GCTCCTAGTCAAACTC-1,1503
602,CGGACACAGTTACGGG-1,1503
603,TGAGCATGTGATTTGC-1,1503
604,CACTCCAGTACTGCTA-1,1503
605,TCGTAGAGTTTACTCT-1,1503
606,GTACTCCTCAGAGCGA-1,1503
607,CTCATTATCGGAGTTT-1,1503
608,GACCTGGGTCAACCGC-1,1503
609,TTCGGTCGTAAGAAGG-1,1559
611,CTCCTAGCACGTCATA-1,1559
612,TCGTAGAGTTGGTGAG-1,1559
613,ATGGGAGTCGTGCCTT-1,1559
614,CATTATCAGTTTGGCT-1,1559
615,ACTGCTCGTCAAGTTC-1,1559
617,GCATGCGTCGTAAGGG-1,1559
618,ATCATGGAGACAAGCC-1,1559
619,AGAATAGTCTCATCTA-1,1559
620,TCGTAGATCTTCACAT-1,1559
622,CACATAGAGCGTGAAC-1,1559
624,TGCCCTACAAAGTAAC-1,1559
625,GGGATGAGTGGTAACG-1,1559
626,GACTGCGAGCGTGAAC-1,1559
627,ACGGCCAAGGTGTGTG-1,1559
628,TGGTTAGGTTCCCTAC-1,1559
629,CCGTTCAAGCATGAGC-1,1559
631,ATCATGGTCGCCCAGA-1,1559
632,CTCATTACACGAGTTT-1,1559
633,CGTCTACGTGGTAACG-1,1559
634,GCAATCAAGTGTTAGA-1,1559
635,GTGGGTCGTGGTGCAA-1,1559
636,AAGACCTCACGTGCGT-1,1559
637,GGGAATGCACAAGCGA-1,1559
638,CGAGAAGCACGACGCT-1,1559
639,CTGCCTAAGAATGGGA-1,1559
641,TTGTAGGCAACATAAG-1,1559
642,CGCTTCAGTAGACGAC-1,1559
643,AGGTCCGAGCTGAAAT-1,1559
644,ATCCGAATCAAGCCGC-1,1559
645,ACTGTCCCAAATGATG-1,1559
646,CGTCACTCAGCGCATC-1,1559
647,CTGCTGTAGGTGACCA-1,1559
648,CGAATGTAGGACAGAA-1,1559
649,GCTCCTACACTAAGGG-1,1559
650,TAAGAGACATACAGAA-1,1559
651,CTCCTAGGTCTTGCGG-1,1559
652,GAAATGATCCGTAATG-1,1559
653,GGACAGAAGATATGGT-1,1559
654,CAGAGAGCAGACTTGT-1,1559
655,ATTCTACGTTGCAGCC-1,1559
656,CAGCTGGCACCTATGA-1,1559
657,ACGCAGCTCCCAAAGT-1,1559
658,GGCAATTAGGCATGGT-1,1559
659,GGAATAACACCTCCAT-1,1559
660,GGAGCAAAGGACTGGT-1,1559
661,ACTGAACAGAGAACAG-1,1559
662,GGAACTTTCCAGGAAG-1,1559
664,ACGATACAGTGTTGAA-1,1559
665,CCGTACTTCCGTAATG-1,1559
666,TATGCCCCATCCAGGC-1,1559
667,CTACCCATCGGAGTTT-1,1559
668,TGACAACGTCATCCAA-1,1559
669,CGCCAAGAGAGACTAT-1,1559
670,GCACATACAGACTCCG-1,1559
671,TACGGGCAGCCCTAAT-1,1559
672,GCGAGAACACACACGC-1,1559
673,TGTATTCGTGCAGGTA-1,1559
674,CTGCTGTAGCCCAATT-1,1559
675,TAAACCGGTAGATGCG-1,1559
677,CCCAGTTAGTGTGAAT-1,1559
678,AGTTGGTCAGATCGAG-1,1559
679,TCAGCTCTCCTACTCG-1,1559
680,CTAATGGTCGAACCCG-1,1559
681,TGGTTCCAGGCTACGA-1,1559
682,ACACCAACAGTAATCC-1,1559
683,AGCGGTCAGGTCGGAT-1,1559
684,TCGGGACCATAACAAG-1,1559
685,ATTTCTGTCAGCGGCT-1,1559
686,CCTTCCCAGGCCCTTG-1,1559
687,AAAGCAAGTGGGAAGG-1,1559
688,GTCCTCAAGAGCAATT-1,1559
690,ACGAGGAGTGACCTGC-1,1559
691,TACTTGTGTGATTTGC-1,1559
692,GCGACCAAGTGGGCTA-1,1559
693,CACAGTAAGTGAATTG-1,1559
694,TCTTCGGGTGCTTTCC-1,1559
695,CTGCGGAGTCCCTGGA-1,1559
696,ACGCCGAAGAAGATTC-1,1559
697,CCGGTAGTCTACGGAT-1,1559
698,TCTTTCCTCTGGGACC-1,1559
699,AAGCCGCAGATCGGGT-1,1559
701,ATTATCCAGGACAGAA-1,1559
702,TTAGGACAGCAGACTG-1,1559
703,ACGAGGATCGCAACGC-1,1559
704,TACTCATCAGTCGGAA-1,1559
705,TGCGGGTTCGGTGCAC-1,1559
706,TTAGTTCTCGGTGCAC-1,1559
707,ACTGATGGTATGAAAC-1,1559
708,ATTATCCGTGACACGA-1,1559
709,ATGCGATAGTTGTCGT-1,1559
710,TCCCGATGTCCATTGA-1,1559
711,GGAAAGCTCCGTATTT-1,1559
712,CCACTACTCTCCGGAG-1,1559
713,CTCGGGAAGTGATGAT-1,1559
714,AAAGATGTCGTTCAAG-1,1559
715,TAAGCGTAGTCGATAA-1,1559
716,GGACAAGAGACTGTAA-1,1559
717,GCTTCCATCCGCACGA-1,1559
718,CGACTTCCAAGGGATC-1,1559
719,CAAGGCCTCATAGGAA-1,1559
720,TCAGCTCCAGCCCATG-1,1559
721,CCTTCCCTCACTGCGG-1,1559
722,TATTACCCAAGAACTA-1,1559
723,CTTAACTTCATTTGCT-1,1559
724,TGGTTCCAGATATGCA-1,1559
725,GCGAGAAAGAGACTAT-1,1559
726,TACTTGTAGGCTCATT-1,1559
727,CGATTGACAATTAAGG-1,1559
728,GGAATAAAGCTAAGAT-1,1559
729,AGTGGGAAGATAGCAT-1,1559
730,TCGGGACTCTTCTAAC-1,1559
731,ATGCGATGTCCCTTGT-1,1559
732,GGAGCAATCCGAGATT-1,1559
733,ATCATGGGTGGATAGC-1,1559
734,ACGCCGATCGCGAGAA-1,1559
735,GTACTTTTCGAGAATA-1,1559
736,GGCTCGACAGATCCCG-1,1559
737,TAGGCATCAGCCAAAG-1,1559
738,AACCGCGGTCGACCAC-1,1559
739,TACGGTAAGGCTCTCG-1,1559
740,CATTCGCCAACACTTG-1,1559
741,CGGCTAGTCAGAGTAA-1,1559
742,TCAATCTGTCTAACGT-1,1559
743,CCTTCGATCTACCGAA-1,1559
744,TACTTACTCTCGGAAT-1,1559
745,GGGCATCCAGGTCAAG-1,1559
746,TGTGGTACACAACTTG-1,1559
747,AACTCTTAGCCCGTGT-1,1559
748,CTTCTCTTCACGGTAT-1,1559
749,CATCCACAGGATCGCA-1,1559
750,CATGGCGGTACTAGGG-1,1559
751,GGCGTGTCAGATTGTC-1,1559
752,TCCCGATAGTGGGCTA-1,1559
753,ATCTGCCAGCGATTAA-1,1559
754,TGCCCTACAGACAGTG-1,1559
755,CTCTACGCATTACAGC-1,1559
756,AGACGTTTCCGCGGAT-1,1559
757,AGCAGCCCACCCACAG-1,1559
758,CCATTCGAGATATGCA-1,1559
759,ACTGCTCCAGATCCCG-1,1559
760,CAGTCCTCACGATGGA-1,1559
761,GACCTGGAGTGATTGA-1,1559
762,GAAACTCAGGTGTGCA-1,1559
763,TTAACTCTCACACGTA-1,1559
764,ACGGCCAGTCAAACTC-1,1559
765,AACTCAGCATAGGTCT-1,1559
766,GAAACTCAGCCACCTG-1,1559
767,ACTATCTGTGATGTGG-1,1559
768,AACCGCGTCTACGTGA-1,1559
769,GCGCAGTCAGTTATGC-1,1559
770,TGGACGCTCAATAGGA-1,1559
771,CAGATCAGTGCTTTGA-1,1559
772,AAACGGGAGCACAGGT-1,1559
773,CCTAAAGCAAGGCGTA-1,1559
774,GAGTCCGGTAGTCTGT-1,1559
775,GCGCAGTGTGATTTGC-1,1559
776,CACAGGCGTGAAAGAG-1,1559
777,ATGAGGGTCACACCTC-1,1559
778,TTTACTGGTGGCCTGT-1,1559
779,AACGTTGTCTCCACAC-1,1559
780,CTGAAGTAGGCGATAC-1,1559
781,TTCTCAAAGTCGACTT-1,1559
782,TAGGCATAGATGCGAC-1,1559
783,TGTTCCGAGAATTCCC-1,1559
786,TGTGGTAGTTGCAGCC-1,1582
790,CGTCACTAGGCAACAC-1,1607
798,ACTTTCAGTCCGCAGT-1,1611
799,GAACGGAGTTCAAGGG-1,1611
