,barcode,group
6,CTGCGGAGTTGCACTA-1,2327
7,CCACCTAAGCCTATGT-1,2327
13,AAGTCTGCAAACCGAG-1,2327
16,GGCCGATAGCATCTTG-1,2327
17,CTGGTCTTCTTTCGTA-1,2327
20,CCTATTACACTTGCAA-1,2327
23,CGACTTCAGCGTTGCC-1,2327
24,CGCGGTAAGTTATCGC-1,2327
25,TCAGGTAAGTGAACAT-1,2327
26,CATCGAACATGATAAG-1,2327
27,CCAATCCGTTTGTCTT-1,2327
28,GCGCGATTCTGTCGAA-1,2327
29,CTGATAGTCCACAGCG-1,2327
30,ATCCGAAGTTAACCAC-1,2327
31,GATGAAAGTATGTACC-1,2327
32,GATCTAGTCCACAGCG-1,2327
33,TAGTGGTAGTTGTCGT-1,2327
34,GAAACTCCACGTTTAG-1,2327
35,TTCCCAGCAACTTTCT-1,2327
36,ACTTTCATCAGCCACG-1,2288
38,CTCTAATAGCAGCCTC-1,2288
39,GGAAAGCTCTGAAGGG-1,2288
40,GTGGGTCTCGATAAGA-1,2288
41,CGAGAAGGTTACGCGC-1,2288
42,GGAACTTTCCCAAGCG-1,2288
43,GATGCTAGTGGTAAGC-1,2288
44,GGAAAGCAGAAACCTA-1,2288
45,TATTACCTCTTGTCCG-1,2288
46,CACACAACAAACCCTA-1,2288
47,GGCTCGAAGACTAGGC-1,2288
48,TCAATCTTCGGCACCA-1,2288
49,AACTCAGCAATCCTTT-1,2288
50,GCTTGAAAGTGGAGTC-1,2288
51,GACGGCTAGTCGTCCG-1,2288
52,CGATGGCCATGACCGC-1,2288
53,GATCGTATCTCGAGCG-1,2288
54,GGGAATGCACACGTGC-1,2288
55,TAAGCGTTCTGACGCG-1,2288
56,TCGCGAGGTCGCGTCA-1,2288
57,ACGATACTCGCGTGGT-1,2288
58,GACTGCGTCTGGAGTT-1,2288
59,CGTTCTGTCTACAGCA-1,2288
60,GTCAAGTAGCAGACTG-1,2288
61,CTCTACGCAGTCGGAA-1,2288
62,GGGCACTTCCGCGACA-1,2288
63,CACAAACGTAGTCTGT-1,2288
64,CCCAGTTCATCCACGG-1,2288
65,GATGAGGGTAACGTGG-1,2288
66,GACTACAGTTACGCCG-1,2288
67,ATGCGATGTCTACATG-1,2288
68,CGGTTAACATAGGGCA-1,2288
69,TTAACTCCAATCCGTA-1,2288
70,CGGTTAATCTCATACT-1,2288
71,GATGAGGAGTCGTCCG-1,2288
72,GATCGTATCTTCCGAC-1,2288
73,TACACGAAGAGGTACC-1,2288
74,TGCCCATGTGGTGCAA-1,2288
75,ACGTCAATCCCATGTC-1,2288
76,TAGTTGGTCTGGGCTG-1,2288
77,CTCGAGGTCCAACCGG-1,2288
78,TTTGGTTCATGGGCCT-1,2288
80,GTTACAGCACTAAGGG-1,2288
81,CAGAATCAGTCTAGCT-1,2288
82,GTATTCTTCAACAGCT-1,2288
83,CCTACACAGTTCGCAT-1,2288
84,CGTAGCGCAAGTGTTC-1,2288
85,ATCCGAAAGCGTCAAG-1,2288
86,CGATCGGCATAGTGTC-1,2288
87,GATCGCGGTCTAACGT-1,2288
88,AGACGTTCAACCGGAA-1,2288
89,TGGTTCCGTAGGCTGA-1,2288
90,CCCAATCAGAGCTGGT-1,2288
91,GGATTACCAATTCACG-1,2288
92,AAAGATGTCTCTTCCT-1,2288
93,CACAGGCGTGGAAACC-1,2288
94,TATCTCAGTTCTAGAC-1,2288
95,GATCAGTGTGGATAGC-1,2288
96,CTGATCCCAGGACCAA-1,2288
97,TCGTAGATCTCGTGGG-1,2288
98,CATCCACAGAGCTTCT-1,2288
99,GACAGAGAGCAACGGT-1,2288
100,GATCGTAGTTTAGCAC-1,2288
101,CTAGCCTAGATACACA-1,2288
102,CGATGTACATGAGACG-1,2288
103,CTTAACTTCTATTGCT-1,2288
104,GAACCTATCCTCTCAG-1,2288
105,CGATGTAAGAGCTGCA-1,2288
106,ATTATCCCACTTGAGT-1,2288
107,GTAGGCCTCGGGCTTG-1,2288
108,AGAATAGCATTGTCTT-1,2288
109,TCATTTGGTACCACTA-1,2288
110,ACGGGTCCACGACTAT-1,2288
111,CGACCTTGTCAGCCGT-1,2288
112,TGAGCATCAACCCTGG-1,2288
113,ATCCACCGTGACACGA-1,2288
114,GACTAACAGCAGGCTA-1,2288
115,CTCGGGAGTGCAGGTA-1,2288
116,GCAGCCAAGTGAATTG-1,2288
117,TGAGCCGAGCAAAGCC-1,2288
118,AAATGCCGTACGTCAT-1,2288
119,GATGCTACATTATCCT-1,2288
120,TACCTATTCACCACGG-1,2288
121,AGAGTGGGTGGCAACA-1,2288
122,CGTTGGGAGGGTCTCC-1,2288
123,GTAACGTAGCAGTAGC-1,2288
124,ACGATGTCATGTTGCA-1,2288
125,CATATTCGTTTGGCGC-1,2288
126,GGACAGAAGAATGTTG-1,2288
127,ACGAGCCCAGCCCGAT-1,2288
128,TGCCAAAGTCATGGCC-1,2288
129,ACTTTCATCACTGTTT-1,2288
130,CTAGAGTGTAGACGAC-1,2288
131,ACACCAAAGATATGGT-1,2288
132,ACAGCCGGTGACATGG-1,2288
133,CCTACACCAAATTCCG-1,2288
134,CATCAAGAGAACAATC-1,2288
135,CTCGGGAAGGTGATTA-1,2288
136,CTAGTGAAGCTAACTC-1,2288
137,AGATCTGGTACCTCGG-1,2288
139,CGATGTAGTGCGGTAA-1,2288
140,GTGTTAGTCTCGAATG-1,2288
141,ATTTCTGTCCTTGCAC-1,2288
142,TGCGTGGGTGCGCTTG-1,2288
143,AACTGGTCAAAGCGCA-1,2288
144,ATCACGAGTTCTTTGT-1,2288
145,CCTACACAGGCCCACT-1,2288
146,CTTGGCTGTCGACGCT-1,2288
147,TCAGGTAAGTCAAGCG-1,2288
148,ATTCTACTCCACCGGA-1,2288
149,GGCTCGAGTTGGGCAA-1,2288
150,GTCCTCACACCTTGCT-1,2288
151,TGAGAGGGTACGTGCC-1,2288
152,TTCTACAGTCGAGTAG-1,2288
153,GGCCGATCAAATACGA-1,2288
154,GCATGATTCAACAGTC-1,2288
155,GACACGCTCAGCCACG-1,2288
156,CTAGTGATCACCGCGA-1,2288
157,CATGGCGTCGTTAGGT-1,2288
158,TCATTACTCTTGCGGG-1,2288
159,GACGTGCCATTGAAAG-1,2288
160,AACTCTTGTATGCGGA-1,2288
161,GGCTCGATCTATGGTG-1,2288
162,CGGTTAATCCTGATTT-1,2288
163,GCGACCAGTGATGTGG-1,2288
164,TTTGCGCGTATTCGCA-1,2288
165,CACCAGGAGTCCGTAT-1,2288
166,CGTTCTGGTACCTTGA-1,2288
167,TGATTTCCATAGAGCG-1,2288
168,CGGACTGAGATCACTC-1,2288
169,TTAGTTCTCGCGGCAT-1,2288
170,CTGCCTAGTGGCAACA-1,2288
171,CATGGCGAGCTGCCCA-1,2288
172,CCTTCCCGTCGTCTTC-1,2288
173,CATGCCTGTCCAGCCA-1,2288
174,GTAACTGCACTACGTA-1,2288
175,GGGAATGCACTGGCCA-1,2288
176,GTCGTAAAGCATGAGC-1,2288
177,TTAGTTCCAGTCCGCA-1,2288
178,TCGCGTTAGTCGTCCG-1,2288
179,TTGGCAATCCGTAATG-1,2288
180,CTGGTCTAGGAGTAGA-1,2288
181,TGCCCATGTCCCGACA-1,2288
182,TTCCCAGTCAGCCACG-1,2288
183,TCCCGATGTTCTCTCG-1,2288
184,CGGAGCTAGGTTCCTA-1,2288
185,TGTATTCAGCATGGCA-1,2288
186,GAATAAGTCTTCCGAC-1,2288
187,TACTCGCCACAGCTGC-1,2288
188,ACGAGGATCATCGACA-1,2288
189,AGTCTTTAGTAGGTGC-1,2288
190,AGGCCACGTTAAACGA-1,2288
191,CTAATGGTCTATGCCC-1,2288
192,GTACGTAGTGTTCGAT-1,2288
193,CGATGTAAGATAGTCA-1,2288
194,GTAACTGCACGAGTTT-1,2288
195,CATGCCTAGTTCCACA-1,2288
196,GCGACCAAGTAGGCCA-1,2288
197,CGATCGGAGACCGATG-1,2288
198,GACGCGTAGCTGAAAT-1,2288
199,CTCTACGTCATGTCAG-1,2288
200,GCCAAATTCTGCTAGA-1,2288
201,ATCCACCTCCTCAGTC-1,2288
202,AAAGATGAGGACAGTC-1,2288
203,TAGACCAGTGCCATTA-1,2288
204,CACCAGGCACTCTGGG-1,2288
205,CAGGTGCCATACGTCA-1,2288
206,TCTCTAAAGACTTCCA-1,2288
207,ATGAGGGTCACTGCGG-1,2288
208,GTATCTTTCGGCTCAG-1,2288
209,CGATGGCCACGAGATG-1,2288
210,GAAACTCCAACACGTT-1,2288
211,CATCAAGGTCATGCCG-1,2288
212,GATGAGGTCAAGCCAT-1,2288
213,ACTTACTGTGGATAAT-1,2288
214,GCTGGGTTCTCAGTTT-1,2288
215,AAGGAGCGTATAAGTG-1,2288
216,CAGGTGCTCACGTTAG-1,2288
217,CCTTCGACAGGTCTGC-1,2288
218,TGTGTTTCAACGGGAT-1,2288
219,AGACGTTAGTGTCCAT-1,2288
220,CGAGCCAGTGCGAACA-1,2288
221,GTAACGTCAGACTTGT-1,2288
222,AAGTCTGTCAGTGTGT-1,2288
223,GATCGTATCACACTAG-1,2288
224,TACGGTAAGGAGTTGC-1,2288
225,GGACAAGGTCCCTGGA-1,2288
226,TACGGGCAGCCAGTTT-1,2288
227,AGAGTGGAGTCGAGTG-1,2288
228,AGGGAGTGTAAGTGTA-1,2288
229,TACTTACGTAAGAGAG-1,2288
230,ACTGAACGTCTGCCAG-1,2288
231,CGCGTTTCAACTCACA-1,2288
232,CCGGGATCAACCTCAA-1,2288
233,GCGAGAACACAGTGTT-1,2288
234,GCGAGAACAGCTTGAT-1,2288
235,CAAGTTGAGGGTCGAT-1,2288
236,TAAGAGATCAATAGAG-1,2288
237,TGTTCCGAGTGTTGAA-1,2288
238,TTAGGCAAGGCGTTGA-1,2288
239,GCAAACTTCCGATACA-1,2288
240,GTAACGTTCAGGACAG-1,2288
241,GTGAAGGTCGCGTGGT-1,2288
242,TCGTACCCATGAGGCA-1,2288
243,CTAATGGCACGGGATA-1,2288
244,TACTTGTCAGTGAAAT-1,2288
245,CCTAGCTCATATCGTG-1,2288
246,CTGTTTAAGTCCATAC-1,2288
247,GGAAAGCTCTTTCGCG-1,2288
248,GACGTTAGTGCTATTG-1,2288
249,AGTAGTCTCGTGTCAA-1,2288
250,CATGGCGGTGGTGAGT-1,2288
251,ACTTACTAGGCACATG-1,2288
252,ATTTCTGAGCCACGTC-1,2288
253,GGTGAAGAGTGGTAAT-1,2288
254,TGTTCCGAGACCTTTG-1,2288
255,GCGACCAGTTGACCCG-1,741
256,GAATGAATCTGGAGTT-1,647
257,AACTCAGGTACGGTGA-1,2237
258,CATCAAGCATGAGACG-1,2237
259,AGTAGTCGTGTCAACT-1,2212
260,CGATGTATCGTGTGGC-1,2212
261,TGCCCTACAGCGTGTC-1,1063
262,ACGTCAAAGGGATTTA-1,126
263,GTCACGGCACAAACTC-1,2053
264,GGCGTGTTCTGTTGTT-1,2053
265,TTTATGCTCAGCACGC-1,2053
266,GATCAGTCACTCACCT-1,2053
267,TTGACTTCATTACAGC-1,2053
268,CCTACACTCTTAGCTT-1,2053
269,GTAACTGAGACTTGAA-1,2053
270,GGTGTTATCTGGCCTT-1,2053
271,ACTGATGCAAAGGGTC-1,2053
272,CTGGTCTAGATCCCGC-1,2053
273,AACCATGAGTGATTGA-1,2053
274,CTGATCCTCGAACCCG-1,2053
275,CTGATCCTCTAGAGCT-1,2053
276,CATGCCTAGTTAACGA-1,2053
277,TTTGGTTAGCGGCTTC-1,2053
278,AGAGTGGAGAGCTGGT-1,2053
279,AAAGATGAGCGATCCC-1,2053
280,TCTCTAAGTTTACTCT-1,2053
281,AGGGATGTCTTGGCCT-1,2053
282,ACGAGCCGTTGAAGGC-1,2053
283,TGGACGCCAGGTCCCA-1,2053
284,CGGACGTCAACGACTT-1,2053
285,TGCCCATGTCCTTGGG-1,2053
286,AGAGCGAAGTGTATCC-1,2053
287,GAAATGAAGCTGGTCC-1,2053
288,AAGGTTCAGAGCTGCA-1,2053
289,ACGCCAGCATAGGACG-1,2053
290,TGCGGGTAGAAGGTGA-1,2053
291,TACTCATGTGCAAACG-1,2053
292,AGAGCTTAGTGGGCTA-1,2053
293,GGACATTAGCAGCCTC-1,2053
294,AGATTGCGTTACGGCC-1,2053
295,AAGCCGCAGCAGTAGC-1,2053
296,TTGTAGGCAGTGCTCG-1,2053
297,CGGACACTCGTTATCT-1,2053
298,CTGCTGTGTAACGAGC-1,2053
299,CTACACCGTTGGGCAA-1,2053
300,AACTGGTTCAGCCTGG-1,2053
301,CTACACCAGCCATGCC-1,2053
302,GGAATAACATGAAAGT-1,2053
303,CACACCTGTTGAAGGC-1,2053
304,CATGGCGCAGCGCCAT-1,2053
305,CCAGCGAGTAACACTC-1,2053
306,TTCTCAATCACGCTCT-1,2053
307,GACTGCGAGGATGCGT-1,2053
308,TATCAGGAGCTAACTC-1,2053
309,AAAGTAGAGATGTAAC-1,2053
310,GGGCACTTCAAGTGCT-1,2053
311,ACTATCTGTATGCGGA-1,2053
312,GTCACGGAGTCTCCTC-1,2053
313,CCGTGGATCTTGCGAA-1,2053
314,TACGGTAAGTCGAGTG-1,2053
315,CCTCAGTAGATTGAGT-1,2053
316,TGTATTCCAGTACTCA-1,2053
317,CGGCTAGCATAGCACT-1,2053
318,CTGAAGTAGCCCAACC-1,2053
319,CAGCTAAGTTTGGGCC-1,2053
320,TCAGCTCAGCTTAGAA-1,2053
321,CCTTACGGTCCATGAT-1,2053
322,TGGGCGTGTGTCCTTC-1,2053
323,CAGCTAATCACTTTAC-1,2053
324,CTGGTCTCAACTTTCT-1,2053
325,TGGCCAGTCCTGAAAC-1,2053
326,TTCTACAGTTTGCCTC-1,2053
327,ACGAGGAGTAGATGCG-1,2053
328,CGCTATCCATCTCACC-1,2053
329,TCGCGTTCATGTTGCA-1,2053
330,TTAGGCACAGATCCCG-1,2053
331,GCACATAAGCTTTCAG-1,2053
332,TATGCCCAGACTGGCA-1,2053
333,CCGGTAGCATTGTCTT-1,2053
334,GCAGTTAGTTGGGACA-1,2053
335,TTCTACATCCAAAGAA-1,2053
336,GGAATAAGTACAACGG-1,2053
337,TCTTTCCCAGGGAAGG-1,2053
338,TCTATTGTCTTGTCCG-1,2053
339,CGTCTACGTAGCCCTG-1,2053
340,GCTGCAGAGTCACGCC-1,2053
341,GTGCGGTGTGCCTACG-1,2053
342,CAAGATCCATCGGGCT-1,2053
343,TGTGTTTGTAGGTTTC-1,2053
344,CTCAGAATCTAGAACC-1,2053
345,TTAGGACAGTTAGGGC-1,2053
346,CTTAACTCAGAGCTCC-1,2053
347,GTAACGTTCTCGAACA-1,2053
348,GTAACGTTCGATCCGG-1,2053
349,AGTGAGGGTAGACCAG-1,2053
350,GTTCTCGTCTAGCTAG-1,2053
351,CCGTACTAGCTATGCT-1,2053
352,CAAGGCCGTTGGCGTC-1,2053
353,GTCAAGTGTCAGAAGC-1,2053
354,CGTCTACCATTTGCGA-1,2053
355,TATCTCAGTGTCAACT-1,2053
356,CTACATTCACAGCTGC-1,2053
357,TTCTCCTTCATGACCA-1,2053
358,CTAACTTCAACGACTT-1,2053
359,TTAGGCAAGGCAACAC-1,2053
360,CTACACCTCCGTGCTT-1,2053
361,TGATTTCTCGGCACCA-1,2053
362,GCAGTTAAGCGCGTCT-1,2053
363,GGGACCTTCAGCAGCC-1,2053
364,CTAGTGAAGATCTGAA-1,2053
365,AGGTCATTCCGAAGGA-1,2053
366,AGGGAGTCATCAGCAT-1,2053
367,TCTATTGCATTATCCT-1,2053
368,GTCACAAAGACTCGGA-1,2053
369,GTGCTTCCACAGCTGC-1,2053
370,CTTGGCTGTGACCCGT-1,2053
371,AGGGATGGTGACCAAG-1,2053
372,GGTATTGGTCTACATG-1,2053
373,AACGTTGGTCCTCGGA-1,2053
374,CTCTACGTCGCCTGGA-1,2053
375,AGAATAGTCAAGCCGC-1,2053
376,CAGTCCTGTCATGGCC-1,2053
377,CTGCTGTGTGTCCTTC-1,2053
378,GGGAATGAGCTCAACT-1,2053
379,TGATTTCGTGATTACC-1,2053
380,ATAACGCAGCGACGTA-1,2053
381,GGACAGACAATCCGTA-1,2053
382,GCGCGATTCGTGCCTT-1,2053
383,TTTGCGCGTGCAACCC-1,2053
384,GAGTCCGTCATCGACA-1,2053
385,GCTGCAGGTCGAGTAG-1,2053
386,CAAGGCCGTCAACCTA-1,2053
387,TCTATTGGTACTCCGG-1,2053
388,TTGTAGGGTCCGGTGT-1,2053
389,CGGAGTCGTACGTTCA-1,2053
390,ATGTGTGAGGGTAGGG-1,2053
391,GCCAAATTCATGGTGT-1,2053
392,GGCTGGTTCGAGTATC-1,2053
393,AACTCCCTCTGGAGTT-1,2053
394,GGGCACTTCCCATGTC-1,2053
395,GGGTTGCCAGCGGTCT-1,2053
396,GACGTTAAGGGTCTCC-1,2053
397,CGCTTCAAGGATGTCG-1,2053
398,TCTCTAATCTGAAGTC-1,2053
399,GTCCTCATCTCGAGCG-1,2053
400,TCGTACCAGATGCGAC-1,2053
401,TAGGCATGTTCAGTAC-1,2053
402,AAGACCTCAACAGCCC-1,2053
403,CTTAACTAGAGGGATA-1,2053
404,CATCCACAGTGGGATC-1,2053
405,TGGACGCCATACGTCA-1,2053
406,TCACGAAGTGGAAAGA-1,2053
407,GCATGTATCGGTCACG-1,2053
408,ACTGCTCGTTACGCCG-1,2053
409,CCCTCCTTCTAATGGC-1,2053
410,ACCTTTAGTACGTCAT-1,2053
411,GTAACGTGTCAGCCGT-1,2053
412,CCTATTACAGAACAGC-1,2053
413,GAATAAGGTGACTGAG-1,2053
414,CGGCTAGAGACAAGCC-1,2053
415,GATGAGGTCATCGCCT-1,2053
416,CATATTCCATAGAGGC-1,2053
417,CGGAGTCCAGAAAGCC-1,2053
418,GATTCAGTCAACAGCT-1,2053
419,AGCTCTCTCATGGGCC-1,2053
420,CTGGTCTAGTAGCCGA-1,2053
421,GGAGCAAGTTCCGTCT-1,2053
422,CCCATACCATGGATTC-1,2053
423,TAGCCGGGTAGGTTTC-1,2053
424,CCTTACGAGAGGGCTT-1,2053
425,GAGTCCGAGTTTGCGT-1,2053
426,TATCAGGCACAAGCTT-1,2053
427,TTGCGTCCATGCCGGT-1,2053
428,GGTGAAGTCAGCCTGG-1,2053
429,ACCTTTATCGTTATTC-1,2053
430,GAAGCAGCAAACCCTA-1,2053
431,GAATAAGAGCGCCTCA-1,2053
432,ATAACGCGTACGTCAT-1,2053
433,AGTGAGGCACTTCAGA-1,2053
434,GAAACTCAGGAGTTGC-1,2053
435,TCAGGATCATCAAGAA-1,2053
436,AACACGTAGTGAAGTT-1,2053
437,AGGCCGTGTCATCCAA-1,2053
438,TGGCCAGCAACCCACG-1,2053
439,TCTTTCCTCAGCCTGG-1,2053
440,GCGAGAAGTTGTCACA-1,2053
441,GGATGTTGTGACCTGC-1,2053
442,CAGCATATCTGGAGTT-1,2053
443,ATCTACTAGTCTCGGC-1,2053
444,CACACTCAGAATGGGA-1,2053
445,CACCTTGAGAAGGGTA-1,2053
446,TGAGCCGGTGACCTGC-1,2053
447,AACCATGAGCAGCCTC-1,2053
448,ACCGTAAAGGCTAGCA-1,2053
449,CGAATGTTCGCTCTAC-1,2053
450,ACACCGGCAGCACACC-1,2053
451,ACGCAGCGTGTCGCTG-1,2053
452,CTGATAGGTTGAACTC-1,2053
453,TGCGCAGAGCGCCTCA-1,2053
454,TCAATCTCACACGCAC-1,2053
455,CTAGCCTAGTCGTACT-1,2053
456,CCTACACGTTCTTCGC-1,2053
457,GAATGAAAGAGGACGG-1,2053
458,ACAGCCGTCAGTGTGT-1,2053
459,AGCAGCCAGTGGACGT-1,2053
460,GTTCGGGGTCGCGCTA-1,2053
461,TACAGTGCAATGGCTT-1,2053
462,ACCCACTGTATGACTC-1,2053
463,TCAGCTCAGGCTGCTC-1,2053
464,CGGACACTCTGGATCA-1,2053
465,CTAACTTAGCCCAACC-1,2053
466,CTGGTCTAGGTACTCT-1,2053
467,GTACTCCTCACGATAC-1,2053
468,AAAGATGAGGAGTTGC-1,2053
469,CTTGGCTAGGATGTAT-1,2053
470,CTTGGCTTCTACGGAT-1,2053
471,CGGCTAGTCACCGGTG-1,2053
472,CTCTGGTGTCCTCGGA-1,2053
473,CATATTCAGGCAAAGA-1,2053
474,GCAGTTATCTCACCTG-1,2053
475,TGCACCTCACGTCATA-1,2053
476,ATCCACCAGGAGCGAG-1,2053
477,ATTTCTGAGACTCGGA-1,2053
478,CTCGAGGCAACCCAAT-1,2053
479,CAACTAGCATCCTGGG-1,2053
480,CACAAACGTACAAGGC-1,2053
481,ACATCAGTCAGGTGAG-1,2053
482,ATTATCCCACTTGCTC-1,2053
483,CCTTCCCCAACATCAC-1,2053
484,ACATGGTGTGATACCT-1,2053
485,ACCCACTAGGGTCGAT-1,2053
486,TAGAGCTCACTAGGCC-1,2053
487,TCACGAACACTTGCTC-1,2053
488,TTTGTCAAGGACCAGT-1,2053
489,ACACCCTGTATTCGCA-1,2053
490,GGTGTTATCCTAGACA-1,2053
491,CGTTGGGGTTTGTCTT-1,2053
492,TTAGGCACACGATGGA-1,2053
493,CAGGTGCGTCCTCGGA-1,2053
494,AGCAGCCCACTTCAGA-1,2053
495,CCTACACCACGCACGT-1,2053
496,ACTGATGAGCCTAACT-1,2053
497,CTACCCACATGCCATA-1,2053
498,TCTCTAATCTACAGTG-1,2053
499,TGCCCTACAACACTTG-1,2053
500,TATCTCACAAATAGGT-1,2053
501,GCGCCAACATTTGTGG-1,2053
502,CAGCCGAGTTCGGTGC-1,2053
503,GTGCAGCGTGTCCTTC-1,2053
504,GCAAACTAGTGACATA-1,2053
505,GAATAAGTCAAGACAA-1,2053
506,CCATGTCGTTCCACAA-1,2053
507,CAGAGAGGTTTCCATT-1,2053
508,CTCATTAAGAAGGACA-1,2053
509,GCTGCAGTCACGTATG-1,2053
510,ACGATGTGTTTACTTC-1,2053
511,CACTCCATCGTTCGAA-1,2053
512,GCGAGAAAGGATCGCA-1,2053
513,ATCCACCTCTAACGTG-1,2053
514,CCATGTCCAACAGCCC-1,2053
515,GTAACTGAGGGTCGAT-1,2053
516,ATCTACTAGAAGGCCT-1,2053
517,GGTATTGTCTTCACAT-1,2053
518,CGTTAGAGTTTCGCAA-1,2053
519,ACATCAGAGAATGTGT-1,2053
520,ACACTGAAGATCTGAA-1,2053
521,CGACCTTCAACCTGCG-1,2053
522,GGATGTTCACAGACCC-1,2053
523,CTACATTCAACTCCGG-1,2053
524,ATGAGGGCAACGCTTA-1,2053
525,GCGGGTTCAACATCAC-1,2053
526,CCTTCGAGTGATGTTC-1,2053
527,TCGCGAGAGCTGTTCA-1,2053
528,ACTGAGTCAGACGAGT-1,2053
529,TTTGCGCGTAGCGTCC-1,2053
530,AGGTCCGAGCCGAACA-1,2053
531,GAGCAGACACGGAATG-1,2053
532,TGGCCAGCATGTATGC-1,2053
533,TGTATTCTCTAACACG-1,2053
534,TTTGGTTAGTCCCACG-1,2053
535,GAAACTCTCGCCCAGA-1,2053
536,AGGCCACAGAGGTTAT-1,2053
537,AAAGCAAGTCTCGGCA-1,2053
538,TGTGTTTAGCTAACTC-1,2053
539,CTGATCCAGGCATGGT-1,2053
540,TACGGATTCGATAGTC-1,2053
541,GCAGCCAGTCACCGCA-1,2053
542,AGCTTGAAGGAGTTTA-1,2053
543,GCTCTGTAGCCAACAG-1,2053
544,TGAAAGAGTGAAAGAG-1,2053
545,ACAGCTACAAGAACTA-1,2053
546,AGATTGCTCCCACGGA-1,2053
547,GAAGCAGCAAAGTGGC-1,2053
548,GGGTCTGAGGTACTCT-1,2053
549,ACGCAGCAGATCACTC-1,2053
550,TATTACCGTAGCGTCC-1,2053
551,CAACCTCGTGTCCGAC-1,2053
552,TGCCCATGTGATACCT-1,2053
553,TGTATTCCAAAGGGTC-1,2053
554,CATGGCGAGTTAACGA-1,2053
555,GCGCCAACATGCCGCA-1,2053
556,ACGGAGATCACGATAC-1,2053
557,TCTTCGGGTGTAGTTC-1,2053
558,GATGCTAGTTAGTGAA-1,2053
559,GTACTCCGTAGGTTTC-1,2053
560,CAGATCACACACGCAC-1,2053
561,CTCTGGTAGGCATGGT-1,2053
562,CTGCCTAGTGCTTCCT-1,2053
563,ATCCACCAGACACGAC-1,2053
564,TTCTACAAGCAAAGTT-1,2053
565,ACCGTAATCTTGGATG-1,2053
566,TGTGGTACAAGACGCA-1,2053
567,GACGGCTAGCAGTCTT-1,2053
568,ATCATGGAGTCCGTAT-1,2053
569,CGCGGTACACACGTGC-1,2053
570,AGTTGGTCAAGAGAGA-1,2053
571,CTGTTTACAGACACGA-1,2053
572,CTACATTGTCGCTGTG-1,2053
573,TGGCTGGCAGTACCTA-1,2053
574,GCTCTGTCACAATCAC-1,2053
575,GTGGGTCGTGATACCT-1,2053
576,AACACGTTCATTCGCC-1,2053
577,ACATGGTTCCAACGAT-1,2053
578,TATCTCAAGGCCCTCA-1,2053
579,TGTTCCGTCCGATACA-1,2053
580,TCAGGTAAGTATGACA-1,2053
581,CACCTTGTCAAGAAAC-1,2053
582,CTCGAAACATTCTTGT-1,2053
583,TAAGTGCTCCGTCTAC-1,2053
584,TGCCCTATCTGGGCAC-1,2053
585,CACACCTAGCGATGAC-1,2053
586,GTCAAGTTCTCCAGCT-1,2053
587,GTAACGTCATCGCACG-1,2053
588,ACTGAGTGTAACTGTC-1,2053
589,CGTAGCGCATGAAAGT-1,2053
590,GTCACAAGTCTAGGGA-1,2053
591,CCTAGCTGTGTTCGAT-1,2053
592,TTCTACAGTTTAGGAA-1,2053
593,GACCAATAGGCTCATT-1,2053
594,CGTAGGCAGAGACTAT-1,2053
595,GGAATAATCGACAACT-1,2053
596,ATCGAGTGTGGTCAGA-1,2053
597,TCACAAGAGAATTGTG-1,2053
598,CAACCTCAGTCAAGCG-1,2053
599,ACATACGCAAGACGAC-1,2053
600,CTTAACTAGAGGGCTT-1,2053
601,CGCCAAGCATGTAGCT-1,2053
602,TTGTAGGAGTAGCGGT-1,2053
603,ACATACGAGAAACCCG-1,2053
604,GCCAAATTCTACAAGC-1,2053
605,TGACAACTCGCAGCAC-1,2053
606,ACCAGTAAGGAGCGAG-1,2053
607,CCTAAAGAGAATGTGT-1,2053
608,TCGCGAGAGCGCTCAC-1,2053
609,CGCTTCACATGAATGA-1,2053
610,ACAGCTATCATGGTGT-1,2053
611,AGTAGTCCATCCGGCA-1,2053
612,CGGAGCTGTTCTAGAC-1,2053
613,GAGGTGACACTGCGCA-1,2053
614,CCTTTCTTCGCTATGA-1,2053
615,GTCATTTGTACCTAGT-1,2053
616,TCACAAGGTAACACTC-1,2053
617,GTGTTAGAGCTGAAAT-1,2053
618,AGTGTCAGTGGCAACA-1,2053
619,AAACCTGTCCCAAAGT-1,2053
620,GTGCATAAGTTCCACA-1,2053
621,CAACCAAAGCCACGTC-1,2053
622,TTCTCCTCAAGTAAGT-1,2053
623,ACGCAGCTCACTGTTT-1,2053
624,GTCACAAAGGTTCCTA-1,2053
625,GGATGTTTCTGAAGCT-1,2053
626,GAATGAAGTAAACAGT-1,2053
627,TGCCCTAAGTCCGGTC-1,2053
628,CATATGGTCGAGTACT-1,2053
629,AGATCTGTCATGTGAC-1,2053
630,TACTCATCAGGGATCA-1,2053
631,ATCTACTCAAGAATCA-1,2053
632,CGCCAAGGTGTCCTTC-1,2053
633,CGCCAAGGTACGTCAT-1,2053
634,CGTGAGCAGAACAATC-1,2053
635,ATTTCTGGTACGTGCC-1,2053
636,AGTTGGTCACCACGCA-1,2053
637,CTGATCCGTACCGTCG-1,2053
638,GACACGCCAACATGGG-1,2053
639,ATCACGACACAAGCGA-1,2053
640,CAAGTTGGTCGCGTAC-1,2053
641,TGACGGCCATATGTGC-1,2053
642,AGACGTTCAGCCAGTC-1,2053
643,AGTGAGGCATTTGTGG-1,2053
644,CTGTTTATCCTGCGTT-1,2053
645,TACTCATAGGTTCCTA-1,2053
646,GAAATGACACGACTAT-1,2053
647,GCTTGAACATTCATCT-1,2053
648,CTTGGCTTCGAGTTGT-1,2053
649,GATTCAGAGGTGCAAC-1,2053
650,GAATAAGGTGGGCCTT-1,2053
651,TACGGTAAGAAGGACA-1,2053
652,CTCGTCACACCAATAC-1,2053
653,GACACGCTCACTGTTT-1,2053
654,GATCGTAGTATCAGTC-1,2053
655,TACAGTGAGAGGGATA-1,2053
656,GATCGCGCACAGCTAT-1,2053
657,TAGAGCTAGTCCGGTC-1,2053
658,GGGTTGCGTGATCCTA-1,2053
659,CGCTATCAGGGCTTCC-1,2053
660,TAAACCGCACATCGAT-1,2053
661,ACGGGCTGTCGATACT-1,2053
662,AAAGTAGAGTGCTGCC-1,2053
663,TGAGCATAGTTTGCGT-1,2053
664,TGAGGGATCCTGCGTT-1,2053
665,GTGCAGCCATATGTGC-1,2053
666,TACAGTGAGTAACCCT-1,2053
667,CTCCTAGTCAGTGAAA-1,2053
668,ACATGGTTCGACGAAG-1,2053
669,CCATTCGCACGATCTA-1,2053
670,ACCCACTCAGCTATGT-1,2053
671,TGCGCAGCATGCCGCA-1,2053
672,TTCGAAGCAACGCCGT-1,2053
673,TACACGATCATCGCAA-1,2053
674,TGGCCAGGTCAGGTAG-1,2053
675,CCCTCCTAGGCTGCTC-1,2053
676,AACCGCGGTTGACCCG-1,2053
677,AGCGTATGTGTCCGAC-1,2053
678,GGTATTGCATTCAGCA-1,2053
679,TCCACACTCGCGTGGT-1,2053
680,TTGACTTGTTCCGTCT-1,2053
681,TAAGAGAAGTTACCCA-1,2053
682,TGTCCCAAGGAGTACC-1,2053
683,GAAACTCCACTGCGCA-1,2053
684,CTCGTCAAGTCGCCGT-1,2053
685,TGTGGTATCAGTACCA-1,2053
686,TAGGCATGTTGAAGGC-1,2053
687,TACTTACCAGACACGA-1,2053
688,CTCTACGTCTGTGGCG-1,2053
689,ACTGATGAGAATTGTG-1,2053
690,CAAGAAACAAGCCAAG-1,2053
691,ATCTACTCACACGCAC-1,2053
692,CGTTCTGAGGACAGTC-1,2053
693,TTCGAAGGTGACCTGC-1,2053
694,CCGTTCAGTCTCGGCA-1,2053
695,CATGGCGAGTTACCCA-1,2053
696,TCATTTGCATCTAAGC-1,2053
697,CTGCTGTAGTCCAGGA-1,2053
698,GACAGAGTCACCAGCG-1,2053
699,GATCTAGCAACCTCAA-1,2053
700,CGAGCACCACGTAGGA-1,2053
701,GATGAGGGTACCGTCG-1,2053
702,ACATGGTAGCTAAGAT-1,2053
703,TACGGTAGTCAGGTAG-1,2053
704,GGAACTTGTTGCGGCT-1,2053
705,CGCGGTATCGCCTGGA-1,2053
706,TACGGTAAGCAACGGT-1,2053
707,GTTACAGAGCCAAACG-1,2053
708,GTTCTCGAGGAATGGA-1,2053
709,ATTATCCGTCATGTTG-1,2053
710,CCTATTAGTCATGCTA-1,2053
711,AGTGAGGCATGCCATA-1,2053
712,GTAGGCCGTGTCTGTA-1,2053
713,CCACCTACATCGGCGT-1,2053
714,GACACGCGTATCAGTC-1,2053
715,ACTTTCATCACGATAC-1,2053
716,GCACATAAGGCATTTC-1,2053
717,GGACATTAGTACGTTC-1,2053
718,TAGACCACATTCTTGT-1,2053
719,AGATCTGAGATATGCA-1,2053
720,CTCGAGGAGCCTATGT-1,2053
721,CCTCAGTAGTCCCACG-1,2053
722,TTATGCTTCTCATCTA-1,2053
723,GAAACTCGTCTACATG-1,2053
724,CGATGTACATTGCATG-1,2053
725,CCTTCGACAAGACGCA-1,2053
726,GACGTTACAATCCGTA-1,2053
727,GATGCTAGTTCGATAC-1,2053
728,CGAGCCACACCACGCA-1,2053
729,CAACCTCAGACAAAGG-1,2053
730,CGGTTAACATTACTTC-1,2053
731,ACGATACTCTGTGGCG-1,2053
732,CCCATACGTTACTGAC-1,2053
733,TAGGCATAGGACAGCT-1,2053
734,GAAGCAGGTTTACGGT-1,2053
735,GGCTGGTTCACGATAC-1,2053
736,ATTGGTGAGTCCGGTC-1,2053
737,CACCAGGTCGGGTCCA-1,2053
738,AGCTCCTAGTTGGCTT-1,2053
739,CGGACGTCAGCGCCAT-1,2053
740,CGGAGTCCAGATACCT-1,2053
741,AGCAGCCAGCTGCACC-1,2053
742,GATCTAGAGACTTCCA-1,2053
743,AGATCTGCAGTACCTA-1,2053
744,GCTGCGACAGACGAGT-1,2053
745,TGTCCCAAGCACAGGT-1,2053
746,ATTTCTGTCAGATGTC-1,2053
747,TAAGTGCCAGCGCATC-1,2053
748,GACACGCTCCAGGTTA-1,2053
749,CTGGTCTAGAGATGAG-1,2053
750,TTTGCGCTCCTGAAAC-1,2053
751,TACTTGTAGTCTAGCT-1,2053
752,TTATGCTGTTGGCGTC-1,2053
753,ACCAGTACAAACGGGT-1,2053
754,GCATGCGGTCTCGAGC-1,2053
755,GGACATTGTCGCTCAG-1,2053
756,TACAGTGTCTACACCC-1,2053
757,CTGTTTATCTACAAGC-1,2053
758,CTACATTGTTTCCGAA-1,2053
759,CTTAGGAAGGACAGAA-1,2053
760,CGGTTAATCCCAGAAT-1,2053
761,GAAACTCTCTGGTCCT-1,2053
762,TTTACTGCAGGGATCA-1,2053
763,ACTGAGTAGTCGTCCG-1,2053
764,CTGATCCAGGCGATAC-1,2053
765,CGACTTCTCATTGCTT-1,2053
766,TACGGGCCAGATGAAT-1,2053
767,GCTTCCATCAGCATAC-1,2053
768,GCTGGGTAGATTCACC-1,2053
769,CTGTTTAGTTGCTGAT-1,2053
770,GACACGCAGACAGACC-1,2053
771,ACACCGGCACAAGCTT-1,2053
772,CGTAGCGGTCTCGGTG-1,2053
773,TACTCATGTCGGATGA-1,2053
774,AATCCAGAGCTCTCGG-1,2053
775,TACTTGTCATAGACAA-1,2053
776,TGATTTCGTTCTTTGT-1,2053
777,CGGACTGTCTACAGCA-1,2053
778,ACCGTAAAGCCAACAG-1,2053
779,TCGAGGCCAGGTCAAG-1,2053
780,GCAATCATCCTCGCTA-1,2053
781,TCATTACCACTCCGAG-1,2053
782,AACACGTCAACCTGAT-1,2053
783,ACGGAGATCGATTGCA-1,2053
784,ACGGGCTAGAGACGAA-1,2053
785,GGCTCGAGTACGTTCA-1,2053
786,GTGAAGGGTATCAGTC-1,2053
787,CGATGGCTCATGTGAC-1,2053
788,GAGGTGATCCGATACA-1,2053
789,TGGCTGGTCTGGTAGT-1,2053
790,CTGATCCCACCACATA-1,2053
791,CCTTCCCGTCATGCTA-1,2053
792,GATGAAAAGTAGATCA-1,2053
793,ACGATACTCTGCTAGA-1,2053
794,ATAGACCAGAGCCCAA-1,2053
795,CAGAGAGCATTGAAGA-1,2053
796,CACATAGGTAAGGTGC-1,2053
797,GTAGGCCCAGGTCTGC-1,2053
798,CGCCAAGTCACACTAG-1,2053
799,ACTATCTCAGCCCATG-1,2053
800,CAACCTCAGTGTGATA-1,2053
801,GACTACATCAGCATAC-1,2053
802,GTTACAGTCCTACGAA-1,2053
803,AAGGAGCAGCCACGTC-1,2053
804,AGGGATGGTAGTGGCA-1,2053
805,GGGATGATCGACCATA-1,2053
806,GTAGGCCCAGTACCTA-1,2053
807,ATGGGAGCAACTACTG-1,2053
808,CACACCTGTGGTGAGT-1,2053
809,TCTGGAAAGTCCATAC-1,2053
810,CCACGGATCCACAGCG-1,2053
811,CTGAAACGTACGTTTG-1,2053
812,ACTTTCACACCGGCAT-1,2053
813,GTGCAGCTCGAGGAGT-1,2053
814,GCCAAATTCTCACCTG-1,2053
815,GCTTGAACACCACACG-1,2053
816,CACAGTAGTACCTTGA-1,2053
817,GCTCTGTGTACGTAAA-1,2053
818,CATGGCGCACGGGATA-1,2053
819,GTTTCTAGTCACATGT-1,2053
820,AAAGATGTCCTACTCG-1,2053
821,AAATGCCAGCGACGTA-1,2053
822,ACATACGTCAACAGCT-1,2053
823,ATAGACCAGGACCACA-1,2053
824,TCAATCTAGGTAAGTT-1,2053
825,TCAGCTCTCTCGTCTG-1,2053
826,GGTATTGAGGAGTAGA-1,2052
827,ACGGGTCAGTTAGGTA-1,2052
828,CCTAGCTCAAAGCGCA-1,2052
829,ATCACGAGTTTGTCTT-1,2052
830,CCGGTAGGTGCAAACG-1,2052
831,TGAGCCGCAAGAACTA-1,2052
832,GTAACGTGTGTCTCAA-1,2052
833,ATCATCTAGCCAGTTT-1,2052
834,TGCGCAGCAACCTAGT-1,2052
835,CGAGCACAGATATACG-1,2052
836,CGTGTCTGTCGATACT-1,2052
837,GCATGTACACTAAGGG-1,2052
838,GGGCATCTCTGACGCG-1,2052
839,TGAGGGAAGTTACGGG-1,2052
840,TGGCGCATCAGCACGC-1,2052
841,TACTCGCTCCGTTAAG-1,2052
842,CTACCCACATCCAGCG-1,2052
843,ACGAGGACAACTACTG-1,2052
844,TCAACGACACTGGCCA-1,2052
845,GAGCAGATCTCTAGTT-1,2052
846,TGGGCGTTCGCGAGAA-1,2052
847,GCAGTTAAGTAGTGCG-1,2052
848,TACCTTATCGGAGTTT-1,2052
849,AGCATACTCCTTATTG-1,2052
850,GCAAACTGTCCATTGA-1,2052
851,CTTTGCGCACGAGATG-1,2052
852,GCCTCTATCCAACGTA-1,2052
853,AAATGCCGTAGAACAT-1,2052
854,ACCTTTATCCGAAGGA-1,2052
855,CAGATCATCGTTCGGG-1,2052
856,CGTAGGCGTTCTTTGT-1,2052
857,GATCGATCAAAGTTAG-1,2052
858,GCGAGAAGTACATGAA-1,2052
859,GACTACAAGCCACCTG-1,2052
860,CACTCCAGTCTCTCTG-1,2052
861,CAGCATAAGTTGTAGA-1,2052
862,TGTTCCGTCTTTCGCG-1,2052
863,ACGCCAGAGGCTCAGA-1,2052
864,ACGGAGACACACCTAA-1,2052
865,ACGATACTCACCACGG-1,2052
866,CAAGGCCTCGAACAAA-1,2052
867,CTTAACTGTACTCGTA-1,2052
868,CTCAGAAAGCGAGAAA-1,2052
869,GAACGGACATACGTTG-1,2052
870,AACCATGTCAGTAAAG-1,2052
871,CTAAGACAGTCGAGTG-1,2052
872,TAAGCGTTCGGTAAGG-1,2052
873,CGAGCCATCGGAGTTT-1,2052
874,TTCGAAGCACTAACTG-1,2052
875,TGACAACCAGGTTAAA-1,2052
876,CAGCAGCCAACATAAG-1,2052
877,TAGTTGGCAGCTTGAT-1,2052
878,CTGAAGTGTAGCTAAA-1,2052
879,CCCAGTTTCACCGGTG-1,2052
880,TAGACCATCTGTATGG-1,2052
881,GCGCCAACAGGCCTTG-1,2052
882,CTACACCCAATCCTTT-1,2052
883,TAAACCGCACATTCAG-1,2052
884,TGAAAGATCGTTAGGT-1,2052
885,ACAGCTAAGCCTAACT-1,2052
886,ACGGGTCGTCAACTGT-1,2052
887,CTCGGAGGTTGGTGAG-1,2052
888,GGCAATTCAGGTTAAA-1,2052
889,TCTGGAAGTAGCTAAA-1,2052
890,CGACCTTGTTCTAGTG-1,2052
891,AAGGTTCCAACAGTGG-1,2052
892,ACGCAGCTCCTGAAGT-1,2052
893,CCTAGCTAGAGTGACC-1,2052
894,ACGATACAGCAGCCCT-1,2052
895,AGCTCTCAGGCAAAGA-1,2052
896,CTCGAAACAACCTCAA-1,2052
897,AGAGCTTTCCTTATTG-1,2052
898,CAGGTGCTCTTCTTGA-1,2052
899,CGTGTAAAGCGATCCC-1,2052
900,GGACGTCCACTAAGGG-1,2052
901,CCATGTCAGACAGTTA-1,2052
902,TGACGGCCACAGTGTT-1,2052
903,CTGAAACCATAGTGAA-1,2052
904,TGCTGCTAGCCCAATT-1,2052
905,ACTTGTTCACATTGGT-1,2052
906,CTCGTACCATATCGCA-1,2052
907,TAAACCGGTTGCCACG-1,2052
908,CGTCACTTCTACGGAT-1,2052
909,GACGTTAAGGCTAGAC-1,2052
910,ATGTGTGCACGAGTTT-1,2052
911,CTCACACCAAAGTTAG-1,2052
912,AACTCTTAGACGCTTT-1,2052
913,GGCCGATAGAGCGAAA-1,2052
914,GAATGAACAACGCGCT-1,2052
915,AAACGGGCAAGAGAGA-1,2052
916,TCAGGATAGGGCTTGA-1,2052
917,TGCACCTGTAAGAGAG-1,2052
918,ACTGAACTCTCATGTT-1,2052
919,CAAGGCCGTCATGTTG-1,2052
920,GGGTCTGAGATAGCAT-1,2052
921,CAGCTGGCAAGTGTTC-1,2052
922,TCGGTAAAGTGAAGTT-1,2052
923,CCTCAGTCAATAGGAT-1,2052
924,TGAGCATCATACGGAG-1,2052
925,GCTCTGTAGTGGTAAT-1,2052
926,CTAACTTCACATAAAG-1,2052
927,GCCAAATTCCTGATTT-1,2052
928,CATGACATCCCAAGCG-1,2052
929,TGGGAAGCAAAGTTAG-1,2052
930,CGCTGGAAGTGTTGAA-1,2052
931,CTTACCGGTGTCGCTG-1,2052
932,TAAGTGCGTGCTCTGG-1,2052
933,AGGCCGTTCTCACCTG-1,2052
934,TCACGAACAGCTCATA-1,2052
935,AAGACCTCAGCTCATA-1,2052
936,CGGAGCTGTCACCTGG-1,2052
937,TCGCGTTCATTCTTGT-1,2052
938,CTCGTACTCACTCATT-1,2052
939,TACGGATGTTCGATTG-1,2052
940,CGGCTAGTCCACGATA-1,2052
941,CATATTCTCCTCATCG-1,2052
942,CCTCTGACATAACAAG-1,2052
943,TTTCCTCTCAGATGTC-1,2052
944,GCTCCTACACCCGTTT-1,2052
945,CTGATCCCAGACACGA-1,2052
946,AAGCCGCTCTACGGAT-1,2052
947,ACGGGTCTCTACCGAA-1,2052
948,GTGCAGCGTGTGATCT-1,2052
949,TGTGTTTGTACGCGAA-1,2052
950,TTTGGTTTCTTTCGTA-1,2052
951,CTCACACTCGCCTGGA-1,2052
952,ACACCGGGTACCTTGA-1,2052
953,CAAGTTGCATACTTGG-1,2052
954,AGTTGGTCAACTCATG-1,2052
955,CGGACGTAGATACACA-1,2052
956,ATCATCTAGGCCATAG-1,2052
957,CATCAAGCACTACGTA-1,2052
958,ACACCAATCGAATGTC-1,2052
959,TACAGTGTCCAACGAT-1,2052
960,CGTGTCTGTTTAGGAA-1,2052
961,CGATGTAGTAGATGTA-1,2052
962,TGGGAAGGTCCGGTTG-1,2052
963,ACATGGTTCAGTGTGT-1,2052
964,AGAGCGACACATCGAT-1,2052
965,CGCCAAGCATGAATGA-1,2052
966,CTAGCCTAGAGCAATT-1,2052
967,CGAGAAGCATTGAAGA-1,2052
968,TCGAGGCTCTCAGTTT-1,2052
969,CACACTCTCTCAGATG-1,2052
970,TCCACACCATTCGTTT-1,2052
971,ACATCAGAGCGAACTG-1,2052
972,TGAGGGACATTCGTTT-1,2052
973,CAGCTGGCATAGACAA-1,2052
974,CATTATCAGGTGCTAG-1,2052
975,ACTTGTTGTGACACGA-1,2052
976,TTTACTGCAACTGGAG-1,2052
977,AATCCAGCAACGAAAT-1,2052
978,AGTGGGAAGGTGCTAG-1,2052
979,CTCGAGGGTTGCTGAT-1,2052
980,GCGCAGTAGCGTAGTG-1,2052
981,CCGTACTTCGTGTCAA-1,2052
982,CGACTTCGTCGAGTAG-1,2052
983,CTGAAACCAGCTATGT-1,2052
984,TATTACCAGCGTCGAA-1,2052
985,CTCGAAATCTCTAGTT-1,2052
986,TGCGGGTGTGCATGAG-1,2052
987,CGTGAGCGTTCTAGTG-1,2052
988,AACTCCCAGGCTCTTA-1,2052
989,GGCCGATGTTCGATTG-1,2052
990,ACACCGGCACGTAGGA-1,2052
991,ATAGACCGTTAGAATG-1,2052
992,ACGGCCATCCACCTTG-1,2052
993,CTACGTCGTCCGGTTG-1,2052
994,ACGATACAGAATTGTG-1,2052
995,CGGACGTCACGACGCT-1,2052
996,ATAAGAGGTGTGAAAT-1,2052
997,GCTCCTACAGGCCTTG-1,2052
998,AGCTTGAGTGCATCTA-1,2052
999,CGAGAAGAGGCTAGAC-1,2052
1000,GAAGCAGCAGGTGCAA-1,2052
1001,AGGGTGAAGCCAGTTT-1,2052
1002,TTAGGCATCTGTATGG-1,2052
1003,CCTTCGACACATAAAG-1,2052
1004,TCTATTGCATATCGTG-1,2052
1005,CTACCCAGTGCACTTA-1,2052
1006,TACGGTATCCGACGTG-1,2052
1007,TCGTACCTCAACAGTC-1,2052
1008,AGATTGCAGTACAGTA-1,2052
1009,CGATTGATCAATAGAG-1,2052
1010,ACGGCCATCTCAGTTT-1,2052
1011,CAGCGACCATCAAGAA-1,2052
1012,CCGTTCAAGAGCGAAA-1,2052
1013,TGTGTTTTCTCAGATG-1,2052
1014,CCGTGGAGTCTCGGTG-1,2052
1015,GTCTTCGCATGCCATA-1,2052
1016,ACTTTCATCGCGGCAT-1,2059
1017,TGGTTAGGTTAACCAC-1,2059
1018,AACTCTTCATGAAAGT-1,2059
1019,TGCGCAGCACGTAGGA-1,2059
1020,CATATTCAGGCTATCT-1,2059
1021,CTGAAGTAGTGGCACA-1,2059
1022,ACGTCAAAGGCTATCT-1,2059
1023,GACGTTACAACAACTC-1,2059
1024,AGCCTAACAAACTCAC-1,2059
1025,CACATAGCAGGAGCAT-1,2059
1026,AAGACCTCACTCACCT-1,2059
1027,CTCGGAGGTTGACCCG-1,2059
1028,GATCGTAAGACTTGAA-1,2059
1029,TTGAACGCATGATGCT-1,2059
1030,CATCGAATCTGTGGCG-1,2059
1031,GTCAAGTTCTCCACGT-1,2059
1032,CTCTGGTGTGGCCACT-1,2059
1033,CGTGAGCCACGCTGAC-1,2059
1034,TACTCATGTCATCTGA-1,2059
1035,ACCGTAAGTATGAAAC-1,2059
1036,TACGGGCTCACGGTAT-1,2059
1037,CAACTAGCAACTAGTC-1,2059
1038,CGACCTTGTACCAGCC-1,2059
1039,GGGCACTTCTTCACAT-1,2059
1040,CCAATCCTCGAGGTGA-1,2059
1041,GTTCTCGCACTCCGAG-1,2059
1042,ACATGGTTCCACCGGA-1,2069
1043,ACGAGCCAGGGATGGG-1,2069
1044,CACTCCAGTCTGGGCT-1,2069
1045,GTATTCTGTGTAGTTC-1,2069
1046,AGATCTGAGTAGCCGA-1,2069
1047,CTCCTAGGTCCAGCCA-1,2069
1048,GGACATTTCCAGACCG-1,2069
1049,TGTGGTATCTAAGTGC-1,2069
1050,GTGCTTCGTAGGCTGA-1,2069
1051,ACTGTCCTCATTTGCT-1,2069
1052,ATCACGAAGGGTAGGG-1,2069
1053,TGTATTCAGTGGGTAC-1,2069
1054,GGGACCTTCTCCGGAG-1,2069
1055,TGGGAAGCACTTTCCG-1,2069
1056,TTGCCGTGTTACGGCC-1,2069
1057,CTTCTCTGTACGTTCA-1,2069
1058,CAGCTAAGTTAAGCCT-1,2069
1059,AGCGGTCAGGAAACTT-1,2069
1060,ACCGTAAGTACTCCGG-1,2069
1061,TAGACCAGTAAGGTGC-1,2069
1062,CTCGGGAGTGGCGTCT-1,2069
1063,GAATAAGAGTGGTAGC-1,2069
1064,TACCTTATCAAGAAAC-1,2069
1065,TATCTCATCAGGACTT-1,2069
1066,GTCAAGTTCTACGGCG-1,2069
1067,GACTGCGCAAGCATGG-1,2069
1068,GGTATTGTCTACAGCA-1,2069
1069,CGTCACTGTTAGAGCG-1,2069
1070,GCAAACTCATACGGTT-1,2069
1071,AAGTCTGAGGGAAACA-1,2069
1072,CGTCAGGCACAAGGAC-1,2069
1073,CGTTAGATCGGCACCA-1,2069
1074,CTCGTCAGTCAGTGGA-1,2069
1075,TTTACTGGTACGTTCA-1,2069
1076,ACCAGTATCTCATCCG-1,2069
1077,CCTAAAGCATGTAGCT-1,2069
1078,GTACTCCTCTGGATCA-1,2081
1079,TGAGAGGGTTCGATTG-1,2081
1080,CGGGTCACAGAGGCAT-1,480
1081,TTCGGTCTCAGGTGAG-1,2089
1082,TGATTTCAGAGTAAGG-1,2089
1083,ATTCTACTCGCAGCAC-1,2089
1084,TGACGGCAGTAATCCC-1,2089
1085,CTTAGGACAACTTTCT-1,2089
1086,TGCGTGGAGGGATTCG-1,2089
1087,TTCCCAGAGGCATTCT-1,2089
1088,ACGATGTCATTACTTC-1,2102
1089,CAGCTAAAGATTCACC-1,2102
1090,CTGATAGAGACAAAGG-1,2102
1091,AACGTTGGTGGTCAGA-1,2132
1092,GCTTCCAAGGCTAGTG-1,2132
1093,ATCTACTAGAAGGACA-1,235
1094,ACGGGCTCAAGAGACC-1,2150
1095,AAAGTAGCACTCTCTG-1,2150
1096,GAAGCAGTCTGAAGCT-1,2150
1097,TACGGTAAGTGGTAGC-1,2150
1098,AGTCTTTTCACTGCGG-1,2150
1099,CCTCAGTTCATTTCGT-1,2150
1100,GCATGTAGTCTCGAGC-1,2150
1101,CGCGTTTGTGTTTCAG-1,2150
1102,GATTCAGTCGTATCCC-1,2150
1103,GTTACAGGTGGGAAGG-1,2150
1104,GTAACGTTCAATCTTC-1,2150
1105,GTTCGGGCACAAACTC-1,2150
1106,GGATTACGTCTAGCGC-1,2150
1107,GCGACCAAGGTAGCCA-1,2150
1108,ACTGAGTAGTCTCGGC-1,2150
1109,CGGAGTCTCATTTGCT-1,2150
1110,TTGTAGGGTGAAGCCA-1,2150
1111,GGACATTGTAAGAGAG-1,2150
1112,TGGTTAGTCTGAAGGG-1,2150
1113,ATCACGAAGTGTTTGC-1,2150
1114,CCTTACGAGAGGACGG-1,2150
1115,CAAGATCTCAGCACGC-1,269
1116,CCACGGAGTTAAGCCT-1,2191
1117,CAACCTCAGGGTTCCC-1,2191
1118,CCTCTGAGTTAAGCCT-1,2191
1119,GCATACACATGAAAGT-1,2191
1120,ACACCCTTCAAAGCGG-1,2191
1121,TCGAGGCCATTATCGG-1,2191
1122,AGGGTGATCGAGCACC-1,2191
1123,AACTCTTGTGATTGGG-1,2191
1124,ATTACTCAGCAGTCTT-1,2191
1125,ACAGCTAGTGATTACC-1,2191
1126,CATATTCTCAAAGCGG-1,2191
1127,CCTCAGTCAGGGCTTC-1,2191
1128,ACTATCTTCAGAGTCT-1,2191
1129,TTCTTAGGTTAAGCCT-1,2191
1130,CCTACCAGTTGGAACG-1,2191
1131,GAAGCAGTCCGTTCAC-1,2191
1132,AGGTCCGAGGAAACTT-1,2191
1133,TCAGCAAAGAGCTGGT-1,2191
1134,CCATTCGAGAGTTGGC-1,2191
1135,CCTACCATCGTATCCC-1,2191
1136,GGCTGGTTCTCCAGCT-1,806
1137,TGCTACCAGACCTAGG-1,2274
1138,GACAGAGGTAATATGG-1,2274
1139,TTATGCTTCCACTAAG-1,2274
1142,TCATTACAGAGATGAG-1,990
1143,CCCATACGTGGAAAGA-1,2295
1144,GAACGGATCGACTTCC-1,2295
1149,TAGTGGTGTAACGTGG-1,2319
1151,CCTTCCCGTAACGCGA-1,2319
1152,ACGAGCCAGGACCAGT-1,2319
1153,TCTGAGATCGTAAGGG-1,2319
1155,CTGGTCTTCTTAGCTT-1,2319
