,barcode,group
0,AACCATGAGTGACATA-1,1726
1,ACGGGCTTCGATTGCA-1,1726
2,CTGGTCTGTTCCCTAC-1,1726
9,CAGCGACTCTTTCGCG-1,1724
11,CTGCGGATCAATAGGA-1,1724
16,CCCAGTTCACTCTGGG-1,1724
20,GTAACTGTCTTGCGGG-1,1724
21,TTGCCGTTCTGCGGGT-1,1724
22,AGCAGCCCAGCCCGAT-1,1724
25,TCACAAGAGGTGCACA-1,1724
26,TCAGGTATCCTCTCAG-1,1724
27,GTTCATTCATGTTTCT-1,677
28,AGGGAGTCAGCCCGAT-1,1641
29,GATTCAGAGTGATTGA-1,1641
30,CCAGCGATCTCATCCG-1,1574
31,GAGGTGAAGCTCCTTC-1,1574
32,AAACGGGTCGGAAGAC-1,1568
33,GCATGTAAGCCCAATT-1,1568
34,ATTATCCCACCACATA-1,1568
35,ACATCAGGTGATATGA-1,1568
36,TTGAACGCACTTGCAA-1,1568
37,CGGACTGCATACGTTG-1,1568
38,CGTCACTCATAGAGGC-1,1568
39,ATTATCCAGTGGTAGC-1,1568
40,CGGAGTCTCTGGGACC-1,1568
41,GGTGTTACAGTCCCTT-1,1568
42,CGTGAGCAGTGACATA-1,1568
43,AGGCCACAGTGGTAGC-1,1568
44,CTACGTCCAGGTTAAA-1,1568
45,GGATGTTTCTCATCCG-1,1568
46,CACAGGCAGACTGTAA-1,1568
47,ACAGCTACATCCCTTG-1,1568
48,CGTAGCGTCATAGGAA-1,1568
49,GTAGTCACATAGAGCG-1,1568
50,TGGCCAGAGTCGACTT-1,1568
51,TTTGTCACAGGTACGA-1,1568
52,GATCGCGAGACTTGAA-1,1568
53,CCGTACTCACGTTTAG-1,1568
54,GAATAAGGTACGTAAA-1,1568
55,CGTGTCTGTGTCTAAC-1,1568
56,CCTTCGAAGCTGAAAT-1,1568
57,ATCACGATCGCAGCAC-1,1568
58,ACACCCTTCACGTTAG-1,1568
59,CAGCTGGGTGATATGA-1,1568
60,AGCAGCCCAACCGGAA-1,1568
61,CAGAATCCATATCGCA-1,1568
62,GCAGTTACACTAACTG-1,1568
63,GTACGTAAGGGCTTGA-1,1568
64,GACTGCGTCCCTTATA-1,1568
65,GATGAGGCAGCCAAAG-1,1568
66,CTCAGAAGTACGTAAA-1,1568
67,GAGCAGATCCACAGCG-1,1568
68,TCAATCTAGGCCATAG-1,1568
69,GTAGTCAGTGCGGTAA-1,1568
70,GTGCATAGTCTTAGTG-1,1568
71,GTCGTAAAGTGGGCTA-1,1568
72,CCTAAAGCAAGCACGA-1,1568
73,AGACGTTTCTAGAGCT-1,1568
74,TGATTTCAGCGACGTA-1,1568
75,ACGTCAAAGACCGATG-1,1568
76,TTTGCGCTCAAAGTGA-1,1568
77,CACCTTGAGGCCCGTT-1,1568
78,TCTTTCCTCCGTATTT-1,1568
79,TGACAACGTTCCACAA-1,1568
80,ACCAGTAGTTGAACAA-1,1568
81,CAGCCGACACGTTTAG-1,1568
82,CTCTAATAGGGTTCCC-1,1568
83,TTTGCGCCAAACGGGT-1,1568
84,TGAGCATCAAGAGAGA-1,1568
85,TGCCCATGTGCTATTG-1,1568
86,TGGGAAGGTCAAGCCC-1,1568
87,GTCGTAAAGGTGCTAG-1,1568
88,GTGCGGTAGCCACGTC-1,1568
89,GTTTCTACATGACTCA-1,1568
90,TACCTTAGTTTCCTGC-1,1568
91,AACGTTGAGGCATTGG-1,1568
92,CACACCTCATGAGGGT-1,1568
93,TTTGTCAAGGGTTCCC-1,1568
94,ATCCGAAGTCCATTGA-1,1568
95,TCGTACCGTCAGCCGT-1,1568
96,CACTCCACATGAGGCA-1,1568
97,CTGAAACTCGTACGCG-1,1568
98,TGGGAAGCACAGTGTT-1,1568
99,AAAGTAGTCGCCCAGA-1,1568
100,CCTTTCTCATGAGGCA-1,1568
101,GATTCAGAGCAGACTG-1,1568
102,GTGCATAAGGGATTTA-1,1568
103,GTCGGGTTCCACCCAT-1,1568
104,CGACCTTGTTTAGGAA-1,1568
105,ACACCGGTCTATGCCC-1,1568
106,TTAACTCCACGCTGAC-1,1568
107,GTTAAGCGTACCTCGG-1,1568
108,CCGTACTCACTACATG-1,1568
109,GTCACAACAAAGGTTA-1,1568
110,ACTGAGTGTGGAAACC-1,1568
111,CTACATTGTCGGATGA-1,1568
112,TCAGGATCATGGCACC-1,1568
113,CCTATTAAGTCCGTAT-1,1568
114,TGCACCTGTAAGGTGC-1,1568
115,TTGTAGGTCCACTTCG-1,1568
116,TACAGTGAGTCTCGTA-1,1568
117,AGTTGGTGTCTTAGTG-1,1568
118,CGGGTCACACAACTTG-1,1568
119,GACACGCGTCACCAGC-1,1568
120,GGACAGAAGTGTTTGC-1,1568
121,CACAGGCGTACAATAG-1,1568
122,CACATTTGTGTCCCTT-1,1568
123,CTCCTAGGTTTCCTGC-1,1568
124,TGGCCAGGTATGCGGA-1,1568
125,GCATACAGTACCTAGT-1,1568
126,TCGCGAGGTCTCGGTG-1,1568
127,ACGAGCCCATGAGAAT-1,1568
128,GCATGTAAGGATCCTT-1,1568
129,GCAGCCATCCCAGAAT-1,1568
130,TACTCATAGCTAGCCC-1,1568
131,CTGTGCTTCCCAGAAT-1,1568
132,CACACCTCAAATTCCG-1,1568
133,TTTCCTCTCATTCGCC-1,1568
134,TGCCCATAGGCGTTGA-1,1568
135,CTGCGGACACCAGTGC-1,1568
136,GGACAGACAGGTCTGC-1,1568
137,ACACCGGTCTGGTGAT-1,1568
138,GACGTTAAGGCTATCT-1,1568
139,GGCTGGTCACCACGCA-1,1568
140,TGATTTCAGCAGACTG-1,1568
141,AGTTGGTTCCTTCGTG-1,1568
142,ATCGAGTAGAGACTTA-1,1568
143,GTCAAGTTCACGTTAG-1,1568
144,CAGGTGCAGGCTACGA-1,1568
145,CATGCCTCACCCGTTT-1,1568
146,GTGCGGTTCCTGACAA-1,1568
147,CCTACACTCGAGGAGT-1,1568
148,TTCGAAGTCGATAAGA-1,1568
149,ACTGTCCCATTTCGTT-1,1568
150,AGAGCTTAGTTGTCGT-1,1568
151,GCTTGAACATCGGCGT-1,1568
152,GCATGCGTCCTCTGCA-1,1568
153,CTGGTCTTCTGGATCA-1,1568
154,GTAACGTTCTCCGGAG-1,1568
155,AACCGCGCAAAGGGTC-1,1568
156,ATCATCTCATGTTGCA-1,1568
157,GCGCAACTCCCTTATA-1,1568
158,CGTGAGCCAGTTATGC-1,1568
159,GGCAATTCACGGAGTA-1,1568
160,TTTGTCACACAGCTAT-1,1568
161,AGATCTGAGGGTTCGA-1,1568
162,CGTAGCGAGGACGAAA-1,1568
163,ACAGCCGCAGTTTGCA-1,1568
164,ACTTGTTCAACTAGTC-1,1568
165,CACCACTTCTGCACTC-1,1568
166,GGCGTGTTCCACAGAT-1,1568
167,CGCTATCCATCTCGAA-1,1568
168,ATCCGAACATCAGCAT-1,1568
169,GAATAAGTCATTTCGT-1,1568
170,GGTGCGTAGTGAACGC-1,1568
171,CAGTCCTCAAGGTGAC-1,1568
172,GACCTGGAGTGTACCT-1,1568
173,GGCTCGAAGAGGCAAA-1,1568
174,CTTGGCTTCGATACAC-1,1568
175,GCTGCAGAGCCAGAAC-1,1568
176,ATCGAGTCATAGACAA-1,1568
177,CGTTGGGTCTCCATGC-1,1568
178,CAGAGAGTCACACGTA-1,1568
179,CCTTCCCTCATTTCGT-1,1568
180,TCTGAGAAGTCTCGGC-1,1568
181,TTCTACATCCTCCTGA-1,1568
182,AGGGAGTTCGGCACCA-1,1568
183,TGCTGCTTCAAGTGCT-1,1568
184,TACTTGTAGCCGTCGT-1,1568
185,CACCAGGCACAGAAAT-1,1568
186,GTCATTTGTCCTCGGA-1,1568
187,AATCCAGTCTGGTAGT-1,1568
188,AAAGCAATCTTCCGAC-1,1568
189,GTAACTGAGAACAATC-1,1568
190,CTAGAGTCAACCTCAA-1,1568
191,GCTCCTATCAGAGTAA-1,1568
192,ATCCGAACACTTCTTA-1,1568
193,AAAGATGAGACCTTTG-1,1568
194,ACGGGTCGTATTCGCA-1,1568
195,CAGCATACATCCAGCG-1,1568
196,CTTAACTAGCCCAATT-1,1568
197,TTAACTCAGAATTGTG-1,1568
198,TTTCCTCGTGAGCGAT-1,1568
199,GCATACAAGAGACGAA-1,1568
200,AGTGAGGTCTGGGCAC-1,1568
201,GGGTTGCAGCAGGTCA-1,1568
202,ACTTGTTCAGACGAGT-1,1568
203,GTAACGTCACTTGCAA-1,1568
204,ACCAGTAGTCTAGCGC-1,1568
205,ATCTGCCCATCAGCAT-1,1568
206,TTCTCCTGTACCAGTT-1,1568
207,GCAGCCAAGCCGGTAA-1,1568
208,ATTATCCAGAAGCCCA-1,1568
209,ACGGCCACAGGTTAAA-1,1568
210,GTCGGGTTCTACGTGA-1,1568
211,GATCGCGTCTATGGTG-1,1568
212,AGAATAGTCTCGAACA-1,1568
213,GTATCTTTCGCTGAAT-1,1568
214,CACACAACAGCGTCAC-1,1568
215,CTGCGGAAGACACGAC-1,1568
216,GACTAACGTTCTAGAC-1,1568
217,ATGTGTGAGTGTACCT-1,1568
218,CTCTAATCATAGACAA-1,1568
219,GACGCGTAGGCTCTCG-1,1568
220,TTGAACGCATGCCGCA-1,1568
221,GCTTGAATCCGAAGGA-1,1568
222,TGCGGGTAGTCTCGTA-1,1568
223,CATGACAGTACGTCAT-1,1568
224,CCTACACGTCTCGGCA-1,1568
225,TTTGCGCAGTCGTACT-1,1568
226,GGCCGATCAGGTCCCA-1,1568
227,GGGATGATCGAGTACT-1,1568
228,TATCTCAAGTTCCACA-1,1568
229,TTGAACGGTGCGCTTG-1,1568
230,AAAGCAATCGGCACCA-1,1568
231,GATCGCGTCCTCTCAG-1,1568
232,GGAAAGCGTCTGGGCT-1,1568
233,CTGCGGAAGACTGGCA-1,1568
234,GTGCAGCAGTCAAGCG-1,1568
235,CCAGCGAGTTAGCTCA-1,1568
236,GCAATCAAGCTAAGAT-1,1568
237,GTACTCCCAGCACACC-1,1568
238,TCTCATAGTATTCGTG-1,1568
239,AAACCTGTCCCATGTC-1,1568
240,CATCGGGCAACACTTG-1,1568
241,ACCTTTAAGGGTCGAT-1,1568
242,ACCCACTCAACTACTG-1,1568
243,AGTGTCACAACCCTGG-1,1568
244,ACACCAAGTGCGAACA-1,1568
245,CACCTTGAGATCTGCT-1,1568
246,ACGCCAGTCCGTTCAC-1,1568
247,TCTGGAAGTGCAACCC-1,1568
248,CCAGCGAAGCTGAAAT-1,1568
249,GCACATAGTCAACATC-1,1568
250,CATTATCTCACCAGCG-1,1568
251,CCACGGACATGGCACC-1,1568
252,AGCAGCCGTCAAAGCG-1,1568
253,GTTACAGGTAACTAAG-1,1568
254,CATCAGAGTCCCGACA-1,1568
255,CTGATAGTCTTCTTGA-1,1568
256,ACGAGGATCCTACGAA-1,1568
257,TTATGCTGTCAAAGCG-1,1568
258,ACATACGGTAGATCCT-1,1568
259,CCTCAGTAGCCAACAG-1,1568
260,TGCCCATGTCCGCAAC-1,1568
261,TTTGGTTGTAACGAGC-1,1568
262,ACGCCAGGTCAACCGC-1,1568
263,GTCCTCACAACACGTT-1,1568
264,ATCTGCCGTCCAGCCA-1,1568
265,ATTCTACGTTCGCGTG-1,1568
266,CTAATGGGTAGTGGCA-1,1568
267,CGATGTACACAGAGCA-1,1568
268,TACACGACAACCTGAT-1,1568
269,TACCTATCATACAGAA-1,1568
270,CCCAGTTCATACGTTG-1,1568
271,CAGATCATCGCGGCAT-1,1568
272,GGCGTGTCAATAGGAT-1,1568
273,GCTCTGTAGGATCCTT-1,1568
274,TACGGATTCGGTCACG-1,1568
275,CCGTTCAAGCGTAATA-1,1568
276,GCGCAGTCAACTAGTC-1,1568
277,CCCAATCCACACGCAC-1,1568
278,CTCTAATTCAGCCACG-1,1568
279,CCGGGATTCATGGTGT-1,1568
280,AAGTCTGAGAGGTTAT-1,1568
281,CACCAGGCACGAGCTC-1,1568
282,CTTAACTGTGACCCAC-1,1568
283,AGAGCTTTCTGATGGT-1,1568
284,TGACAACAGGGTCTCC-1,1568
285,CTAAGACCATTTCGTT-1,1568
286,AGTGTCAAGTTAGGGC-1,1568
287,CTGCTGTGTCTCCACT-1,1568
288,TATGCCCAGTAATCCC-1,1568
289,TTCGGTCAGGGTCGAT-1,1568
290,ACAGCCGTCAATAGAG-1,1568
291,CGGTTAATCAGATGTC-1,1568
292,CCTAAAGAGGCATATA-1,1568
293,CTAACTTCAGAAGAAG-1,1568
294,CACCACTGTCAGCCGT-1,1568
295,CGTCACTGTTCCCACT-1,1568
296,GACAGAGGTGACCCAC-1,1568
297,GATCGATTCTCGAGCG-1,1568
298,TCATTACTCGTCCCTA-1,1568
299,GGGCATCTCGTAGGGA-1,1568
300,CATCAAGGTCTACATG-1,1568
301,CCTTCGATCATCTTTG-1,1568
302,TCGCGTTCATCTCAAG-1,1568
303,TGACAACGTAGTCAAA-1,1568
304,CATCGAACAACTCGCG-1,1568
305,GGACAAGTCGTGCTAA-1,1568
306,TGACTAGAGGCATTCT-1,1568
307,TTTGGTTAGTTCCACA-1,1568
308,AACTTTCCACTACGTA-1,1568
309,TCGCGAGCAACCTGGC-1,1568
311,TTCTCCTGTTCTAGTG-1,1568
312,ACCAGTATCACAGCCG-1,1568
313,CGTTCTGTCGGATGCC-1,1568
314,TTTATGCAGCAATCTC-1,1568
315,GTACTTTAGCTCCTTC-1,1568
316,ACCAGTACACTCTTAT-1,1568
317,GTTTCTAGTAGTCAAA-1,1568
318,GGGAGATGTGTTACGT-1,1568
319,AATCCAGCATCACTGA-1,1568
320,GGAACTTTCCTGAAGT-1,1568
321,AACTTTCAGTGATGGC-1,1568
322,GCGCAGTAGATCCCGC-1,1568
323,AACTCTTCATGAGGCA-1,1568
324,TCAATCTCAACGAAAT-1,1568
325,AACACGTTCGTTGCTC-1,1568
326,AGGCCGTAGCCCGAAA-1,1568
327,AGAGTGGTCGTTGCTC-1,1568
328,TTCTCCTTCCTGCACT-1,1568
329,ACGAGGATCACGACGC-1,1568
330,CTACATTCAGTAATCC-1,1568
331,GATGAAATCTCCAGCT-1,1568
332,GCATGATAGTTACCCA-1,1568
333,ACCAGTAGTACGTCAT-1,1568
334,ACCCACTTCCTACCCA-1,1568
335,GGACAGAAGGGTGTGT-1,1568
336,ACTATCTAGACTGTAA-1,1568
337,GCGGGTTAGTGATTGA-1,1568
338,CTTAACTGTACGCGAA-1,1568
339,GAATGAATCCTGCACT-1,1568
340,CATCGAAGTCAAAGCG-1,1568
341,CACACTCTCACGCGAC-1,1568
342,GGGCATCGTGCGGTAA-1,1568
343,ATCATGGCACTTCTTA-1,1568
344,GAACCTATCAAAGTGA-1,1568
345,CAGAATCAGCCGGTAA-1,1568
346,CGTCCATGTCCGGGTT-1,1568
347,ACTTTCACACGAGCTC-1,1568
348,AGGGTGAGTGGTAAGC-1,1568
349,TGGGCGTTCCGCACGA-1,1568
350,AGTGAGGTCTCCACGT-1,1568
351,CACACTCTCGAGTTGT-1,1568
352,CCCTCCTAGGTGTTAA-1,1568
353,GCGCCAATCTTTCGTA-1,1568
354,TTGCCGTTCATCAGCA-1,1568
355,CTGCTGTAGGACAGCT-1,1568
356,TCTCATATCACAGCCG-1,1568
357,AAGACCTCACTGCGCA-1,1568
358,ATTGGACAGCGTGAGT-1,1568
359,AGGGAGTAGGTGCTTT-1,1568
360,AGGTCCGCATGTAGCT-1,1568
361,TGACTAGTCCAGGCAC-1,771
362,GGACGTCGTCGCTTCT-1,1566
363,GGTGCGTCACGTACAT-1,1566
364,ATAACGCCAGTGTGGA-1,1629
365,TCAACGAAGGGTCGAT-1,1629
366,CGTGAGCCAGATCCCG-1,1629
367,TCAATCTAGAGGTAGA-1,1629
368,CACCACTGTAGGCTGA-1,1629
369,ACATACGTCTTGGATG-1,1629
370,AGATCTGGTTGATCTG-1,1629
371,GACGTGCAGGAGTCTG-1,1629
372,GTGCAGCCACATTCAG-1,1629
373,AGGGATGCAGAGATCG-1,1629
374,GGTGTTATCTGATGGT-1,1629
375,CCGTACTCATGTAGCT-1,1629
376,CTACCCAAGTGGGATC-1,1629
377,CCTACCAAGTGCGATG-1,1629
378,CGATGGCCACAATCAC-1,1629
379,CGGACGTTCCTCGACT-1,1629
380,TGAGGGAGTAGCAGGT-1,1629
381,AAAGCAATCCGAGATT-1,1629
382,AGATCTGAGACTGGGT-1,1629
383,GGATTACGTCCTTGGG-1,1629
384,GTATTCTCACAGACCC-1,1629
385,AGTTGGTTCGGAGTTT-1,1629
386,ACGCAGCCATCCGTTC-1,1629
387,TGGTTAGAGCTGGTCC-1,1629
388,AAGGCAGGTGATATGA-1,1629
389,CGTTCTGCAGATACCT-1,1629
390,TTAACTCTCTGTATTC-1,1629
391,CCCAGTTTCGGGTCAC-1,1629
392,AGTGAGGAGATCTGCT-1,1629
393,CCCTCCTCAACAGCCC-1,1629
394,AACCATGTCAGTTCTT-1,1629
395,GTTCGGGCAAGGCCCT-1,1629
396,ACGCAGCTCATGTCAG-1,1629
397,CACACTCAGTCACGCC-1,1629
398,CAGCTAATCATCACTT-1,1629
399,GGAGCAAAGGATGTCG-1,1629
400,ATAGACCCACGCGATC-1,1629
401,CTTAACTTCCGTGCTT-1,1629
402,ATTCTACAGTACTTGC-1,1629
403,GGGCATCAGGGATGGG-1,1629
404,CGTGAGCCACGCTGAC-1,1629
405,GGGACCTGTACGTCAT-1,1629
406,GCGCGATTCGACGAAG-1,1629
407,CCTCAGTCAGCCCATG-1,1629
408,GTCACAATCGTAGGGA-1,1629
409,TCAGCTCAGAACTCGG-1,727
410,TGGACGCTCCGATACA-1,1636
411,CCAATCCTCCTTCGCA-1,1636
412,ATGGGAGGTTACGGCC-1,1636
413,CTCGGAGGTGACGGTA-1,1636
414,CTAGTGACACGATGGA-1,1636
415,GTTCGGGCAAAGTTAG-1,1636
416,TCATTACCAAAGCGCA-1,1636
417,TAGAGCTCATCTAAGC-1,1636
418,AGAATAGAGCGCTCAC-1,1636
419,CTCGTCACACGGGATA-1,1636
420,GACACGCAGGATCCTT-1,1636
421,CGACTTCCAGTGCTTA-1,1636
422,CGTCTACCAGATCGAG-1,1636
423,TACAGTGCAACTGGAG-1,1636
424,ATGGGAGCACTAAGGG-1,1652
425,TGGGAAGGTTGGCGTC-1,1652
426,CAGTAACAGCAGTACG-1,1652
427,GCTCCTACAGTGTGGA-1,1652
428,AGGCCGTAGCATCTTG-1,124
429,ACGCCGACACTTGAGT-1,1579
430,CGTCCATGTCATGGCC-1,1579
431,CGGACGTTCATCAGGT-1,1633
432,GGGAATGGTAAACCTC-1,1633
433,AAGCCGCCAATTCACG-1,1633
434,GGGCACTGTCAGTGGA-1,1633
435,CCGGGATCAGTGGATG-1,1633
436,GATCGATTCGTAACCA-1,1633
437,CGTTAGATCCTACCTG-1,1633
438,GAATGAAAGTGTTTGC-1,1633
439,TGAGGGATCATGGGCC-1,1633
440,TTCTACATCGCACAGC-1,1633
441,TTGGAACGTGCTTTCC-1,1633
442,CGATGTACAACATGGG-1,1633
443,TCCCGATCAGCGGTCT-1,1633
444,CCTACCAAGCAGCCCT-1,1633
445,GTTACAGAGGATGTCG-1,1633
446,GCTGGGTCAACACCGC-1,1633
447,CCCTCCTCAGAACAGC-1,1633
448,CAACCTCCAACAGAGC-1,1633
449,CTAGAGTAGGGAAACA-1,1633
450,GGTGAAGAGTCGTGTT-1,1633
451,AAGGAGCTCCTACCCA-1,1633
452,CTTAACTTCCGCACGA-1,1633
453,ACGAGCCTCGACTGCG-1,1633
454,TGGCGCAGTAGGGACT-1,1633
455,CTACATTTCGATACAC-1,1633
456,CAGAATCCATCGGTCG-1,1633
457,TGAGCATTCTCCAGCT-1,1633
458,CAGTCCTGTCTGGGCT-1,1633
459,ATCTACTCAGAACAGC-1,1633
460,GCTCCTATCCTGATTT-1,1633
461,GCTTCCAAGATAGTCA-1,1633
462,TCGTAGACAGTGTGGA-1,1633
463,ATCTACTCAACATAGA-1,1633
464,GATCAGTGTAAGATGT-1,1633
465,TAAGCGTGTGCATGAG-1,1633
466,ACACCAAAGTTAGGTA-1,1633
467,AGCAGCCGTCACATGT-1,1633
468,CTTAACTCAGTGGATG-1,1633
469,TACGGGCCACTAACTG-1,1633
470,GTCTCGTCAATGGCTT-1,1633
471,TGGCCAGAGAATGTGT-1,1633
472,TCGCGTTGTCCGCAGT-1,1633
473,TTGAACGCAAGTAAGT-1,1633
474,GGAATAAAGTGAACAT-1,1633
475,ACTTTCACAACTACTG-1,1633
476,CATGGCGAGGCTAGGT-1,1633
477,CACACAACAAGGCGTA-1,1633
478,CGGACACCAAGGCGTA-1,1633
479,GGAACTTTCGAGAATA-1,1633
480,TCTCTAAAGCAATCTC-1,1633
481,AAACGGGGTCCAGTGC-1,1633
482,GGCTCGAAGTGTGAAT-1,1633
483,AGATCTGCATACTGCA-1,1633
484,ACCCACTGTGGTCAGA-1,1633
485,AACGTTGGTATTGAAG-1,1633
486,GAAGCAGGTGACCCAC-1,1633
487,ACTTTCAGTCATACCA-1,1633
488,GATGCTAGTAGTTGGG-1,1633
489,ACTTGTTTCACCATCC-1,1633
490,TAAGCGTTCGCGTGGT-1,1633
491,GGGAGATGTTCTCAAG-1,1633
492,TCGTACCCATAGTGTC-1,1633
493,AAGCCGCAGTGGGTAC-1,1633
494,TACCTTAAGATTCACC-1,1633
495,CGAGCACTCGCGTGGT-1,1633
496,AAATGCCCACAATCAC-1,1633
497,AAAGCAATCCTGAAAC-1,1633
498,TTCTTAGTCACGCGAC-1,1633
499,GTCACGGAGTACGTTC-1,1633
500,GGTGCGTGTCGCCAAC-1,1633
501,TACTTACGTACTGCTA-1,1633
502,CCTAGCTCATGTTGCA-1,1633
503,CCTCAGTCACAAGCTT-1,1633
504,GAATGAATCCCGTTGT-1,1633
505,CCAATCCAGGGTGTTG-1,1633
506,GAACATCCACGAGTTT-1,1633
507,CCTTCCCAGCCCGTGT-1,1633
508,GAACGGACAAGGTCGA-1,1633
509,TTGACTTTCGCGTGGT-1,1633
510,AGTGAGGGTAATGACA-1,1633
511,GGCGTGTCAACTCCGG-1,1633
512,AAGTCTGTCTTTCGCG-1,1633
513,CATCGGGTCCATTTGT-1,1633
514,TACACGACAATACTGC-1,1633
515,GAAATGAAGCTTTCAG-1,1633
516,GCTTGAACATCAGGGA-1,1633
517,TTTATGCAGTGACTCT-1,1633
518,GCAGCCAGTTATTGGC-1,1633
519,TACCTTAGTCTGGGCT-1,1633
520,GATCAGTAGAAGATTC-1,1633
521,GCGCAACTCGTGTGGC-1,1633
522,AATCCAGAGATGTCTC-1,1633
523,CGCGTTTCAAGACTTC-1,1633
524,CGCTATCGTGTCTAAC-1,1633
525,TATTACCGTAGTTCTG-1,1633
526,ACATCAGCAAGTACAA-1,1633
527,ACATCAGAGGCGCTCT-1,1633
528,ATAGACCGTAACGGCA-1,1633
529,TGGGCGTAGCACAGGT-1,1633
530,TTCTTAGCAAATACGA-1,1633
531,GCACTCTGTCATGCCG-1,1633
532,AATCGGTGTACGTTTG-1,1633
533,CTTTGCGTCGATGGTT-1,1633
534,TAAGAGAGTACCGTCG-1,1633
535,GTTCTCGAGTGTACGG-1,1633
536,ATGCGATGTTGGTATC-1,1633
537,CTGCCTACACCTGGCA-1,1633
538,GCTGCTTAGGGAAACA-1,1633
539,CTTAGGACACCAATGT-1,1633
540,TGGTTAGAGGCTGCTC-1,1633
541,CTGATAGTCGTTCGAA-1,1633
542,TGAGAGGTCCATTTGT-1,1633
543,CGTGTCTCACCAGTGC-1,1633
544,GCGCAGTTCACCGCAG-1,1633
545,AGTTGGTAGCAACGGT-1,1633
546,CGTTCTGAGCTGTTCA-1,1633
547,CCTTCCCTCGGTGCGT-1,1633
548,TGGGAAGGTTCTGTCC-1,1633
549,AAGGAGCCAACGACAG-1,1633
550,GAAATGATCCGCTGAG-1,1633
551,CTGATAGCAGATTGTC-1,1633
552,GCAAACTAGACTAAGT-1,1633
553,ATGTGTGAGACAGACC-1,1633
554,TGCCCTAAGGGCTTCC-1,1633
555,CGAATGTTCGAGGTGA-1,1633
556,CTAATGGTCAGGGACA-1,1633
557,CCCAATCTCACCGCAG-1,1633
558,GGAAAGCAGGTGTGCA-1,1633
559,ACAGCTATCAGTACAC-1,1633
560,CGCTATCAGGACAGTC-1,1633
561,GCAATCACATACTGCA-1,1633
562,GTAACTGGTTCAGTAC-1,1633
563,AGTGGGACACAAACTC-1,1633
564,TCGTACCTCGTTCGAA-1,1633
565,CGGTTAACATCCGTTC-1,1633
566,GATCGCGCATCGCACG-1,1633
567,ATGTGTGAGCCTAACT-1,1633
568,GGGATGATCTTGTCCG-1,1633
569,CATTATCCAACATGGG-1,1633
570,TTCTTAGTCAGGACAG-1,1633
571,AGGCCGTCATAGAGGC-1,1633
572,TCTGGAAGTTGCCTCT-1,1633
573,CAAGAAAGTTGATCTG-1,1633
574,TCGGGACCACGTAGGA-1,1633
575,CCACGGATCTGTATGG-1,1633
576,TGAGGGACACCCTCTA-1,1633
577,TCGTACCAGCTAAACA-1,1633
578,GGGTCTGTCTGGAGTT-1,1633
579,CAACCTCAGAAGGTTT-1,1633
580,TCAGCAAAGTGTTGAA-1,1633
581,CCTTACGGTACCAACT-1,1633
582,GGAATAACAAGCCAAG-1,1633
583,CTAGCCTGTTACTGAC-1,1633
584,AGGGATGCAAGAACTA-1,1633
585,GCTGCGACAACATAGA-1,1633
586,TCTTTCCGTTCTTCGC-1,1633
587,CGGACACGTGACTGAG-1,1633
588,GCAGCCAAGTCCATAC-1,1633
589,GACTAACTCACTGTTT-1,1633
590,TTAGGACCAATGTAGA-1,1633
591,ACACTGAGTCCGGTTG-1,1633
592,CAGCTAACACGCACCA-1,1633
593,CTCACACGTTACTGAC-1,1633
594,CTCACACTCTGCTAGA-1,1633
595,CTACACCAGCTAACAA-1,1633
596,GACGCGTCATGACTCA-1,1633
597,TACCTATTCCGTGCTT-1,1633
598,TTCGGTCTCTGCTACC-1,1633
599,AGTCTTTTCGAGCCGT-1,1633
600,CTCATTAGTGACCAAG-1,1633
601,AGTGGGACAGGACCAA-1,1633
602,AAGGCAGTCGCAACGC-1,1633
603,CAGGTGCAGCTAAGAT-1,1633
604,AAACGGGAGAGCCACA-1,1633
605,CAGTAACAGTTTGGCT-1,1633
606,TCAGGTATCGCGATGC-1,1633
607,GATCGCGAGCAACGGT-1,1633
608,AGCTCTCCACAGCTGC-1,1633
609,CCCTCCTGTACAGGAC-1,1633
610,CTAAGACCAAGCCAAG-1,1633
611,GCGAGAATCCGGCTAG-1,1633
612,TTTCCTCCACATTCAG-1,1633
613,CACCACTTCGGGCTTG-1,1633
614,CCATTCGGTCTACATG-1,1633
615,CATATGGAGTAGATCA-1,1633
616,TGACTAGTCATGTCAG-1,1633
617,AACTGGTAGCATGGCA-1,1633
618,GACACGCTCTGCTAGA-1,1633
619,TTTGGTTAGACAGGCT-1,1633
620,CATGGCGGTAACAGCG-1,1633
621,GACCTGGCACGATCTA-1,1633
622,GCACATATCCTCGCTA-1,1633
623,CTGATCCAGTAGTGCG-1,1633
624,GACGGCTCAACTCGCG-1,1633
625,CGAGCACAGTGGTTAA-1,1633
626,TCGTAGAAGACAGTTA-1,1633
627,CGTGTCTTCATTGCTT-1,1633
628,AGATCTGTCCGTATTT-1,1633
629,ACGGGCTGTTGCAGCC-1,1633
630,CCAATCCCAGCGCATC-1,1633
631,ATGGGAGTCACGAGTT-1,1633
632,TTCTACATCTGGCAGC-1,1633
633,AACTCTTTCTACGGGC-1,1633
634,TTGGAACAGAGCTTCT-1,1633
635,ATTTCTGAGCGTTGCC-1,1633
636,ACGATACGTTGGTGAG-1,1633
637,GACGGCTTCACGCGAC-1,1633
638,CAGAGAGAGTGATTGA-1,1633
639,CAGTCCTAGACAGAGA-1,1633
640,CGACTTCAGGGTTCCC-1,1633
641,GCGCAACTCTCATGTT-1,1633
642,CGAGCACTCCAGACCG-1,1633
643,CTTTGCGTCGCGGACT-1,1633
644,CAAGTTGCAGACACAG-1,1633
645,CAGCTAACATACTGCA-1,1633
646,GATCAGTTCAATAGAG-1,1633
647,TCAGGTAAGTATGACA-1,1633
648,ATCGAGTTCGATAGTC-1,1633
649,CTCGAGGAGAGCTGCA-1,1633
650,TCCACACTCAGTACAC-1,1633
651,GACGTTAAGCCGAACA-1,1633
652,GACTGCGAGTCCAGGA-1,1633
653,TTAGGACGTGCACTTA-1,1633
654,ATGCGATCACTTCTTA-1,1633
655,GCACATATCCACCTTG-1,1633
656,GCGAGAAGTGCTTCCT-1,1633
657,TGTGGTATCCAGGTTA-1,1633
658,AACTGGTTCTGTGAAC-1,1633
659,TCTCTAATCGCGCACA-1,1633
660,AGTAGTCCAAACCGAG-1,1633
661,GATCAGTAGTGGCACA-1,1633
662,AGGCCGTCAACGACTT-1,1633
663,CGGAGTCAGGCATTTC-1,1633
664,GGACATTGTACCGTGC-1,1633
665,ATTTCTGCAGGACCAA-1,1633
666,CTAGAGTTCGAGTATC-1,1633
667,GTTCGGGCATGACCGC-1,1633
668,TCTTCGGAGAATTCCC-1,1633
669,GCCAAATCACAACTTG-1,1633
670,TACTCGCAGACCTAGG-1,1633
671,GGCGACTGTGCCATTA-1,1633
672,GATCTAGAGCAGGTCA-1,1633
673,GGCGTGTGTACCAGTT-1,1633
674,CTAGAGTGTTGCTGAT-1,1633
675,GCAGCCAGTCGCCAAC-1,1633
676,GTAACTGCACTATGCA-1,1633
677,TTAGTTCGTGATTGTC-1,1633
678,GAAGCAGTCTAACACG-1,1633
679,CACTCCAGTTCTTTGT-1,1633
680,CGTCCATAGTCGCCGT-1,1633
681,CAGCATACATAGAGCG-1,1633
682,GTACTTTGTACGTGCC-1,1633
683,CATTATCGTGTCTGTA-1,1633
684,ACACCGGAGCCAGTAG-1,1633
685,GACACGCCAGGCCTTG-1,1633
686,GCTGCTTAGGCAGGTT-1,1633
687,ATCACGAAGATGCGAC-1,1633
688,CCGTGGAAGTCGATAA-1,1633
689,GAATAAGAGGTCGGAT-1,1633
690,TAGCCGGTCTGGTGAT-1,1633
691,GCTGCTTCACGTAGGA-1,1633
692,TCTATTGGTCTTACCC-1,1633
693,CGAGCACAGATGTAAC-1,1633
694,GGCGACTGTCGGAAGT-1,1633
695,CAACTAGGTGGCAACA-1,1633
696,CACCACTAGCACAGGT-1,1633
697,CCATGTCGTCACGCAC-1,1633
698,CTTACCGAGAATGGGA-1,1633
699,ACACCGGCATACAGAA-1,1633
700,TGAAAGACACGTACAT-1,1633
701,CGGAGTCAGATCGGGT-1,1633
702,CTCCTAGGTGATGTGG-1,1633
703,TGCCCTAAGACTAAGT-1,1633
704,ACTGAACTCTATGGTG-1,1633
705,TCAACGAGTAACACTC-1,1633
706,ATCATCTCAACCCAAT-1,1633
707,CGATTGATCGACAACT-1,1633
708,TCCACACCATCCATCC-1,1633
709,GGGAATGAGAACTTCC-1,1633
710,TGACGGCGTTGGAGCA-1,1633
711,CACATTTCAACGGGAT-1,1633
712,TATGCCCGTTTCCTGC-1,1633
713,TCTCTAAAGTAGGCCA-1,1633
714,GATCGCGGTGGATAAT-1,1633
715,ACTATCTAGTCCCGAC-1,1633
716,CACACCTCAACATCAC-1,1633
717,AATCCAGGTCTCGGCA-1,1633
718,CCACGGATCTTCTAAC-1,1633
719,AGACGTTTCTAGAACC-1,1633
720,TTGCGTCAGCCTGATT-1,1633
721,AGCTCCTCAGTCGGAA-1,1633
722,CACACTCAGTGTGATA-1,1633
723,CGGACACCAATCCGTA-1,1633
724,CAGCAGCAGCGCCTCA-1,1633
725,TACGGTAAGGCTCTCG-1,1633
726,GTGTTAGGTTTGTCAG-1,1633
727,TCTGGAATCTTTCGCG-1,1633
728,GGTGTTAAGCGAACTG-1,1637
729,CACAGGCCACATTGGT-1,1637
730,GTATTCTAGAGCTGGT-1,1637
731,ACACCAACACACCTAA-1,1637
732,CCTTACGAGAATGGGA-1,1637
733,ACACCGGAGCCAGAAC-1,1637
734,AGTGAGGGTTAGAATG-1,1637
735,CGATGGCCATGGAGAC-1,1637
736,AGCGTATCATATCGTG-1,1637
737,CGTGAGCAGCACCGCT-1,1637
738,GGGAATGAGCCTATGT-1,1637
739,GATCAGTCATAGGACG-1,1637
740,TGCGGGTCAAATCAGA-1,1637
741,AGTTGGTTCATGGGCC-1,1637
742,GTCACAACATACTTGG-1,1637
743,CCGTACTGTCAGTGGA-1,1637
744,CAGGTGCCACATTCAG-1,1637
745,CGGACTGAGCCCAATT-1,1637
746,AAAGTAGAGGGTTCGA-1,1637
747,ACGATACAGTATGACA-1,1637
748,GTAACGTGTCAGCCGT-1,1637
749,AACCGCGCACAAGCTT-1,1637
750,TTCGAAGAGAAGGGTA-1,1637
751,AGAGTGGTCGTGTGGC-1,1637
752,CCTCAGTTCTGAGATC-1,1637
753,GATCTAGCAGAAAGCC-1,1637
754,CATCGGGTCCTGAAAC-1,1637
755,TTATGCTTCATCAGCA-1,1637
756,CACACCTTCTATTGCT-1,1637
757,CGGCTAGAGTCTAGCT-1,1637
758,CTGCCTAGTAGCAGGT-1,1637
759,CCGTTCACAAAGTAAC-1,1637
760,GGCGTGTGTTTCCTGC-1,1637
761,CTGCGGATCCGAAGCC-1,1638
762,GATCGATCAGAAGAAG-1,1638
763,GCGACCAAGGTACTCT-1,1638
764,GCTGCTTTCTAGCCTC-1,1638
765,CTGTTTAGTCTGGGCT-1,1638
766,CACCAGGAGTGAATTG-1,1638
767,TGGGCGTAGATATGGT-1,1638
768,GATCTAGGTAAGATGT-1,512
769,ATTCTACCAGGTGCAA-1,1651
770,CGCCAAGAGCAGTACG-1,1651
771,GATCAGTTCCAAACCA-1,1651
772,GACGCGTAGGCATTCT-1,1651
773,GACCAATTCGTATCCC-1,1651
774,GTACTTTGTGTAGTTC-1,1651
775,GTTACAGAGGAGTCTG-1,1651
776,CATATTCGTCTAGGGA-1,1651
777,GATCGTATCGTTAGGT-1,1651
778,TTGGCAAAGTTTCCTT-1,1651
779,CTGCGGACAATAACAG-1,1651
780,TGACAACGTCTAGCGC-1,1651
781,CGAGCCAGTTCGGTGC-1,1651
782,AGGGTGACATTGTCTT-1,1651
783,CTGGTCTGTATGAAAC-1,1651
784,ATGAGGGCAAAGCGCA-1,1651
785,TTGCGTCTCTCATCCG-1,1651
786,GCACTCTAGCTAACAA-1,1651
787,CAGCGACGTACCTCGG-1,1651
788,CGAACATCAACAGCCC-1,1651
789,ATGTGTGGTTCTTCGC-1,1651
790,GAGCAGACACAGCCAC-1,1651
791,TTAGTTCAGCGTTGCC-1,1651
792,CACACCTAGACCTAGG-1,1651
793,CGGAGTCGTAACAGCG-1,1651
794,CACAGTACACAAACTC-1,1651
795,ATAAGAGCAGAAGACC-1,1651
796,AGCCTAAAGATTACCC-1,1651
797,TGAGCATCAAGTGTTC-1,1651
798,GTGCATATCTGTGAAC-1,1651
799,GAACGGATCCAGGAAG-1,1651
800,GGATGTTGTGTCCCTT-1,1651
801,ATTGGACTCTGAAGGG-1,1651
802,TGTATTCTCCTACCCA-1,1651
803,GGCGTGTTCTCATACT-1,603
804,TGCTACCCAGGTGCAA-1,1676
805,CGGCTAGCACTGGCCA-1,1676
807,CATCAAGGTCCGGTTG-1,256
808,AGCCTAATCGGTGCAC-1,1688
813,GGATGTTGTGTGATCT-1,1688
814,TACGGTAGTAAGCGCA-1,1688
815,CCATTCGTCAAAGCGG-1,1688
816,GGGTTGCGTGAAGCCA-1,1688
817,TGCTACCAGTCGCGTC-1,1688
818,CAACTAGGTGGTCAAG-1,1688
819,CTGGTCTAGTAGTATG-1,1688
820,CCAGCGATCCAACCGG-1,1688
821,AGAATAGTCCGCACGA-1,1688
822,GCAGTTATCCGTATTT-1,1688
823,ATCGAGTCACAAACTC-1,1688
824,CTTCTCTGTAGTGGCA-1,1688
825,GTAGGCCTCAGCGGCT-1,1688
826,TCACAAGCATAGGACG-1,1688
827,GTGGGTCAGGGTAGGG-1,1688
828,TCCCGATGTCATTACG-1,1688
829,AACCATGGTTGCCACG-1,1688
830,CCTCTGATCGGATCCG-1,1688
831,GCCTCTACATAGCACT-1,1688
832,TACCTTAAGTGACATA-1,1688
833,TAGCCGGCATAGGTCT-1,1688
834,GCAATCACAACGACAG-1,1688
835,CTCGAAAAGATATACG-1,1688
836,CTACCCAGTTGAAGGC-1,1688
837,GTTTCTAGTGTTACGT-1,1688
838,CTGATAGGTGATTGGG-1,1688
839,GTAGTCACATAGGGCA-1,1688
840,CGTGTCTGTGCTTCGG-1,1688
841,GCACTCTCAGCTATGT-1,1688
842,CCTTACGGTAGTTCTG-1,1688
843,TACGGATCACATTGGT-1,1688
846,TAAACCGAGGTCGGAT-1,1706
847,TGACGGCCATGTAGCT-1,1706
849,CCGGTAGGTACCGCTG-1,1706
855,AACACGTCAGACACGA-1,1719
856,TGGGCGTCATTATCGG-1,1719
