,barcode,group
2,TGAGAGGTCTAACACG-1,2107
3,AACTTTCCACATTGGT-1,2107
6,GAAATGAAGGGTCTCC-1,2107
10,CACCTTGGTCATTACG-1,2107
11,CGTTCTGTCTGTATTC-1,2107
13,TGACGGCAGACCACGA-1,2107
14,TGTGTTTGTAACTGTC-1,2107
18,GCGGGTTAGGATATAC-1,2102
22,TACGGTAAGCGGATCA-1,2094
23,ACACTGATCTCATCCG-1,2094
25,GGGTCTGAGGCAACAC-1,2094
26,AAAGCAAGTATAAGTG-1,2094
27,CCGTACTTCTGAAGTC-1,2094
28,CCTAGCTTCGCGGCAT-1,2094
30,CGCTATCCAACATAAG-1,2094
32,TAGGCATGTACGGTGA-1,2094
33,AATCCAGGTCTAACGT-1,2094
37,GTATCTTCACAGCTAT-1,2094
38,AACTCCCCACTTTCCG-1,2094
39,TGTTCCGTCTCTCTAA-1,2094
40,GCTTGAAGTACTACAC-1,2094
41,ACTGAGTGTCAATTCG-1,2094
42,CACAGGCCAGAGGCTA-1,2094
43,GGCAATTTCAATAGGA-1,2094
45,ACTTGTTAGCTTAGAA-1,2094
46,CATCAAGCATAGTGGG-1,2094
47,TGCTGCTGTACTGCTA-1,2094
48,CCGTGGATCGTTGCTC-1,2094
49,GCGGGTTGTTTAGGAA-1,2094
50,AAAGCAACAACGGGAT-1,2094
51,AGGGATGCACGAGCTC-1,2094
52,TTAGGACTCATGTGAC-1,2094
53,TTGGCAACACAGAAAT-1,2094
54,CCACTACAGATATACG-1,2094
55,ATTATCCCATCCACGG-1,2094
57,AGATTGCGTCCGGTTG-1,2094
58,GTCATTTTCGGAGAGT-1,2094
59,TGACAACGTATGACTC-1,2094
60,GTCTTCGTCAAGCCAT-1,2094
61,AGCTCTCGTGACGGTA-1,2094
62,TGCGCAGGTAGTCAAA-1,2094
63,CACACTCAGCGTGAAC-1,2094
64,GTGCGGTTCTGGGCAC-1,2094
65,CGTGTCTAGAGCTGGT-1,2094
66,TGTTCCGCAGATATCC-1,2094
67,TTAGGACAGTGATCGG-1,2094
68,CACCAGGAGAGACTAT-1,2094
69,GCAGTTATCTATGCCC-1,2094
70,AACGTTGAGGAATCGC-1,2094
71,AGTGTCACATTATCGG-1,2094
72,GACGGCTCATGAGGCA-1,2094
73,CCTTTCTAGGGTGTGT-1,2094
74,CTAAGACGTCGTCTTC-1,2094
75,GAAGCAGGTTGTTCAG-1,2094
76,CCCAATCGTTTGCCTC-1,2094
77,CTACACCGTAACGACG-1,2094
78,CACAGGCCATAGGTCT-1,2094
79,GCGAGAACATCCATCC-1,2094
80,ACGGAGAAGAGCGAAA-1,2094
81,CGTGTCTCAGAGGTCA-1,2094
82,CGAATGTTCCTGAAGT-1,2094
83,GGACATTCAACATCAC-1,2094
84,GGACAAGCACGGCTGT-1,2094
85,ATGAGGGAGGTGTGGT-1,2094
86,CCCAATCCACGTATGT-1,2094
87,ATCACGATCCAGACCG-1,2094
88,CAAGATCCACCTCCAT-1,2094
89,CAACCAAAGCGTCAAG-1,2094
90,CACACCTAGCAGATCG-1,2094
91,TATCTCAAGAAGGCCT-1,2094
92,AGGCCACCAGAATTCC-1,2094
93,CTCGAAAAGCTGGTCC-1,2094
94,CAGCGACAGAGCTATA-1,2094
95,GAAGCAGTCCTTCGCA-1,2094
96,CGAGAAGTCCTACCTG-1,2094
97,ATTGGTGTCTTCACAT-1,2094
98,AGGCCACGTGATTACC-1,2094
99,CTGATCCAGTAGATCA-1,2094
100,ACCTTTATCGTAAGGG-1,2094
101,CCATTCGCAAGGCTAG-1,2094
102,GTTTCTAGTTATCCGA-1,2094
103,ACTTACTAGCCAGAAC-1,2094
104,AGGGTGAGTTCCCTAC-1,2094
105,CGGGTCAGTATGCGGA-1,2094
106,ATAAGAGTCAGCAGCC-1,2094
107,CTCGAAAGTGGTAACG-1,2094
108,GCGCAACAGAGTTGGC-1,2094
109,AACTCTTAGATAGCAT-1,2094
110,CCTATTACAAAGTTAG-1,2094
111,CAACCTCAGTAGTGCG-1,2094
112,ACCAGTACATTGCATG-1,2094
113,CTCGAAACAACGTTTG-1,2094
114,CTCTAATAGCCAGTAG-1,2094
115,TAAACCGGTTGGGACA-1,2094
116,CGATGGCCAGCTCATA-1,2094
117,ACGGCCATCCGACCAG-1,2094
118,GTAGGCCGTACAGGAC-1,2094
119,GACGCGTGTACTGCTA-1,2094
120,CATTATCTCTAGACAC-1,2094
121,CCACCTAGTAGCAGTG-1,2094
122,TTAGTTCAGTCTCGTA-1,2094
123,CGCGGTAGTACAAGAT-1,2094
124,TGCCAAACAAACGGGT-1,2094
125,ACGCAGCCAGAGATCG-1,2094
126,ACGGCCAGTTCGTAAC-1,2094
127,GGGTTGCCAACCCACG-1,2094
128,GTGGGTCTCTGGGCTG-1,2094
129,TGCTACCAGCTTAGAA-1,2094
130,CACCTTGTCGCACAGC-1,2094
131,CATATGGTCGTCCCTA-1,2094
132,CGGACGTAGCCCGTGT-1,2094
133,GCCAAATCACTACATG-1,2094
134,CTGAAACAGCGTGAAC-1,2094
135,GCAATCAGTTTCCATT-1,2094
136,CATATGGGTGCTCTGG-1,2094
137,GACCTGGAGCCATGCC-1,2094
138,GCTTCCACAAGGCCCT-1,2094
139,AGAGCGAGTACCTCGG-1,2094
140,CCACTACAGAAGGTGA-1,2094
141,AATCCAGCATGATGCT-1,2094
142,AGATCTGAGGGAAACA-1,2094
143,GTGAAGGAGCCTATGT-1,2094
144,CGATCGGGTTCTGTCC-1,2094
145,CACAAACTCTCCGGAG-1,2094
146,GACTGCGCAAACCCTA-1,2094
147,CGAGCCACACGCCTGA-1,2094
148,CAACTAGAGCAGTCTT-1,2094
149,TGAGAGGAGCTAAGAT-1,2094
150,CAGGTGCCAGAGGCAT-1,2094
151,TCTGAGAAGAGGGATA-1,2094
152,CTGATAGCATTACGCA-1,2094
153,GCATACAAGGTGTGGT-1,2094
154,ATGTGTGAGGCCGAAT-1,2094
155,TCAGGATGTGCCTACG-1,2094
156,GCATGCGCATAGCACT-1,2094
157,GTGGGTCTCACACGGC-1,2094
158,CAAGATCAGAGCAATT-1,2094
159,GAATGAAGTACTCGTA-1,2094
160,ACATCAGCACTTGCTC-1,2094
161,CTGATCCCACGTAGGA-1,2094
162,GCATGATCAAATCGCT-1,2094
163,CGCTATCAGAGCGAAA-1,2094
164,CGGAGCTGTGTCCCTT-1,2094
165,GACGGCTTCCTTGAAG-1,2094
166,TAAGCGTAGGGATTTA-1,2094
167,AACCGCGCATCCACGG-1,2094
168,CAGTAACGTGACCTGC-1,2094
169,CAACCTCGTACCACTA-1,2094
170,AAGGAGCGTTCAAGAA-1,2094
171,ACCCACTCATGTTTCT-1,2094
172,CGCTTCAAGGAAACTT-1,2094
173,AGGGAGTGTAACGTGG-1,2094
174,CCGGTAGTCCGAAGGA-1,2094
175,GTCCTCAAGTCACGCC-1,2094
176,ATCTACTCATTGAAGA-1,2094
177,CGGGTCAAGCCACGTC-1,2094
178,ACATGGTTCTTCTAAC-1,2094
179,GGACGTCTCCTACGAA-1,2094
180,GGCTGGTAGAATGGGA-1,2094
181,GTCAAGTGTGGCAACA-1,2094
182,AAGGCAGAGCAAAGCC-1,2094
183,AGAGCGATCATGACCA-1,2094
184,ATTACTCCAACATGGG-1,2094
185,GAGTCCGAGGATATAC-1,2094
186,CCGTACTAGTGAACGC-1,2094
187,AAACCTGGTGAAGCCA-1,2094
188,CTCGAAAGTTAGAATG-1,2094
189,TTGAACGCATACTGCA-1,2094
190,AGGCCACTCTGTCGAA-1,2094
191,GACGGCTGTCCGAAGA-1,2094
192,CTCGGAGCAATCCTTT-1,2094
193,TATCAGGTCTCGAATG-1,2094
194,TGCGGGTTCGCCTGGA-1,2094
195,CCGGGATCAACCCACG-1,2094
196,CCTAAAGCACCAATGT-1,2094
197,AGAGCGACAGCGATGA-1,2094
198,CTGATCCTCAACAGTC-1,2094
199,AGAGTGGTCGTGCTAA-1,2094
200,CATGGCGCAACCCAAT-1,2094
201,CTCATTACAACGCTTA-1,2094
202,TAGCCGGTCGCGTGGT-1,2094
203,CGAACATAGATAGCAT-1,2094
204,TACGGTAAGGAGTTGC-1,2094
205,TGAGCCGCACAGCTAT-1,2094
206,TAAACCGCACCGGCAT-1,2094
207,TCGAGGCTCGTTGGAT-1,2094
208,ATTACTCCACTCCCTA-1,2094
209,CGATTGACAAGGCCCT-1,2094
210,GACTACACACTCTGGG-1,2094
211,CCATTCGCATGGATTC-1,2094
212,TCAGGTATCCTTATTG-1,2094
213,ACTGCTCCACGACTAT-1,2094
214,TCCCGATCACCACATA-1,2094
215,ATCACGATCGGAGAGT-1,2094
216,TCAGGTATCACGCGAC-1,2094
217,CAAGAAAGTTAACCTG-1,2094
218,CTCTGGTAGTTCGATC-1,2094
219,GTAACTGCAACGGGAT-1,2094
220,ACACCAATCTGCTAGA-1,2094
221,CTAGCCTGTTCCATGA-1,2094
222,ACGAGCCGTGCTGTAT-1,2094
223,AATCCAGTCATTTGCT-1,2094
224,CACAGGCAGGCGACAT-1,2094
225,CTCGAAAAGCTATGCT-1,2094
226,CGTCACTGTACCAAGG-1,2094
227,GAACCTAGTACGTAAA-1,2094
228,TATCAGGGTCTCTATT-1,2094
229,GATCGATGTACTAGGG-1,2094
230,GATCTAGCAACTCACA-1,2094
231,AACTTTCTCCGCTGGA-1,2094
232,TACCTTAGTACAAGGC-1,2094
233,ACTGAACCACGGAATG-1,2094
234,CAGTAACGTTACGGCC-1,2094
235,AAGGTTCGTTTCCATT-1,2094
236,AGAGCTTAGTGTGATA-1,2094
237,GCGCGATTCATCGCAA-1,2094
238,TTGCCGTTCTAGCAGT-1,2094
239,CGGTTAATCTTAGCTT-1,2094
240,CTAGTGATCTCCAGCT-1,2094
241,GTTCTCGAGTCTAGCT-1,2094
242,TTTCCTCGTAACGTGG-1,2094
243,ATCTACTAGTGGTTAA-1,2094
244,CAGCGACGTGACACGA-1,2094
245,CCCAGTTCACCTATGA-1,2094
246,TAGGCATAGGTGTGCA-1,2094
247,TCATTACTCGTTATCT-1,2094
248,GGGACCTAGTAATCCC-1,2094
249,TGGGCGTTCACGATAC-1,2094
250,TTCGAAGCAACATGGG-1,2094
251,TCAATCTCAAGACTTC-1,2094
252,CCACTACGTTGAACAA-1,2094
253,CACATTTAGACTTCCA-1,2094
254,CTCGTCATCATTGTTC-1,2094
255,CAGTAACAGTGAAGTT-1,2094
256,CGGAGCTAGAATTGTG-1,2094
257,GTACGTAAGGGCCATA-1,2094
258,TCAATCTTCCGCCTAT-1,2094
259,AGTCTTTTCCGCTCTA-1,2094
260,CTCGAAACAGTAGGGT-1,2094
261,GTGCTTCAGGAATGGA-1,2094
262,TCTCTAATCTTCTTGA-1,2094
263,ACATGGTTCCCACAAA-1,2094
264,GACCTGGAGGTGTTAA-1,2094
265,ATCACGAAGTGCCATT-1,2094
266,TCGGTAATCCCGGACA-1,2094
267,AAAGATGTCACGATAC-1,2094
268,AGAATAGCATCAGCAT-1,2094
269,AGTCTTTGTTAGTGAA-1,2094
270,ACAGCCGTCAGTACAC-1,2094
271,CTGTTTAGTGACACGA-1,2094
272,GTCACGGGTGCAGGTA-1,2094
273,GTCGGGTGTATTGAAG-1,2094
274,GGGAGATAGTGATTGA-1,2094
275,CACAGGCGTAGGGACT-1,2094
276,TGCCCATTCGGGTCCA-1,2094
277,ATCACGACATTTGTGG-1,2094
278,AGGTCATGTAAGAAGG-1,2094
279,CACACCTAGCTGTTCA-1,2094
280,TTCTACATCGCTAGTA-1,2094
281,ATCTACTCATTCGTTT-1,2094
282,CAACCTCAGACTAGAT-1,2094
283,CTCGTCATCCAACGAT-1,2094
284,AGTAGTCAGGTGCTAG-1,2094
285,AAGGCAGAGACTTGAA-1,2094
286,CGTAGCGTCCACTGCT-1,2094
287,AGGCCGTTCAGCATAC-1,2094
288,GCATGTAAGCTGTTCA-1,2094
289,ATTCTACAGTGACTCT-1,2094
290,ACATCAGAGAGCTGCA-1,2094
291,TTGTAGGCATAGTGTC-1,2094
292,CTCAGAACACGCACGT-1,2094
293,GAATGAACAACGGGAT-1,2094
294,CTTAACTCATCAAGAA-1,2089
295,TCTTTCCCAGCCAAAG-1,2089
296,TTCTTAGAGTTGTAGA-1,2089
302,CGGTTAAGTCCTCCAT-1,2089
304,CCTTTCTAGGCTCTCG-1,2089
306,CAGCTAACACCTGGCA-1,2089
308,AAGGCAGGTCTCTTTA-1,2089
311,CACCACTCACCGAACC-1,2089
315,TGCTACCAGGCCCTCA-1,2089
316,CACATAGTCTAGAACC-1,287
317,TAAGAGAAGCCAGTAG-1,816
318,CTGTTTACAGGTACGA-1,1757
319,GATGAGGTCGTGTACA-1,1757
320,GCTGGGTGTCTCGGCA-1,1757
321,GGCGTGTGTCTCTATT-1,1757
322,CAGCTGGTCTGTATTC-1,1757
324,AGAATAGAGCGTCAAG-1,1757
325,CTCGGGACACTCTTAT-1,1757
326,TACACGATCTCTCTAA-1,1757
327,ATCGAGTAGCAGTACG-1,1757
328,TGAGCCGGTAGTCAAA-1,1757
329,TTAGTTCAGTACGTAA-1,1757
330,GTGCGGTCATACTTGG-1,1757
331,TTGCGTCAGCGCGTCT-1,1757
332,TCGTAGACAAATCAGA-1,1757
333,TTAGGCAGTCTCTATT-1,1757
334,AAGGAGCTCGAGCGTC-1,1757
335,CGTTAGAGTGCCATTA-1,1757
336,GACTGCGAGGGTCTCC-1,616
337,CATCCACGTCTAGGGA-1,342
338,AACTCCCTCTCATACT-1,22
339,ATTTCTGTCACTCATT-1,1687
340,TTTATGCTCACACGTA-1,1687
341,CAAGATCGTCCATGAT-1,1687
342,GAAATGAAGCGATTAA-1,1687
343,CTGCCTAAGTGTACGG-1,1687
344,CTCATTACAACATCAC-1,1687
345,CGCTTCAGTCTCGGTG-1,1687
346,TAGACCATCTACGTGA-1,1687
347,ATCTGCCCAGATCGAG-1,1687
348,TTCGGTCGTGATTACC-1,1687
349,TGAGGGATCCGAGTCG-1,1687
350,CGCGTTTTCTGTATGG-1,1687
351,CGGACTGGTGCCATTA-1,1687
352,CATGGCGGTCCCACAG-1,1687
353,CATATGGGTTAAAGGT-1,1687
354,GTGTTAGGTCATGGCC-1,1687
355,CATTCGCAGCACAGGT-1,1687
356,CGTCACTCACTCTCTG-1,1687
357,GGTGTTAAGGCATTTC-1,1687
358,CCAATCCGTGACGGTA-1,1687
359,GCGCAGTTCAGCCTGG-1,1687
360,ATGTGTGAGCCGTCGT-1,1687
361,TGCGCAGGTTGAGCAG-1,1687
362,GCATACACACTGTATG-1,1687
363,AAACCTGGTCAGTTTG-1,1687
364,CACATAGCACTAGGCC-1,1687
365,GCTCTGTAGCCCTAAT-1,1687
366,ATGTGTGGTCATACTG-1,1687
367,CACACCTCACTACATG-1,1687
368,GACTGCGCAGCGCATC-1,1687
369,AGTTGGTTCTCACCTG-1,1687
370,AGATTGCAGAGAGCTC-1,1687
371,GAATGAACAGTACTCA-1,1687
372,TTTGGTTAGTGAAGTT-1,1687
373,ACTATCTGTAGATCCT-1,1687
374,CGAATGTTCCTCTGCA-1,1687
375,CGCTATCCAGATGAAT-1,1687
376,CGAGCACGTCATTACG-1,1687
377,GCATACAGTCAACCTA-1,1687
378,AACTCTTTCGATAAGA-1,1687
379,CATATTCCACGCGATC-1,1687
380,GTGCATACATATGTGC-1,1687
381,GTGCTTCCAGACTTGT-1,1687
382,CTAACTTAGCGTGAAC-1,1687
383,ACTGAGTAGGCCCTTG-1,1687
384,TGCCAAAAGACACGAC-1,1687
385,ACTATCTGTGACCCAC-1,1687
386,CACCTTGCATGATAAG-1,1687
387,CATGACATCAGGACAG-1,1687
388,CCTTCGATCACTCATT-1,1687
389,AGATCTGGTCAACCTA-1,1687
390,AGCAGCCCAACATAGA-1,1687
391,TGCTACCAGTCGTCCG-1,1687
392,TGTTCCGCATTACGCA-1,1687
393,CAGTAACCATTGCATG-1,1687
394,GAGTCCGCAAGGTGAC-1,1687
395,TCCACACGTTATGCGT-1,1687
396,GACGCGTGTCCATGAT-1,1687
397,TAGTGGTTCCTCTCAG-1,1687
398,CCTACCAAGGTATCGG-1,1687
399,ACGCCAGCACCCTCTA-1,1687
400,TATCTCATCGTGAGGA-1,1687
401,ACGGCCAGTGTTACGT-1,1687
402,CGCTGGAGTCCCTGGA-1,1687
403,ACTTACTTCTGTATTC-1,1687
404,ATTGGACAGCCAGAAC-1,1687
405,AAGCCGCTCCACTCGT-1,1687
406,AAGTCTGGTAATATGG-1,1687
407,GCGCAACCAGCGCTTG-1,1687
408,CCTCAGTAGTGAAGAG-1,1687
409,GTCGGGTGTACAACGG-1,1687
410,ATGTGTGTCCTTGAAG-1,1687
411,GAACATCAGCCCAGCT-1,1687
412,TACTCGCCACTTGAGT-1,1687
413,CCACTACTCATTTCGT-1,1687
414,TAAACCGAGGCGCTCT-1,1687
415,TTAGGACAGTGTCCAT-1,1687
416,TTCTACAAGCTGTCTA-1,1687
417,TAAGCGTAGGTGTGCA-1,1687
418,TAGGCATGTAGGGTGT-1,1687
419,AGATTGCAGAAGCCCA-1,1687
420,CATCCACCAATAGGAT-1,1687
421,CGCTGGAGTCTTCGTC-1,1687
422,CAAGGCCAGTACAGTA-1,1687
423,CAGCATAAGGTGTTAA-1,1687
424,ATTGGTGAGTGCGTGA-1,1687
425,GCTGCGACAGCTCATA-1,1687
426,CCTTACGCAGACTCCG-1,1687
427,CGGAGCTTCCAACAAC-1,1687
428,CGATGGCGTTGAACTC-1,1687
429,TATCAGGTCCGGCTAG-1,1687
430,GGTGTTATCGTTAAGC-1,1687
431,TCTTCGGTCAGAGTAA-1,1687
432,TGACAACTCATCTTTG-1,1687
433,TGGACGCTCCGCTGAG-1,1687
434,ACGATGTTCACCAGCG-1,1687
435,TATCTCATCGCCAACG-1,1687
436,ACGGAGAGTTGCACTA-1,1687
437,GGAATAACAACGTCTA-1,1687
438,TTGCGTCAGGAATCGC-1,1687
439,GGGAGATAGAAGGGTA-1,1687
440,TCTGAGACAAAGCGCA-1,1687
441,ACTTACTCATTACGCA-1,1687
442,CCGTGGATCTAACGTG-1,1687
443,GTGCATAAGGGTAACC-1,1687
444,TTGAACGCAACGCTTA-1,1687
445,CCATTCGCACCACACG-1,1687
446,GCCTCTAGTCCGGGTT-1,1687
447,CGAGCCAGTAGTGGCA-1,1687
448,AAGTCTGTCCTGACAA-1,1687
449,AGAGCTTGTGACGGTA-1,1687
450,GCGCAACCACGCACCA-1,1687
451,TCGGGACAGCAGGTCA-1,1687
452,ACATGGTTCGTAGCGC-1,1687
453,CATTATCCATACGTCA-1,1687
454,AGCCTAAAGGCAGTCA-1,1687
455,TTGACTTGTAACTGTC-1,1687
456,CAAGATCTCCCTGAGG-1,1694
457,TCACGAATCCACCGGA-1,1694
458,CTTACCGGTTACTGAC-1,1694
459,GTAGTCACATCCTGGG-1,1694
460,CCGGTAGAGAGTAGCC-1,1694
461,TACCTTATCGAGTTGT-1,1694
462,GGCAATTCATTATCCT-1,1694
463,AGTGAGGCACTCTCTG-1,1694
464,CTACACCTCCAAACCA-1,1694
465,AAGGAGCAGATATACG-1,1694
466,GCGCAACGTTTGTCAG-1,1694
467,TCTTCGGGTACCTAGT-1,1694
468,CATCGGGCACGCACGT-1,1694
469,CTCAGAAGTCCGCAGT-1,1694
470,GTATTCTTCATTCGCC-1,1694
471,TGATTTCTCTAGAACC-1,1694
472,CGATTGACAGCGGTCT-1,1694
473,GGAACTTGTGGCCTGT-1,1694
474,CACCTTGTCATCGCAA-1,1694
475,TGATTTCTCAAGTTGC-1,1694
476,TGACGGCAGATCACTC-1,1694
477,TTATGCTCAATGGGAC-1,1694
478,TGAGAGGGTTGGGCAA-1,1694
479,AAACCTGAGAATGTTG-1,1694
480,GCTTGAAAGATATACG-1,1694
481,GGATGTTTCTGAAGCT-1,1694
482,GTACTTTTCGTTAGGT-1,1694
483,GTATCTTAGCGCTCAC-1,1694
484,AGTGAGGTCCGGTTCT-1,1694
485,CACAGTACAACGGGAT-1,1694
487,AACCATGCAGAGGTCA-1,1694
488,AAGACCTAGAGTCTGG-1,1694
489,GGGACCTAGACTCGGA-1,1694
490,GTGCATAGTTGTCACA-1,1694
491,GTAGTCAGTGCTCGAC-1,1694
492,AGATTGCGTGATATGA-1,1694
493,AGAGCGAAGCTCTCGG-1,1694
494,TATCTCAAGCAGATCG-1,1694
495,TGCGCAGCAAAGCGCA-1,1694
496,TGGTTAGGTCCTCCAT-1,1694
497,GGGTCTGAGCACAGGT-1,1694
498,CTCGAAACAATACTGC-1,1694
499,TCAGATGCACAAGCGA-1,1694
500,TATCAGGAGAAGCCCA-1,1694
501,CCAGCGATCTAGCAGT-1,1694
502,GACTGCGTCCGCTGAG-1,1694
503,GAAATGAGTAAGTGTA-1,1694
504,CTAAGACGTCCGAATT-1,1694
505,CACATAGCAATGGCAG-1,1694
506,CCTAAAGAGAGCTATA-1,1694
507,AGGTCCGTCGTTACCC-1,1694
508,TGCGCAGCATGCCGCA-1,1694
509,GAAGCAGGTGTAAAGT-1,1694
510,GTACGTAAGGTAAACT-1,1694
511,ATCACGAAGAGTAGCC-1,1694
512,GATCGATAGAAGGACA-1,1694
513,GGTGTTAAGGTAAACT-1,1694
514,ACATGGTGTTGGCGTC-1,1694
515,CCGTTCAAGGCTCAGA-1,1694
516,GCTGGGTGTAGGCTGA-1,1694
517,CACCAGGAGCGCCTTG-1,1694
518,CGAGCCAAGCTAGCCC-1,1694
519,GATGCTAGTAGACGAC-1,1694
520,TCGGTAACAGGTCAAG-1,1694
521,GGAATAAGTATCTCTT-1,1694
522,GCGCGATCAATACTGC-1,1694
523,GGGATGAAGGCCCGTT-1,1694
524,TGTTCCGAGAAACGCC-1,1694
525,TAGAGCTTCTTGCGGG-1,1694
526,TCAGATGAGTTCGCAT-1,1694
527,CTTACCGTCACGGTAT-1,1694
528,ATGCGATAGAATGGGA-1,1694
529,GCATACAAGGACAGAA-1,1694
530,GGGAATGGTCCGGTTG-1,1694
531,ACATACGAGAAAGTGG-1,1694
532,CCTTTCTTCTACACCC-1,1694
533,ATCTACTGTCCCGACA-1,1694
534,CACCTTGGTGGTCAAG-1,1694
535,CCTAGCTTCTAACACG-1,1694
536,GCGCCAATCAGAAACA-1,1694
537,CAGAGAGGTCGTCTTC-1,1694
538,CGGCTAGGTTGCAGCC-1,1694
539,ATGCGATAGTACGCCC-1,1694
540,CTTAGGAGTAACGAGC-1,1694
541,CTCTGGTCACTGGCCA-1,1694
542,ACATGGTGTTAGCTCA-1,1694
543,CATTATCAGGGATTCG-1,1694
544,TTCGGTCAGGCAGGTT-1,1694
545,GAAGCAGTCTGCTGAA-1,1694
546,TTGGCAAAGATCGGGT-1,1694
547,CACCACTAGTGGAGTC-1,1694
548,TTAGGCAAGGCGATAC-1,1694
549,CACATTTCATGGCTCG-1,1694
550,CCTACACCAACCGGAA-1,1694
551,AAAGATGCAAGACTTC-1,1694
552,TACCTTATCGATAGTC-1,1694
553,TGCCCTAAGATTACCC-1,1694
554,TGACAACCATGTTGCA-1,1694
555,AGGGAGTTCGGAGAGT-1,1694
556,AATCGGTGTTATGCGT-1,1694
557,CCTAGCTGTGGCAAAC-1,1694
558,CGGACACCAGAGGCAT-1,1694
559,GCAATCACATTCAGCA-1,1694
560,CACAAACAGTGACATA-1,1694
561,CGTTCTGGTACGCGAA-1,1694
562,AGCGTATCATGAGGGT-1,1694
563,CCACGGATCTGGTAGT-1,1694
564,CGGGTCATCCGACCAG-1,1694
565,CTACCCAGTACAAGAT-1,1694
566,GCACATAAGATCCCGC-1,1694
567,CGTTAGAGTGTCCCTT-1,1694
568,CTAGTGATCTTGGATG-1,1694
569,GATCGATCATGCGTGC-1,1694
570,GATCAGTTCTGGGCAC-1,1694
571,TTCCCAGGTACTTGCA-1,1694
572,TTCCCAGGTTGTAGCT-1,1694
573,AGGGAGTAGTTCCACA-1,1694
574,TAGCCGGTCTGGTCCT-1,1694
575,AAGACCTCAAGTACAA-1,1694
576,TCCCGATTCAGAGCGA-1,1694
577,AGGGATGGTCTCTTTA-1,1694
578,GAGTCCGGTTGGGCAA-1,1694
579,AACACGTAGGCATTTC-1,1694
580,CTAGAGTTCGCGTGGT-1,1694
581,TGCGGGTCATTTGCGA-1,1694
582,GCTTGAAAGCTAGGCA-1,1694
583,TGCCAAACATTACGCA-1,1694
584,ACGCCAGCAAAGTAAC-1,1694
585,TATGCCCCAACTAGTC-1,1694
586,CTCGTCAAGGTGCAAC-1,1694
587,CTCTAATCAGATCCCG-1,1694
588,ACCTTTAAGAGGTTAT-1,1694
589,GCTCCTATCAGAAACA-1,1694
590,TTGGCAAAGCAATCTC-1,1694
591,CGTCACTAGCTCAACT-1,1694
592,CAGCATACAGATCGAG-1,1694
593,AGTGTCAGTGACCCAC-1,1694
594,TTCTACAGTTCCCTAC-1,1694
595,TAAGCGTTCAACAGCT-1,1694
596,CTCGAAAAGTAAGTAC-1,1694
597,CTTACCGCACTCTCTG-1,1694
598,TGGTTAGTCGGATGCC-1,1694
599,GTAGGCCTCTCGGAAT-1,1694
600,TAGTTGGTCTGATCAG-1,1694
601,CAGCCGACACTCTCTG-1,1694
602,ACTGTCCCAAGTGCAG-1,1694
603,TCATTACGTCGCTTCT-1,1694
604,GCATACACAACAGTGG-1,1694
605,TGAGCATCATGATAAG-1,1694
606,ACCCACTAGTGGAGTC-1,1694
607,CGTAGCGCAGTGAAAT-1,1694
608,CTTAGGAAGTGGTTAA-1,1694
609,ACGGAGACAACACCGC-1,1694
610,ACCGTAATCTGAAGTC-1,1694
611,AGTAGTCGTACAACGG-1,1694
612,TCTGGAAGTAGACCAG-1,1694
613,AAACCTGAGTATGACA-1,1694
614,ACGCCGAGTCTTCGTC-1,1694
615,GTATTCTAGAAGATTC-1,1694
616,ACTTACTAGACCCACC-1,1694
617,CGGGTCAGTCGCGTAC-1,1694
618,TAAGTGCTCCAACCGG-1,1694
619,TACCTATCAACCTGAT-1,1694
620,AAAGTAGGTTTGCCTC-1,1694
621,TCATTACTCCTGAAGT-1,1694
622,GGGACCTGTCCGATGC-1,1694
623,GTCGGGTGTCTTACCC-1,1694
624,CAACTAGTCGCCAACG-1,1694
625,CGGACACGTCTAACGT-1,1694
626,CAGCCGAGTCACGCAC-1,1694
627,CTGAAGTCATTTGTGG-1,1694
628,CGACCTTTCCTTGAAG-1,1694
629,AAACGGGAGACAGAGA-1,1694
630,GATTCAGAGATGTCTC-1,1694
631,CGGAGTCGTAGAACAT-1,1694
632,CTGATCCTCAGGGACA-1,1694
633,TGTGTTTCATTCCGAA-1,1694
634,CGATTGAGTACCAGTT-1,1694
635,CGTCCATTCAGGACTT-1,1694
636,CGATTGATCGAGGAGT-1,1694
637,GGAACTTTCGACAACT-1,1694
638,AGCATACTCTTCACGC-1,1694
639,TTGACTTTCCGCTCTA-1,1694
640,GAACCTAGTCAACTGT-1,1694
641,GCCTCTAGTATGTAGA-1,1694
642,ACGAGCCAGACCACGA-1,1694
643,TTCTACAAGTGCGATG-1,1694
644,CGCGTTTGTCTTCACC-1,1694
645,TTTGGTTCAATGTAGA-1,1694
646,TGACTTTTCGGAGAGT-1,1694
647,CACCACTTCTTGCTTA-1,1694
648,CGGGTCACAGACTCCG-1,1694
649,CTCAGAAGTAGAATAC-1,1694
650,CTCGAGGTCTTCCGAC-1,1694
651,ATTTCTGCAACCTGAT-1,1694
652,TCCCGATCATCTTTCA-1,1694
653,GATCGTATCCTGACAA-1,1694
654,GTGCAGCTCTCCATGC-1,1694
655,AGTGGGATCATCGGTA-1,1703
656,CCGTACTAGTGAAGAG-1,1703
657,GTCACAATCTACATGG-1,1703
658,AAATGCCTCACACGTA-1,1703
659,ATGAGGGCACTTCAGA-1,1703
660,TTCTCCTGTACAACGG-1,1703
661,CTCACACTCAGTGAAA-1,1703
662,GCATGTAGTGCGGTAA-1,1703
663,TTTGCGCTCGCTATTT-1,1703
664,AGAGCGAGTACCGCTG-1,1703
665,GTGGGTCCAAATGATG-1,1703
666,CCCATACTCTTTCGTA-1,1703
667,GGAAAGCTCTAAGACC-1,1703
668,TACCTTACATCAAGAA-1,1703
669,GCTTGAAAGCAGCCCT-1,1703
670,CAAGGCCGTCGCGTCA-1,1703
671,ACCTTTACAAGACGAC-1,1703
672,CATATTCAGGCTAGGT-1,1703
673,CATGACAGTACAGGAC-1,1703
674,CAGCCGATCACACTAG-1,1703
675,ATAGACCAGCCCAATT-1,1703
676,CGTCAGGAGTGCTGCC-1,1703
677,GATGCTATCAAGTTGC-1,1703
678,ATCCGAACAGCCAAAG-1,1703
679,TGGTTAGCAAGAACTA-1,1703
680,CTCTACGTCCACTTCG-1,1703
681,TGGCCAGTCACAGCCG-1,1703
682,GATCGTACACGGAGTA-1,1703
683,GCAGTTACAGATGAAT-1,1703
684,TCTGGAAGTAACTGTC-1,1703
685,CACAGGCCACCAATAC-1,1703
686,ACACCGGGTGCATGAG-1,1703
687,CACATAGTCACCATCC-1,1703
688,GCTTCCAAGCATGAGC-1,1703
689,GGGTCTGAGTCGAGTG-1,1703
690,ATCCACCGTCATCTAG-1,1703
691,GTAACTGGTCCGAAGA-1,1703
692,TCAGCTCCAACGTTTG-1,1703
693,CAAGAAAGTGCTATTG-1,1703
694,TGGGCGTGTACCTCGG-1,1703
695,CCGTACTCATACGTTG-1,1703
696,TGAGAGGAGTGTGAAT-1,1703
697,AGCGGTCTCCAACGTA-1,1703
698,GACACGCAGTGGCACA-1,1703
699,GTGCTTCCACTCCGAG-1,1703
700,TTGGAACTCATGGTGT-1,1703
701,CAGCATATCATAGGAA-1,1703
702,CTTAACTGTTTGGGCC-1,1703
703,CAACTAGCATTACTTC-1,1703
704,GGGCATCGTGCGCTTG-1,1703
705,TACACGATCAGTGAAA-1,1703
706,TATCAGGCACCCGTTT-1,1703
707,GTGCATAAGCCAGTTT-1,1703
708,CGAATGTGTTTGGCTA-1,1703
709,ACCTTTAAGTCTAGCT-1,1703
710,GATGAGGGTTTCCTGC-1,1703
711,TGCCCATTCTCGAACA-1,1703
712,CATGCCTTCACACCTC-1,1703
713,TAGCCGGAGAATGTGT-1,1703
714,GAATAAGAGCTAGCCC-1,1703
715,CGTAGGCCACGGAATG-1,1703
716,AATCGGTTCCGTTAAG-1,1703
717,GTCAAGTAGACCTTTG-1,1703
718,CCGTGGAAGGTGACCA-1,1703
719,TACTCGCGTACTCACA-1,1703
720,CCTCAGTAGATACACA-1,1703
721,CTCAGAACAAGACGCA-1,1703
722,CACACAAAGGACACCA-1,1703
723,TTTCCTCGTGCAGGTA-1,1703
724,ATGTGTGCAGATGAAT-1,1703
725,TAGAGCTTCTACAGCA-1,1703
726,TGCGCAGCAACACGTT-1,1703
727,TGCGGGTAGCAGCGTA-1,1703
728,AATCCAGCAGTGCTGC-1,1703
729,AAGGAGCTCTCAGCGG-1,1703
730,CGCGGTACAACGTCTA-1,1703
731,TTGTAGGGTAGACGAC-1,1703
732,CGGCTAGGTTTACTCT-1,1703
733,TGCCAAATCGATTGCA-1,1703
734,CTGATAGAGTCGAGTG-1,1703
735,AGCTCCTAGTGGTAAT-1,1703
736,CGAATGTGTTCAGGTT-1,1703
737,CAACTAGTCTCGGTTC-1,1703
738,CCACTACGTAGTAGTA-1,1703
739,TGTCCCACAAGCTATC-1,1703
740,TTTGCGCCACGGAGTA-1,1703
741,TAGTGGTTCACACGGC-1,1703
742,CTACGTCGTAACACTC-1,1703
743,GCGGGTTTCAGCCCGA-1,1703
744,AGTGAGGCATGCCGCA-1,1703
745,GAAATGACAGATCCCG-1,1703
746,TCTGGAAGTGCGTCAC-1,1703
747,ACCCACTTCCACCTTG-1,1703
748,CTGAAGTTCATCGCAA-1,1703
749,TACTCATGTATTCGTG-1,1703
750,TGACAACAGACTAAGT-1,1703
751,TCAGGATCAACGAAAT-1,1703
752,CAGCATATCTATGCCC-1,1703
753,CGACTTCGTGATTACC-1,1703
754,TCATTACCAGGGACTA-1,1703
755,ATTGGACAGTACTTGC-1,1703
756,TGCCCATAGCCTGATT-1,1703
757,ACGGGTCAGTCCGTAT-1,1703
758,CAACTAGCACACCTAA-1,1703
759,TTCTCCTAGCATCTTG-1,1703
760,TTTGTCAGTCTCTATT-1,1703
761,CCGTTCACAGGTTAAA-1,1703
762,CTTGGCTTCTACATGG-1,1703
763,GATCTAGTCGCGAGAA-1,1703
764,TCTGAGATCTCATGTT-1,1703
765,TGAGCATCATACGTTG-1,1703
766,GTGCGGTTCCAACAAC-1,1703
767,ACTGAACCACAAACTC-1,1703
768,TAAGAGATCCGAAGCC-1,1703
769,ACGAGGAGTACTCACA-1,1703
770,AGAATAGAGAATCGTA-1,1703
771,AGTGTCATCCGTCTAC-1,1703
772,TACTCGCTCTACGGCG-1,1703
773,AGGGAGTCACCACATA-1,1703
774,GCTCCTAAGGATATAC-1,1703
775,AAGGAGCCAGTCCCTT-1,1703
776,TTAGGACGTCAGAAGC-1,1703
777,CAGTCCTGTTCTAGAC-1,1703
778,TACGGATAGCCAGAAC-1,1703
779,GGATTACGTACCAGTT-1,1703
780,AGCGGTCTCCGGCTAG-1,1703
781,CATCCACGTATCTCTT-1,1703
782,CCTTCCCTCTGCCGTT-1,1703
783,ATTGGACCATGTTGCA-1,1703
784,TGAGAGGGTAACTAAG-1,1703
785,GCGACCACAACCTCAA-1,1703
786,TTGGCAATCCTAGACA-1,1703
787,GAATAAGTCACGTTAG-1,1703
788,CCATGTCTCACTGTTT-1,1703
789,TGCCCTAAGTGGTAAT-1,1703
790,GGGACCTAGTGTCCAT-1,1703
791,ATTGGTGAGTAAGTAC-1,1703
792,ATAGACCAGCTAAACA-1,1703
793,CTCGGGAGTACGTTTG-1,1703
794,CTAACTTTCGTGTGGC-1,1703
795,GCGAGAATCACTATGG-1,1703
796,GTATCTTAGCCTATGT-1,1703
797,GAGTCCGCAAACTCAC-1,1703
798,TCTCATAGTAACTGTC-1,1703
799,AAAGATGCACTTGCAA-1,1703
800,ACACCGGTCGTTGCTC-1,1703
801,CGCCAAGCATTACGCA-1,1703
802,CTCCTAGTCATCTCCG-1,1703
803,AACTTTCAGCAGTCTT-1,1703
804,TAAGCGTGTTGGTATC-1,1703
805,CTGTTTATCGTTATTC-1,1703
806,ATTTCTGGTTCTTTGT-1,1703
807,AGCGTATCACTTGTTT-1,1703
808,TCAATCTGTAAACCTC-1,1703
809,AGGCCACTCACTACAG-1,1703
810,TCTTCGGGTACCACTA-1,1703
811,GTTCATTTCATCGCAA-1,1703
812,TGACAACGTCAAGTTC-1,1703
813,ACATCAGTCGGTGCGT-1,1703
814,TGCGCAGGTTACTGAC-1,1703
815,TGGCCAGTCTACCGAA-1,1703
816,GCAGCCACAACGGGAT-1,1703
817,ACCTTTAAGTGGCACA-1,1703
818,TGTATTCTCTTCCGAC-1,1703
819,AGTGTCAAGACCTTTG-1,1703
820,TGTATTCTCCGTTAAG-1,1703
821,GAGTCCGAGCTTTGGT-1,1703
822,CTCACACGTCTGCGCA-1,1703
823,ATGCGATAGCATGGCA-1,1703
824,TACAGTGTCGAGCCGT-1,1703
825,ACAGCCGGTTCGATTG-1,1703
826,TCGTACCGTCCGCAAC-1,1703
827,TTCTACAGTGATTACC-1,1703
828,AGATCTGCATAACAAG-1,1703
829,CAGTAACCATAGTGAA-1,1703
830,ACGGCCAGTCAACCTA-1,1703
831,TCAACGAAGTACTTGC-1,1703
832,GCTCCTAGTGACCCAC-1,1703
833,TGACTAGCATTCAGCA-1,1703
834,AAGGAGCCACGGAGTA-1,1703
835,GTACTTTCAAAGTTAG-1,1703
836,TGACGGCCAGCTATGT-1,1703
837,GATCAGTCAAGTGAGC-1,1703
838,CAGCTGGAGAGGTACC-1,1703
839,GCGCAACTCCCAAGCG-1,1703
840,CACTCCAAGAAACCAT-1,1703
841,GACGGCTAGGAGTACC-1,1703
842,GGGTTGCTCCACGATA-1,1703
843,TGCGGGTAGGATGTCG-1,1707
844,ACGATGTGTTACGCGC-1,1707
845,CAGTCCTCAGAGCTCC-1,1707
846,TTAGGCAGTAGGGACT-1,1707
847,ACACCCTCATCTCAAG-1,1707
848,AGCATACGTCAAGTTC-1,1707
849,TCAGGTAGTAGACCAG-1,1707
850,ATAAGAGGTCAACTCA-1,1707
851,CACAAACTCACTGTTT-1,1707
852,CTGATAGAGAGGGATA-1,1707
853,ATCATGGCAAATTCCG-1,1708
854,CTACGTCAGTGATCGG-1,1708
855,TTAGGACAGCTTTGGT-1,1708
856,CATCGAATCAGGACAG-1,1708
857,CTAGCCTGTACTTGCA-1,1708
858,CACATTTGTTGGGACA-1,1708
859,GACGTTATCAGGACTT-1,1708
860,AACTGGTGTGACTGAG-1,1708
861,TGTTCCGGTGGTAACG-1,1708
862,ACGTCAAAGGAATCGC-1,1708
863,CAGCTGGGTCAGAAGC-1,1708
864,GATCAGTGTAACTAAG-1,1708
865,ACCGTAACACTAACTG-1,1708
866,CCACGGAGTTTGTCAG-1,1708
867,GCGCAACGTTTGGCGC-1,1708
868,AAAGCAACACGAGATG-1,1708
869,CGATGTAGTAACTAAG-1,1708
870,GGGACCTTCTAGCTAG-1,1708
871,TAGACCAAGCTTTGGT-1,1708
872,TGAAAGAAGATCGGGT-1,1708
873,AAAGATGAGTCACGCC-1,1708
874,CTTGGCTGTCAGAAGC-1,1708
875,TACTTGTGTTAGAATG-1,1708
876,CATGACACAGTGGATG-1,1708
877,GTAACTGGTCCTTGGG-1,1708
878,AGCATACAGGCACATG-1,1708
879,AGCTTGATCTGGGCAC-1,1708
880,CTGCCTAAGCTAGTTC-1,1708
881,TACGGGCAGGCAGGTT-1,1708
882,AGAATAGTCAGAGTCT-1,1708
883,AGTTGGTGTGCTTCCT-1,1708
884,TGCTGCTAGACTAAGT-1,1708
885,TTTCCTCAGCGATTAA-1,1708
886,ATAAGAGAGTGCGATG-1,1708
887,TTCTTAGTCCTACCCA-1,1708
888,ATTCTACCAGCCAAAG-1,1708
889,ATGCGATGTACTTGCA-1,1708
890,TTCTCAATCCAAGGGA-1,1708
891,GCGGGTTCAAATCGCT-1,1708
892,CCACCTAAGCGCCTCA-1,1708
893,TGAGCCGGTGGTCAGA-1,1708
894,TTGCGTCAGGGTTCCC-1,1708
895,CTACACCGTTTCCATT-1,1708
896,CATCGGGGTGTCTGTA-1,1708
897,CAGCATACAAGCACGA-1,1708
898,GTCTCGTCAACCCAAT-1,1708
899,AAACCTGGTCTTGCGG-1,1708
900,CCACCTAAGTGGAGTC-1,1708
901,GATCGTAAGCGATCCC-1,1708
902,CTCGAAAAGACTGGCA-1,1708
903,TAAGCGTTCACCACGG-1,1708
904,ACCTTTACAGGACCAA-1,1708
905,ACGGAGATCTGGGCTG-1,1708
906,CTCTACGGTACTCCGG-1,1708
907,TCACGAAAGGTTCCTA-1,1708
908,GTGGGTCGTGGCAAAC-1,1708
909,TCCACACTCCATTTGT-1,1708
911,ATTGGACGTAACGGCA-1,1708
912,ACTTTCAAGCTCAACT-1,1708
913,GATGAGGCACGTGGCT-1,1708
914,CCTAGCTCATCCGGCA-1,1720
915,CCTTCCCCATTATCCT-1,1720
916,CTGATAGAGCCACCTG-1,1720
917,GTTACAGTCTGTGGCG-1,1720
918,GGCGACTCAGACTCCG-1,725
919,GCATGCGCAACACTTG-1,659
920,GACAGAGTCGTGTCAA-1,1669
921,TTCTCCTCAGCTTGAT-1,1669
922,AGTAGTCAGATGTGGC-1,180
923,CCGGGATAGCAGTAGC-1,1830
924,TACTTGTAGACGTCGA-1,1830
925,GACGTTAAGTTTGGCT-1,1830
926,CTAGTGATCTTGCGAA-1,1830
927,CCTACCATCGGAGAAC-1,1830
928,CGAGAAGTCAGAGCGA-1,1830
929,TGTGTTTAGAAGGGTA-1,1830
930,TGAGGGACACGTGCGT-1,1830
931,CACATAGAGCCCAACC-1,1830
932,ACTGATGTCTGAAGTC-1,1830
933,TGAGCATCATGCCGGT-1,1830
934,CATGGCGGTCTAACGT-1,1830
935,GCCTCTAAGCGCCTTG-1,1830
936,CGAGCCACATTGTCTT-1,1830
937,AGGGTGAAGCTAACTC-1,1830
938,GTTCGGGGTGAGTCAG-1,1830
939,AAAGCAAAGGTGTGTG-1,1830
940,ACTGATGAGCGAGAAA-1,1830
941,CGGACACAGCTGTTCA-1,1830
942,GGCTGGTAGCTGAACG-1,1830
943,CCTAAAGAGAGTCCTT-1,1830
944,CATATGGTCTGAAGGG-1,1830
945,TTCCCAGTCTAAGTGC-1,1830
946,GTGTGCGCAGACGAGT-1,1830
947,GATTCAGAGGGAACGG-1,1830
948,GCATACAGTCTGCCAG-1,1830
949,GCGACCAGTTCAGTAC-1,1830
950,TGTGTTTAGGTATCGG-1,1830
951,CCTCTGAAGCGTTGCC-1,1830
953,CGTTAGAAGGCACATG-1,1830
954,GACGCGTTCGAGTACT-1,1830
955,GTCCTCAGTAGTGACG-1,1830
956,TTCCCAGCAGCGATGA-1,1830
957,CTTAGGAGTAGTTCTG-1,1830
958,CAGCATAAGAAAGTGG-1,1830
959,CTACGTCTCCTACGAA-1,1830
960,GCTTCCAGTGGGCCTT-1,1830
961,GTGGGTCAGATTCACC-1,1830
962,TCGTAGAAGAGGACGG-1,1830
963,GCATGATCAGAATTCC-1,1830
964,ACATGGTGTAAGTAAC-1,1830
965,CCTATTATCTCGTCTG-1,1830
966,CTGTGCTTCAGCAGCC-1,1830
967,ATGAGGGAGTCGTGTT-1,1830
968,CGAATGTAGGGAACGG-1,1830
969,GGCTGGTAGGGTGTTG-1,1830
970,CGATGGCAGGCATTTC-1,1830
971,AATCGGTAGTGTACGG-1,1830
972,TGCGTGGGTGGTACAG-1,1830
973,ACGAGCCCAAATTCCG-1,1830
974,TAAGCGTCACGCTGAC-1,1830
975,CAGTCCTGTCCGCAGT-1,1830
976,CCGTTCATCACTGCGG-1,1830
977,TTCTCAATCGGAGTTT-1,1830
978,TGGCGCAGTGGAAGGG-1,1830
979,GCTTGAAGTAGGGACT-1,1830
980,TGGCCAGAGCGTTGCC-1,1830
981,GTCTCGTGTACCGTCG-1,1830
983,GGGTCTGCACGACTAT-1,1830
984,CCATGTCGTTACGCGC-1,1830
985,GCGAGAAGTTGGCGTC-1,1830
986,CTCTACGGTATGTACC-1,1830
987,TGGGAAGGTAGGTTTC-1,1830
988,ACACCAACAACGTCTA-1,1830
989,AGGGAGTTCTTCCGAC-1,1830
990,GGATTACGTGATGTGG-1,1830
991,ATCATCTTCGTTAGGT-1,1830
992,GGGACCTTCCGCACGA-1,1830
993,CTAGCCTGTGGAAGGG-1,1830
994,CTCACACTCCGGCTAG-1,1830
995,TGCGCAGTCCTCTGTG-1,1830
996,GTATTCTTCGTTAAGC-1,1830
997,CCTCAGTTCGTGCTAA-1,1830
998,AATCCAGGTGATAAGT-1,1830
999,CAGGTGCAGTGTACGG-1,1830
1000,ACTGTCCTCTTTCGCG-1,1830
1001,CAGAGAGTCAGCAGCC-1,1830
1002,GTAGTCACATGCCGCA-1,1830
1003,TGTTCCGAGTTTCTGG-1,1830
1004,CAGCTGGAGTGCTGCC-1,1830
1005,TACGGGCGTGATTTGC-1,1830
1006,TGATTTCGTGATCCTA-1,1830
1007,CCACGGACATAGAGCG-1,1830
1008,GTTACAGCAGTGAAAT-1,1830
1009,GGGTCTGGTTCAAGGG-1,1830
1010,AACCATGAGAGCCCAA-1,1830
1011,AACTGGTCACAAGGAC-1,1830
1012,GAATAAGAGAAGCCCA-1,1830
1013,CTACATTGTGACATGG-1,1830
1014,ACCCACTTCCTAGACA-1,1830
1015,ATAGACCCAAGCCAAG-1,1830
1016,TTTGCGCAGTCCCACG-1,1830
1017,CACAGTATCATATCTC-1,1830
1018,CTCACACTCATGGTGT-1,1830
1019,GGATGTTGTTATCGGT-1,1830
1020,AACTTTCTCATTGTTC-1,1830
1021,ACGCAGCCAACCCACG-1,1830
1022,CGATGTAAGGTAGCCA-1,1830
1023,GGACATTTCAGCAGCC-1,1830
1024,CAGGTGCAGTTCCACA-1,1830
1025,GACGTTACAAGGTGAC-1,1830
1026,TATCAGGTCATGTCAG-1,1830
1027,ACCGTAAGTTAGCTCA-1,1830
1028,CGTCAGGTCAACAGCT-1,1830
1029,CTCGGAGAGAAAGCTT-1,1843
1030,GGACAGATCGAGAGGT-1,1843
1032,TTCTACAGTAGTCAAA-1,1759
1033,GCGACCATCTCGGTTC-1,1887
1034,GTTCATTTCGACTTCC-1,1887
1039,TAAACCGGTAGATAGT-1,2067
