,barcode,group
2,TGCTGCTGTGATTTGC-1,2487
3,TCCACACCACGCCTGA-1,2487
4,GAAACTCCACCAAAGG-1,2487
5,TGTGTTTTCGGAGAGT-1,2487
6,TACTCGCTCGATAAGA-1,2487
7,CGCTATCAGATTGAGT-1,2487
8,AAAGATGAGATATGCA-1,2487
9,CGCGGTAAGAAAGTGG-1,2487
10,CCGGTAGTCCTGACAA-1,2487
11,GCACATAGTATGTACC-1,2487
12,GGTGCGTCAGGACCAA-1,2487
14,TCTATTGGTCTCTCGT-1,2487
15,TGTGTTTAGAAGATTC-1,2487
16,GACACGCAGGCTATCT-1,2487
17,TTCTCCTTCTACGGAT-1,2487
18,ACACCAATCCGCTGGA-1,2485
20,TTAGGACCACAGAGCA-1,2485
21,GTGCATATCGGTGCAC-1,2485
25,CACACCTCATGGCTCG-1,2485
26,ATGTGTGTCAATAGGA-1,2485
27,CCGTTCACAGTACCTA-1,2485
28,TTAACTCAGCTCCTTC-1,2485
30,CGTAGCGTCCAGGAAG-1,2485
32,TATTACCGTGATAAGT-1,2485
33,TACTTGTGTGTCTGTA-1,2485
34,CAGCATAGTGAAAGAG-1,2485
35,GGGAATGAGACAAGCC-1,2485
36,GCCTCTAAGCTTTCAG-1,2485
37,AGCTCCTAGCGACGTA-1,2485
38,AGGCCGTCAGAGGCTA-1,2485
42,CCACGGAGTACAACGG-1,2485
44,TGAGAGGCATCCACGG-1,2485
48,GATTCAGTCCAGGTTA-1,2485
49,CCGTACTTCCGCACGA-1,2485
50,AGATTGCTCTCTTCCT-1,2485
51,GATCGATGTAGGGACT-1,2485
52,CCTCTGACATCCCTTG-1,2485
53,TCGCGTTGTGCTTTGA-1,2485
54,GTGTTAGGTTCGATTG-1,2485
55,AGATCTGCACGGAATG-1,2485
56,AGTTGGTAGTACGTAA-1,2485
57,ATTGGTGGTGTCGCTG-1,2485
58,TAGTTGGGTCTAGCGC-1,2485
59,CAGCTGGGTTCCCACT-1,2485
60,AAGTCTGCAACTACTG-1,2485
61,CACACAAAGCGTAATA-1,2485
62,CACACTCCACAACTTG-1,2485
63,TAAGTGCCATTATCGG-1,2485
64,AGGTCATCACCCAAAT-1,2485
65,CATGACAAGACTAGGC-1,2485
66,TGATTTCGTTATTGGC-1,2485
67,GGGAGATCACAAGCGA-1,2485
68,AGCATACCATCATGGT-1,2485
69,CATCCACGTTACGCCG-1,2485
70,GCTTCCAAGCCGTCGT-1,2485
71,GTTTCTATCTAACACG-1,2485
72,TTAGTTCTCCTCGCTA-1,2485
73,CTACACCCAGCTCATA-1,2485
74,TTCTTAGCAATGGTAA-1,2485
75,TTGGCAAGTAATATGG-1,2485
76,TCTGAGAAGTTCGATC-1,2485
77,AAGTCTGAGGCGTTGA-1,2485
78,TTAGTTCGTCGCGTCA-1,2485
79,CATCGAAAGATCTGAA-1,2485
80,TGGGCGTCATCCACGG-1,2485
81,AGCGTATCATAGTGGG-1,2485
82,GGGAATGAGCGGCTTC-1,2485
83,TCAGGTATCACCGCGA-1,2485
84,CGATGGCGTCATACCA-1,2485
85,CGTTCTGGTCGTGAAG-1,2485
86,TTAGGACTCGAACCCG-1,2485
87,GGGAGATCACAGTGTT-1,2485
88,GTAGTCACATGTAGCT-1,2485
89,AACTGGTAGGGTAGGG-1,2485
90,CCTTCGAGTGAGCTCC-1,2485
91,CTCATTAAGTACGTAA-1,2485
92,ACAGCTATCTTATGGG-1,2485
93,CAACCTCGTTCCCTAC-1,2485
94,TTAACTCCACTAAGGG-1,2485
95,CGCGTTTTCACGACGC-1,2485
96,AAGGTTCGTCTCGGTG-1,2485
97,ACAGCTAAGCTAAGAT-1,2485
98,ACATGGTTCGAGAGGT-1,2485
99,TGGACGCTCCGGTTCT-1,2485
100,GATGAGGGTCATGTTG-1,2485
101,GTCAAGTGTGGCCACT-1,2485
102,GCATACAGTTCGGTGC-1,2485
103,TGGGCGTTCCTCTGCA-1,2485
104,ACACCCTAGAGCTTCT-1,2485
105,TTTGGTTTCGTGTCAA-1,2485
106,TAAGCGTTCCGCGACA-1,2485
107,CACCTTGGTCAACTCA-1,2485
108,GTAGGCCTCAACTGCA-1,2485
109,AGGCCACGTGACCCAC-1,2485
110,GTGGGTCTCCCGGACA-1,2485
111,CTGCGGAGTAGGTTTC-1,2485
112,TACTTACCACAATGTC-1,2485
113,ACATGGTTCGAGCACC-1,2485
114,CACTCCAAGTACGTTC-1,2485
115,GCGCAGTCATGAGAAT-1,2485
116,TGGCTGGGTCTAGGGA-1,2485
117,CGGAGTCCATACGTCA-1,2485
118,GCTCTGTAGTACGTTC-1,2485
119,CGTAGGCTCGATACAC-1,2485
120,GGAGCAACACGACGCT-1,2485
121,GCAAACTTCGAGTTGT-1,2485
122,TGGCTGGAGAGACTAT-1,2485
123,ACATCAGTCAGTACAC-1,2485
124,CTTAACTTCCTTCGCA-1,2485
125,GTGAAGGGTATGAAAC-1,2485
126,GACCAATGTGATTGTC-1,2485
127,AAGTCTGCATGCCATA-1,2485
128,TTGCGTCAGTGCCATT-1,2485
129,ACAGCTATCTAGAACC-1,2485
130,CTCGGGAAGTGCCATT-1,2485
131,GGGCACTAGAAACGCC-1,2485
132,TCAGATGGTCAAACTC-1,2485
133,CAGCCGAAGAGAGCTC-1,2485
134,TTCTCAACAGTGTGGA-1,2485
135,TGTGGTAAGGCGACAT-1,1168
136,AGTTGGTTCTGCCGTT-1,217
137,GCGCGATGTAACAATG-1,782
138,TGCCCATGTAAGAAGG-1,2419
139,TCAATCTGTCATCTAG-1,2419
140,CACACAAGTACCTAGT-1,2419
141,GACACGCCACGCACCA-1,2419
142,ATCCGAAAGCTCTCGG-1,2419
143,CCTCTGAAGAGTCCTT-1,2419
144,CGTTGGGTCTGTTGTT-1,2419
145,CGGTTAACATGATGCT-1,2419
146,TGCTGCTTCGCTAGTA-1,2419
147,ATTCTACAGCCACCTG-1,2419
148,CTTAGGAGTTGGTGAG-1,2419
151,CACATAGGTTGCGGCT-1,2376
152,CAGAGAGCAGAGATCG-1,2376
153,CATCGGGTCTGGGATT-1,2376
154,GCGCGATCAGATCCCG-1,2376
155,TGACGGCGTAGGTCGA-1,2288
156,AAATGCCCAGTCCGGT-1,2288
157,TAAGCGTGTCTCGTCT-1,2288
158,GGACATTTCCGCGAGT-1,2270
159,TAAGAGATCGGTCACG-1,2270
160,CTGAAACCACAAGCTT-1,2270
161,TAGTGGTTCTGATCAG-1,2270
162,ACTTACTCAGTCCGGT-1,2270
163,TAGCCGGCAACGGCTC-1,2270
164,CCTCTGAAGGAGTTGC-1,2270
165,GGAATAAGTTCAGTAC-1,2270
166,GTGCTTCCATAGGTCT-1,2270
167,TTTCCTCTCGGTGCAC-1,2270
168,CATGGCGGTAACTAAG-1,2270
169,CAGAATCGTGGCCACT-1,2270
170,CGGACTGAGCTGCACC-1,2270
171,TCGCGAGTCTCTTCCT-1,2270
172,CCTTCGATCCGCGGAT-1,2270
173,CGTCTACGTTCTTCGC-1,2270
174,GGCGACTGTTGTAGCT-1,2270
175,ACTGTCCCAGTCGGAA-1,2270
176,GTCATTTGTTGAACTC-1,2270
177,GCTTGAAAGAACTCGG-1,2270
178,GTTCTCGTCTTGGCCT-1,2270
179,CGTTAGATCGTGTGGC-1,2270
180,CGTCACTCAAACTCAC-1,2270
181,TCAGGATAGATCGGGT-1,2270
182,TGGGCGTAGAAGGTGA-1,2270
183,CTCGGAGAGGATGTCG-1,2270
184,TCAGCAATCATTTGCT-1,2270
185,TATTACCGTGACCTGC-1,2270
186,GCAGTTAGTTTGGCTA-1,2270
187,CATTATCCAACCCAAT-1,2270
188,CCGGTAGCAGTCCCTT-1,2270
189,GGGATGAGTATTCGCA-1,2270
190,GTGCAGCCATGAGGGT-1,2270
191,CGTGAGCGTTTGGCGC-1,2270
192,CGGACGTGTGCCTGGT-1,2270
193,CGGAGTCAGATATACG-1,2270
194,CGGGTCACACACGTGC-1,2270
195,CGCCAAGAGATCCGAG-1,2270
196,CAGATCATCGTTGCAA-1,2270
197,GATGCTACACGTCATA-1,2270
198,GGACAGATCTATGCCC-1,2270
199,TCTCTAACAGGTCAAG-1,2270
200,GATCGATAGGGTTCCC-1,2270
201,GCGACCAGTGTCCGAC-1,2270
202,AACTTTCCACGAGCTC-1,2270
203,AGATTGCGTACTGCTA-1,2270
204,CACCACTTCTGGCAGC-1,2270
205,ACTGTCCTCGGGAAAC-1,2270
206,GGGAGATCAAAGTGGC-1,2270
207,AGCAGCCAGTTAGGGC-1,2270
208,CATTCGCTCAGAGTAA-1,2270
209,TTCTTAGAGCAGCGTA-1,2270
210,TGAGCATAGTCACGCC-1,2270
211,ACTGAGTAGGGTGTGT-1,2270
212,GCTCCTATCATTGCTT-1,2270
213,TTCGGTCGTCCGGTGT-1,2270
214,TTGCCGTAGTGGGCTA-1,2270
215,CCTCTGAAGAGCTGGT-1,2270
216,GAGGTGACAGCGCATC-1,2270
217,CGGGTCAAGTCGTCCG-1,2270
218,AAGGAGCTCGAGCCGT-1,2270
219,CAGAGAGAGGCCCTCA-1,2270
220,GAAATGAGTAGACGAC-1,2270
221,GGACGTCTCGTTCGGG-1,2270
222,CAACCAATCAACTGCA-1,2270
223,CTGCGGACATCATGGT-1,2270
224,TGATTTCCAAGACGCA-1,2270
225,GGTGTTAAGGACGAAA-1,2270
226,AGCTTGAGTCATGCCG-1,2270
227,TCAACGATCAACTGAC-1,2270
228,TGCGCAGCACAGACCC-1,2270
229,AACTCCCCACGGCTGT-1,2270
230,CATCAGACACTTCAGA-1,2270
231,CCCAGTTGTCTTCGTC-1,2270
232,GCTGCGAAGTAGCCGA-1,2270
233,AAGGCAGCACGAAGGT-1,2270
234,CTGAAGTGTAAAGTCA-1,2270
235,TACCTATCAAGACGAC-1,2270
236,CCAATCCTCATTCGCC-1,2270
237,GATGCTACATGACTCA-1,2270
238,TTAGGCACATGTAGCT-1,2270
239,AACACGTCATGGGCCT-1,2270
240,ACCAGTAAGGGAAACA-1,2270
241,ACGGGTCCAACCGGAA-1,2270
242,CATCAAGAGCGGCTTC-1,2270
243,GAGCAGATCAGCCACG-1,2270
244,TGTGTTTTCACACCTC-1,2270
245,ATTGGACTCTCATCCG-1,2270
246,CGTTGGGCATAGTGTC-1,2270
247,ACATGGTAGTCCAGGA-1,2270
248,ATCATCTTCGAGGAGT-1,2270
249,ATCATGGTCGATTGCA-1,2270
250,CAACTAGAGCACCGCT-1,2270
251,CTGTTTAAGCGATTCT-1,2270
252,AGGCCGTTCCACTTCG-1,2270
253,GCGCCAAAGCTAAACA-1,2270
254,CGGACGTTCAAGTTGC-1,2270
255,GATCGCGGTGCAAACG-1,2270
256,GTCGGGTCAGAAGACC-1,2270
257,CTACACCAGGTGACCA-1,2270
258,GACTACAAGGCAGGTT-1,2270
259,TTTGCGCAGGCTCTCG-1,2270
260,ATCATCTTCAACTGCA-1,2270
261,ATGCGATCATCGCACG-1,2270
262,CAGTCCTCACTTGCAA-1,2270
263,TTTGCGCCAGGGATCA-1,2270
264,TGTATTCAGGTGTTAA-1,2270
265,GTGCAGCCACCACATA-1,2270
266,AGGTCCGGTCCTTGGG-1,2270
267,GGTGTTACATCATGCA-1,2270
268,CTGGTCTTCGAGTACT-1,2270
269,AGAGCTTAGTACGCGA-1,2270
270,ACCCACTTCAGTTCTT-1,2270
271,CCTTCCCAGAAACCAT-1,2270
272,GTTCGGGGTCGCGCTA-1,2270
273,GGATGTTGTAGGTCGA-1,2270
274,GACGTTAGTCCTCGGA-1,2270
275,CAAGAAAGTGGTGAGT-1,2270
276,CACAAACCAAGTGACG-1,2270
277,GACGTGCGTGCGAAAC-1,2270
278,AGATCTGTCGGTCACG-1,2270
279,GTTCTCGAGTGTCCAT-1,2270
280,TGGCTGGCATAGGACG-1,2270
281,GCAGCCAGTGGTTCTA-1,2270
282,GTATCTTGTACTCACA-1,2270
283,AGGTCATAGGCCCTCA-1,2270
284,TATCTCACACCAGTGC-1,2270
285,GGAAAGCCAGGTGCAA-1,2270
286,AACCGCGAGTTCGATC-1,2270
287,TAGCCGGTCTTCACAT-1,2270
288,GCATGCGCAACGTCTA-1,2270
289,CTCGTACAGAATCGTA-1,2270
290,GCTCCTACAATCGCGC-1,2270
291,CTCAGAACACGACGCT-1,2270
292,TTTATGCCAACAACTC-1,2270
293,TACCTATGTCCCGACA-1,2270
294,CGTGTCTGTTATGTGC-1,2270
295,CACCACTTCGTTCGAA-1,2270
296,TAAGAGAGTGGTGAGT-1,2270
297,CAAGAAACAGAGACGT-1,2270
298,TTAGGACAGGCTGCTC-1,2270
299,TGTATTCTCAGCGGCT-1,2270
300,CACCTTGGTACTCACA-1,2270
301,CTCGTCACAATCTCTT-1,2270
302,ACACCAACACTGCGCA-1,2270
303,CGCTATCCAGTTCCGG-1,2270
304,ATTACTCCAGATACCT-1,2270
305,GAAGCAGAGCAACGGT-1,2270
306,TGGCCAGCATCCCAAA-1,2270
307,GCTCCTAAGAGCTGCA-1,2270
308,TGGCCAGAGATCCGAG-1,2270
309,CTTGGCTCATCCCAAA-1,2270
310,AGACGTTAGAGCCACA-1,2270
311,TGTTCCGGTGCACTTA-1,2270
312,TGCACCTCAGCTTGAT-1,2270
313,TAAGCGTGTGAACACG-1,2270
314,CGGAGCTAGTCCATAC-1,2270
315,TCAGCAAAGTACGATA-1,2270
316,AGGCCGTAGGTAAACT-1,2270
317,CTCTGGTCACTCTCTG-1,2270
318,TAAGAGAAGCATTCAC-1,2270
319,TGACAACGTGGAGCTA-1,2270
320,CAGAATCTCCCAAGCG-1,2270
321,CTTAACTTCTGCACTC-1,2270
322,AGCGGTCAGGCTCTCG-1,2270
323,CTAATGGTCTCCACAC-1,2270
324,AACTGGTCACAGCTAT-1,2270
325,GTACGTAGTAAACAGT-1,2270
326,AGAGTGGTCAGCCACG-1,2270
327,CACATTTAGGCACATG-1,2270
328,GACTGCGGTTAGTGAA-1,2270
329,GCATGTACACGACGCT-1,2270
330,TGTCCCAAGGATGTCG-1,2270
331,ACACCGGCACTATGCA-1,2270
332,GAGCAGATCGTAACCA-1,2270
333,CATGGCGTCAGTACCA-1,2270
334,CGTCAGGAGCCAGGAT-1,2270
335,GTGAAGGTCTCGGAAT-1,2270
336,AAAGCAAAGCCCGTGT-1,2270
337,GATGAGGGTGGACGTA-1,2270
338,CTAACTTCATGCCGCA-1,2270
339,GTAGTCACAAGGCGTA-1,2270
340,ACAGCTAAGCTGAAAT-1,2270
341,GACTACAAGTATGACA-1,2270
342,TTGCGTCTCTAGAGCT-1,2270
343,GACCTGGCAGAGATCG-1,2270
344,ACCGTAAGTCGACCAC-1,2270
345,TCGGGACGTTTCCGAA-1,2270
346,AGCTCTCCATGCCGGT-1,2270
347,CTCTGGTTCTCCACAC-1,2270
348,AAGGCAGAGCCAGAAC-1,2270
349,CGTGAGCGTTGCCACG-1,2270
350,GCTGCGACACAGCTAT-1,2270
351,CCAGCGATCGGGCTCA-1,2270
352,TTCGGTCGTCCAGCCA-1,2270
353,CGGACTGAGATAGTCA-1,2270
354,GACACGCTCTACAGCA-1,2270
355,ATTTCTGCATGTAGCT-1,2270
356,TCTGAGACATTTAGGC-1,2270
357,ATGCGATAGATTACCC-1,2270
358,CCTATTACAAGGGTGT-1,2270
359,CTCAGAAAGCCCGAAA-1,2270
360,ACATACGCATGCCATA-1,2270
361,TAGTTGGCATTACGCA-1,2270
362,CGTCACTCATTGGTCA-1,2270
363,AACTCCCGTTGAGCAG-1,2270
364,AAGGCAGAGCCAGGAT-1,2270
365,GGGACCTTCATTGCTT-1,2270
366,CCTACCAGTTTAGGAA-1,2270
367,GACCAATAGCAGACTG-1,2270
368,ACGTCAAGTTAGTCAC-1,2270
369,CACTCCAAGAGACTTA-1,2270
370,ACGCAGCGTCAATTCG-1,2270
371,CCGGGATGTCTTCGCT-1,2270
372,GGTGCGTAGCGCGTCT-1,2240
373,CATGGCGAGAGTCCTT-1,2240
374,TCAGCAATCTGAAGCT-1,2240
375,TTCTCAAGTCGCTCAG-1,2240
376,AGGGAGTCACAGCCAC-1,2240
377,GCCTCTAGTTGGGACA-1,2240
378,GTATTCTTCATCGCGG-1,2240
379,TGCCAAAGTGCGTCAC-1,2240
380,ATCATGGTCTGATCAG-1,2240
381,TGGCTGGAGGGAAACA-1,2240
382,ATAGACCAGAGGACGG-1,2240
383,GTTACAGCAGAATTCC-1,2240
384,TGCGGGTCATTATCCT-1,2240
385,CCCATACGTTAAGTAG-1,2240
386,AGTAGTCCAGTGCTGC-1,2240
387,TAGCCGGCATTCTTGT-1,2240
388,GACGTTAAGTTCGATC-1,2240
389,TTAGGCATCTGAAGCT-1,2240
390,GCCTCTATCAGAGCGA-1,2240
391,CGCTGGAGTAACAGCG-1,2240
392,CTCGGAGGTTTCGCAA-1,2240
393,ACCGTAAGTTCAGTGT-1,2240
394,GACCAATTCTGCCGTT-1,2240
395,GAAACTCGTCAAAGCG-1,2240
396,TGGACGCCATTATCCT-1,2240
397,CCATGTCTCCAACGAT-1,2240
398,GTAGTCAAGGGAACGG-1,2240
399,TGCGTGGGTCTCTCGT-1,2240
400,AATCCAGAGTAAGTAC-1,2240
401,ACACTGATCCAGGCAC-1,2240
402,GCGCAGTGTTATTGGC-1,2240
403,ACACCGGAGGATCGCA-1,2240
404,AGAGCTTGTTTCCATT-1,2240
405,AAGTCTGTCATTTGCT-1,2240
406,ATAGACCTCGAGTACT-1,2240
407,GACCAATAGGCATTCT-1,2220
408,TGCCCATGTGTGTTCA-1,2220
409,AAGCCGCAGGAATCGC-1,2220
410,AGGTCCGAGGTGTGTG-1,2220
411,ACTGAGTTCTGATGGT-1,2220
412,TGGTTAGTCTGGTGGC-1,2220
413,TCTTCGGAGTCGTACT-1,2220
414,CGTCTACGTCAACTGT-1,2220
415,TACGGGCCATGCCGGT-1,2220
416,TAAGTGCTCTATTGCT-1,2220
417,CAAGATCCACAGCTGC-1,2220
418,ATTGGACAGCGGATCA-1,2220
419,CACAGGCCAGTTTGCA-1,2220
420,GCAATCAGTCGGATGA-1,2220
421,GTGTGCGTCTGAAGCT-1,2220
422,CAACCTCGTGTGTTCA-1,2220
423,ATAAGAGCAAGTGACG-1,2220
424,GGATGTTCAGAAGAAG-1,2220
425,CGCTTCACATGGAGAC-1,2220
426,GTTCGGGTCCGCGACA-1,2220
427,ACCGTAAAGAGAGCTC-1,2220
428,CCTTCCCTCTAGACAC-1,2220
429,CATATGGGTGGTAAGC-1,2220
430,CCCAATCTCAAGCCAT-1,2220
431,TCCCGATAGTACGCGA-1,2220
432,TAAGAGAAGGCTAGCA-1,2220
433,CGCTATCGTGCTTTCC-1,2220
434,CAGTCCTCAATACTGC-1,2220
435,TCTATTGTCTCAGTTT-1,2220
436,GGACGTCTCATTTCGT-1,2220
437,TTGACTTAGCAGTACG-1,2220
438,CCGTACTTCGCAGCAC-1,2220
439,CCACTACGTGTCAACT-1,2220
440,TCACGAAGTGCGAAAC-1,2220
441,CTGGTCTAGTGTCTCA-1,2220
442,TACTTACCACCTGGCA-1,2220
443,GATCGATTCATGGTGT-1,2220
444,GATCAGTCATCAAGAA-1,2220
445,CACAGGCTCCCAGAAT-1,2220
446,AGCTCCTCATAGGACG-1,2220
447,CCTTACGCAGTGTGGA-1,2220
448,ACACCCTGTCAAAGCG-1,2220
449,GCGCCAAAGAATGTTG-1,2220
450,CACACCTCATCTAAGC-1,2220
451,GTGCTTCTCGAGCCGT-1,2220
452,GCGCAACTCTTGCGGG-1,2220
453,GAATAAGCAGAGGCTA-1,2220
454,CAAGTTGGTTCGATAC-1,2220
455,GGGCACTAGACTGTAA-1,2220
456,CTGATCCGTTTGTCTT-1,2220
457,ACACTGATCTGGTAGT-1,2220
458,CGAGAAGAGGCCCTTG-1,2220
459,CGGACTGTCACACCTC-1,2220
460,CTACACCTCAGGACAG-1,2220
461,GACGTGCCAGACGAAC-1,2220
462,GCTCCTACAGACGAAC-1,2220
463,GAACCTAGTGTGTTCA-1,2220
464,GTATCTTTCTGAAGGG-1,2220
465,TTGACTTTCGTATCCC-1,2220
466,TTAACTCGTTCGCGTG-1,2220
467,CGTTGGGCAACGGCTC-1,2220
468,CTCGTCACAAATCGCT-1,2220
469,CCATTCGTCAGCCCGA-1,2220
470,ACTGCTCGTCTTGCGG-1,2220
471,TTGCCGTAGGGTTCGA-1,2220
472,TGACAACCACGTGGCT-1,2220
473,ACAGCTATCAAGTTGC-1,2220
474,GCGGGTTGTAAACCTC-1,2220
475,CACAGTAAGACAGACC-1,2220
476,CACAGTAGTACTCCGG-1,2220
477,TTGTAGGTCTCAGATG-1,2220
478,ACGCAGCAGGTGTAGC-1,2220
479,TAGTTGGAGCAGCCTC-1,2220
480,CGCTATCCAATGGCTT-1,2220
481,GTCACGGGTCTTCGCT-1,2220
482,AGCGGTCCAATCGTCA-1,2220
483,TTGGCAAGTCTTCGTC-1,2220
484,GCACTCTCAGGTGTGA-1,2220
485,TTCTCCTAGCCCGAAA-1,2220
486,CTTACCGTCTTATGGG-1,2220
487,CCATTCGTCGATAGTC-1,2220
488,CTGAAACAGACCCACC-1,2220
489,GAAGCAGGTACATGAA-1,2220
490,TCAATCTAGACTTGAA-1,2220
491,GGCAATTGTAGCCCTG-1,2220
492,GCCTCTATCTGGGCTG-1,2220
493,TTGGAACGTGGATAAT-1,2220
494,AGGTCATTCTATGCCC-1,2220
495,GCGCAGTTCGATTGCA-1,2220
496,ATTGGACGTAACGGCA-1,2220
497,CACACAACATGATGCT-1,2220
498,CATCGGGCACACGCAC-1,2220
499,TACGGATAGTTCCACA-1,2220
500,CCTACCAAGCGAACTG-1,2220
501,CCTACCATCGGAGAAC-1,2220
502,CTCGTACAGCTTTGGT-1,2220
503,AACACGTGTCTCGAGC-1,2220
504,ACGAGCCGTCAGGTAG-1,2220
505,GATCAGTCATTCTTGT-1,2220
506,GGGCATCAGTGAACGC-1,2220
507,TGTATTCGTCGTAATC-1,2220
508,AAACCTGGTTTGTCAG-1,2220
509,CACACAATCGTTGGAT-1,2220
510,CATCAGAAGTCATCCA-1,2220
511,ATTATCCAGTGTGATA-1,2220
512,GAATAAGAGAATGTGT-1,2220
513,ACGGGTCTCCTGACAA-1,2220
514,CAGCCGAAGTGGTAAT-1,2220
515,GCGCAGTGTCCGAAGA-1,2220
516,CAGCTAATCGTTCAAG-1,2220
517,GAACGGATCATCGACA-1,2220
518,CACATAGTCGCACAGC-1,2220
519,GACGTTACAGGCCGTT-1,2220
520,TCGGTAAAGTAGTGCG-1,2220
521,AGGTCATAGTACACCT-1,2220
522,TTTATGCCAGTTGCCG-1,2220
523,CCTACACCAATTAAGG-1,2220
524,GGCAATTAGCCTAACT-1,2220
525,TGAGCCGCAGGTCAAG-1,2220
526,AGGGATGTCCCGTTGT-1,2220
527,TCGTACCCAGCACACC-1,2220
528,GGGCATCTCCCATGTC-1,2220
529,TAGACCATCAGAGCGA-1,2220
530,TTCGGTCAGTCGTACT-1,2220
531,CCACGGATCATTCGCC-1,2220
532,GGAGCAATCGCGATGC-1,2220
533,ACTGATGAGGATATAC-1,2220
534,GCAATCAGTAGATCCT-1,2220
535,TCGCGAGAGCCACGTC-1,2220
536,ACCCACTAGCCAACAG-1,2220
537,GGAGCAACAAGTGTTC-1,2220
538,ACTGCTCTCTTGGCCT-1,2220
539,CAGCTGGTCACGATAC-1,2220
540,CCTACACAGGCCGAAT-1,2220
541,CCGGGATCACACGTGC-1,2220
542,TTGTAGGGTGATACCT-1,2220
543,TGCCCATCAAGGGTGT-1,2220
544,CCATTCGTCCCTGAGG-1,2220
545,CTTACCGAGGAGTAGA-1,2220
546,TCCACACTCACGACGC-1,2220
547,AGTGGGAAGACCACGA-1,2220
548,CGTTGGGAGCACCGCT-1,2220
549,CTCAGAAGTCAGCCGT-1,2220
550,CCACCTATCGGTGCAC-1,2220
551,GGGTTGCAGAGAGCTC-1,2220
552,AGAGCTTGTCTCCACT-1,2220
553,CGTTAGAAGTACACCT-1,2220
554,CGTCCATCAACAGAGC-1,2220
555,CATATTCGTTGCAGCC-1,2220
556,CCTCTGAGTCTTGCGG-1,2220
557,GGCGTGTGTAACGCGA-1,2220
558,GCAGTTAAGAGGTAGA-1,2220
559,GCTCTGTGTATTCGTG-1,2220
560,CGATGTAAGGAAACTT-1,2220
561,TATTACCGTTTCGCAA-1,2220
562,CCTCTGAAGTGAAGAG-1,2220
563,GACGGCTCACGTATGT-1,2220
564,CAGCTAATCCCGCATT-1,2220
565,GAGCAGACAACATAGA-1,2220
566,GCAGCCAAGCTTAGAA-1,2220
567,AAGGAGCTCGTCCCTA-1,2220
568,CTGTTTACAGTTGCCG-1,2220
569,CTTACCGTCTACGGGC-1,2220
570,AGAGTGGAGGTGATTA-1,2220
571,CTTAACTCATAGTGTC-1,2220
572,GAGTCCGAGAACTTCC-1,2220
573,AGACGTTGTACCACTA-1,2220
574,CGCGGTATCAGTAAAG-1,2220
575,GTTACAGAGTCCGTAT-1,2220
576,GAAATGAGTCAAACTC-1,2220
577,TGACTAGAGGAGTTGC-1,2220
578,CTGCTGTTCAGCCACG-1,2220
579,GTTCTCGGTGGCCTGT-1,2220
580,TTGACTTTCCTCTCAG-1,2220
581,CGTAGGCAGACTAGAT-1,2220
582,GACACGCGTAGGATAT-1,2220
583,AGGCCGTAGCAGGTCA-1,2220
584,TTGGAACAGCCCGAAA-1,2220
585,CAAGATCCAGTGAAAT-1,2220
586,ATTGGACGTGTGAAAT-1,2220
587,TACGGTAGTGCGCTTG-1,2220
588,CGGGTCAGTGTCTGTA-1,2220
589,CTTCTCTGTCATACTG-1,2220
590,TTAGTTCAGGCAGGTT-1,2220
591,AACTCAGCAAAGGTTA-1,2220
592,AGGCCACTCACGTTAG-1,2220
593,CATATTCGTTCTAGAC-1,2220
594,CAGGTGCTCTCCACGT-1,2220
595,TGCCCTACAACATCAC-1,2220
596,CACCAGGGTCATGCCG-1,2220
597,TACGGTATCAGCCCGA-1,2220
598,AGATTGCTCTCCACGT-1,2220
599,CTGAAGTTCTATTGCT-1,2220
600,CTTCTCTCAACATCAC-1,2220
601,CCAGCGATCCTCCTGA-1,2220
602,CTCCTAGGTTGTCGCG-1,2220
603,GAAATGACATCATGGT-1,2220
604,GGGATGATCGAGTATC-1,2220
605,GCATACAAGTGGCACA-1,2220
606,GTGCATAAGGGCTTCC-1,2220
607,TCGAGGCAGCCCAATT-1,2220
608,TCTTTCCCATGCAGTT-1,2220
609,TGCGTGGGTAACCGAG-1,2220
610,GCGCGATGTAGACCAG-1,2220
611,TAGTGGTAGTACGACG-1,2220
612,TCGGTAAGTTGGAGCA-1,2220
613,CGCTATCAGCTGTCTA-1,2220
614,GTGGGTCTCACTCATT-1,2220
615,AGTGAGGGTTATGTGC-1,2220
616,GTCATTTAGACTAGGC-1,2220
617,GAGTCCGAGCGCCTCA-1,2220
618,GCCAAATGTGGTACAG-1,2220
619,TCAGCTCGTTTGGCTA-1,2220
620,TTAACTCTCGTACGCG-1,2220
621,TGACAACCACTTGCAA-1,2220
622,GCTTGAACACACCTAA-1,2220
623,GGGTTGCCATACTGCA-1,2220
624,GACGCGTAGACTGGCA-1,2220
625,GGACGTCCACCACGCA-1,2220
626,TAAGAGAAGTAGATGT-1,2220
627,AATCGGTGTAGAACAT-1,2220
628,TGCCCATAGGGTAACC-1,2220
629,TCAATCTAGCTATCAC-1,2220
630,AACGTTGTCCCGTTGT-1,2220
631,TGCCCTACAACAGCCC-1,2220
632,ACGTCAAAGCCGGTAA-1,2220
633,CGCTATCAGCAGATCG-1,2220
634,GCAAACTGTTTACTTC-1,2220
635,GCTTGAACATATCGCA-1,2220
636,TTTGCGCTCCTGAAGT-1,2220
637,ACCCACTAGAGACGAA-1,2220
638,TACGGGCAGTGTGATA-1,2220
639,TAGTTGGGTAGCCCTG-1,2220
640,TTAGGACCAGAGGCTA-1,2220
641,CGAGCCAGTAGATGTA-1,2220
642,GTTCATTCAGATTGTC-1,2220
643,TTCTTAGGTTCTAGTG-1,2220
644,AGGGTGAGTTAAGTAG-1,2220
645,GAACCTAGTTTCCATT-1,2220
646,CTTAACTAGACAGAGA-1,2220
647,GTGAAGGAGGAGTTGC-1,2220
648,TCACGAACAAGGCGTA-1,2220
649,CGACTTCCAACTTTCT-1,2220
650,CAGATCATCGTCCCTA-1,2220
651,TCAGATGAGTAGATCA-1,2220
652,GGTGAAGAGACAGTTA-1,2220
653,GTCTCGTAGTGTCCAT-1,2220
654,CCAATCCCATCTCAAG-1,2220
655,AACTCAGGTCGCTTCT-1,2220
656,CGTCAGGAGTTTGCGT-1,2220
657,GTAACTGGTATCAGTC-1,2220
658,ACCTTTATCCCAAAGT-1,2220
659,ACTGATGCAGGTGCAA-1,2220
660,ATCCACCGTCTTCGCT-1,2220
661,CTAATGGCATTCTTGT-1,2220
662,ACTGATGGTATCTCTT-1,2220
663,TACGGTACACTGTATG-1,2220
664,CTAGTGACATCTCGAA-1,2220
665,GTCGTAAAGTGGAGTC-1,2220
666,ATTATCCAGAGAACAG-1,2220
667,CAACCAATCGATAGTC-1,2220
668,GGGAGATCAGTAGGGT-1,2220
669,CAGCTAACATTTAGGC-1,2220
670,GTATTCTGTATTGAAG-1,2220
671,GCCAAATTCTGACGCG-1,2220
672,AGATTGCCATCTAAGC-1,2220
673,GCGCCAAAGTCCAGGA-1,2220
674,GCCAAATCAACGCGTC-1,2220
675,AACCGCGAGGATGTAT-1,2220
676,AACCGCGAGTGGTTAA-1,2220
677,GATGAAAAGGACGAAA-1,2220
678,CGATGTAGTGGTGCAA-1,2220
679,GATCTAGTCACTATGG-1,2220
680,CATATGGGTCCCACAG-1,2220
681,GAGGTGACATTGCATG-1,2220
682,ACACCCTCATCTCAAG-1,2220
683,CACCACTGTGCACTTA-1,2220
684,GACGTTATCATGTGAC-1,2220
685,CTGTTTATCGACCCTT-1,2220
686,CGGACACAGGACAGTC-1,2220
687,CGATCGGCACTACATG-1,2220
688,CAGCGACGTCAAAGCG-1,2220
689,ATTGGACAGTGCCATT-1,2220
690,AGAGCTTGTCTAGGGA-1,2220
691,AAGGAGCTCCGTAATG-1,2220
692,AAGGTTCCACACCTAA-1,2220
693,TACTCATAGCAGTAGC-1,2246
694,CGGACACGTACAAGGC-1,2246
695,GAGCAGACAAGGGTGT-1,2246
696,GCATACAGTTGAACTC-1,2246
697,ACATACGGTGCCTGGT-1,2246
698,GTCACGGCACGTGCGT-1,2246
699,CCCAGTTAGTAGGTGC-1,2246
700,GATCGATCAGGATCCC-1,2246
701,CGAACATAGGACTGGT-1,2246
702,GAAACTCGTAGATGCG-1,2246
703,GCTGGGTTCGTTCGGG-1,2246
704,GTACTCCGTTGAAGGC-1,2246
705,ATAGACCGTTTGTCAG-1,2246
706,CGAGCCAAGCTGCCCA-1,2246
707,GGCTCGATCGTTACTT-1,2258
708,TATGCCCGTATCTCTT-1,2258
709,TCAGGTAGTAGCCCTG-1,2258
710,CGCTGGAGTTGAAGGC-1,2258
711,CCCTCCTCAGAATTCC-1,2258
712,CGTGTAAAGTACGCGA-1,2258
713,TTCTACATCTAGCAGT-1,2258
714,AGTGGGATCTATTGCT-1,2258
715,ATTTCTGTCCGTACCT-1,2258
716,ACATACGGTTTGGCGC-1,2258
717,TCGGTAAAGCTAGCCC-1,2258
718,CCTTTCTCACCGAACC-1,2258
719,CTCACACGTCAAGTCT-1,2258
720,AGCTTGAGTCAGAAGC-1,2258
721,GGGCATCCATAGGTCT-1,2258
722,GCTGGGTTCCAACCGG-1,2258
723,AGCGTATCATCCATAG-1,2258
724,TCGTACCTCTACGGGC-1,2258
725,AAGTCTGCACGTGCGT-1,2258
726,CAGATCACAAGTGACG-1,2258
727,GCGGGTTTCAACTGAC-1,2258
728,GGGTTGCGTTTGCCTC-1,2258
729,GGCCGATCATAGCACT-1,2258
730,TGGACGCCAAGGCCCT-1,2258
731,ACGATGTGTGATGTTC-1,2258
732,TCAGCAAAGCTTTGGT-1,2258
733,GTTAAGCGTTAACCAC-1,2258
734,TACCTATCAGATCCCG-1,2258
735,CACATAGGTGCGAAAC-1,2249
736,GTCATTTGTTGGAACG-1,2249
737,AGATTGCTCATGACCA-1,2299
738,CACCTTGTCGTAAGGG-1,2299
739,GTGCGGTGTTAGTCAC-1,2299
740,ACCAGTACAGAAGACC-1,2299
741,CTAAGACCAAGTCGGA-1,2299
742,CCAATCCGTGGTTCTA-1,2299
743,ACACCGGGTCGACGCT-1,2299
744,CGGACTGGTGCATGAG-1,2299
745,GTCACAAAGGAGTTGC-1,2289
746,CATCAGAAGAATTCCC-1,2289
747,CCCATACCAAGTGAGC-1,2289
748,CCGTGGATCGAGAGGT-1,424
749,CCTATTAAGAGGGCTT-1,2323
750,TTAACTCCATTCATCT-1,2323
751,CTCTGGTTCTGGCCTT-1,2323
752,GATCGATGTCATGTTG-1,2323
753,GCGAGAAGTCAACCTA-1,2323
754,TTTGGTTAGGATCGCA-1,2323
755,CTGCGGAGTGGATAGC-1,2323
756,TTGCGTCAGGGTTTCT-1,2323
757,CTCATTAGTCGACCAC-1,2323
758,AGGTCATAGATCCGAG-1,2323
759,CGGACGTTCGGGCTCA-1,2323
760,TGAGCCGGTAGGCTGA-1,2323
761,TGCCAAAGTCACGCAC-1,2323
762,CTGTTTATCAAAGCGG-1,2323
763,TGATTTCAGTTATCGC-1,2323
764,CACTCCAAGAGCCACA-1,2323
765,CGGACTGCATTATCGG-1,2323
766,AGGTCCGCAAATACGA-1,2323
767,GCTTCCACATAGAGCG-1,2323
768,TACTTACCAGCTCATA-1,2323
769,ACGAGGAGTCTCTCTG-1,2323
770,CGACTTCTCGCTGAAT-1,2323
771,CAGTCCTCACCGTCGA-1,2323
772,GAAATGAGTGGAAACC-1,2323
773,CGACCTTAGAGATGAG-1,2323
774,AGGCCACAGGGTTCGA-1,2323
775,ATCCACCAGTAGGTGC-1,2323
776,TACTTGTCAAACCCTA-1,2323
777,CATCGGGTCGTAGGGA-1,2323
778,GAGTCCGCAGACTCCG-1,2323
779,TTTCCTCTCAGAGTCT-1,2323
780,GAGTCCGGTGGTAAGC-1,2323
781,CGGACTGGTGTGTTCA-1,2323
782,AACACGTCATTGTCTT-1,2323
783,CTGATAGAGTAGGCCA-1,2323
784,ATTCTACAGGTCGGAT-1,2323
785,GATGCTAAGATATGGT-1,2323
786,CTGAAACTCGTTGCTC-1,2323
787,GGTGCGTGTTAACCTG-1,2323
788,CGAGAAGAGGAATGGA-1,2323
789,AACACGTAGAGTTGGC-1,2323
790,CGATTGACAAATAGGT-1,2323
791,CTCTGGTCAGCGCATC-1,2323
792,GTATCTTTCGACTTCC-1,2323
793,GACGTGCCACTTGCTC-1,2323
794,TAGACCAGTGGCGTCT-1,2323
795,CTCACACTCACCGCAG-1,2323
796,GTGCTTCAGAGTTGGC-1,2323
797,GACTAACCAGGTCAAG-1,2323
798,GTCATTTTCATAGGAA-1,2323
799,TTTGGTTTCACTATGG-1,2323
800,CTCGGGATCTATTGCT-1,2323
801,AGCTTGAAGTAGCGGT-1,2323
802,CTACACCCAACGTCTA-1,2323
803,CACCACTGTCAAGCAG-1,2323
804,TGGCTGGCAATTGAAG-1,2323
805,CCTACACCAGTGCTGC-1,2323
806,CAGCAGCCATGAGACG-1,2323
807,CTTCTCTTCAGGTGAG-1,2323
808,GACGGCTTCTAGAACC-1,2323
809,CGATGTAGTATATGAG-1,2323
810,CGTTAGAAGACTAGAT-1,2323
811,TTGACTTTCGCTATGA-1,2323
812,CATCGAATCGAAAGGC-1,2323
813,TAAGTGCTCTATGCAG-1,2323
814,CTCGGGAAGGAATGGA-1,2323
815,TTTGTCATCCAGGCGT-1,2323
816,GTTCATTGTACAAGGC-1,2323
817,TAGCCGGGTTGAGCAG-1,2323
818,TCAACGATCAAGTTGC-1,2323
819,CGCTATCTCTGCTACC-1,2323
820,CTGAAGTGTGACCTGC-1,2323
821,ACGCCGACATCTCGAA-1,2323
822,CTTGGCTTCCCACAAA-1,2323
823,GGTGCGTCATCCATAG-1,2323
824,GGGTTGCGTCTAGGGA-1,2323
825,TCGCGTTGTCCGGTGT-1,2323
826,TCTTTCCAGAAACGCC-1,2323
827,CTCGAGGAGAAGGTGA-1,2323
828,TGAGAGGAGCCGTCGT-1,2323
829,TTTCCTCGTCATCCAA-1,2323
830,TCATTACTCAGAGCGA-1,2323
831,TCTCTAAAGTCTAGCT-1,2323
832,GGGAATGTCCGAAGCC-1,2323
833,CATTATCGTTGCCTCT-1,2323
834,GGGACCTGTCAAACTC-1,2323
835,AGGTCATCACGTACAT-1,2323
836,CCTACCAAGCCAAACG-1,2323
837,GCATGCGTCCGCACGA-1,2323
838,TCAGCAACAACCTGCG-1,2323
839,TCGCGTTAGTCAAGGC-1,2323
840,TGATTTCTCGGAGTTT-1,2323
841,CCTTCGATCATCAGCA-1,2323
842,GTGCAGCGTAACGGCA-1,2323
843,TGGCTGGAGAATTGTG-1,2323
844,GTCAAGTCATCTCGTC-1,2323
845,AGAGTGGTCACACCTC-1,2323
846,TCCACACGTTGCCAAT-1,2323
847,CGTTCTGAGCGATTAA-1,2323
848,GGTGTTAAGGGTAGGG-1,2323
849,GTACTTTGTTCTAGTG-1,2323
850,AGAGCTTAGGCAACAC-1,2323
851,ACGCCAGGTTCGATAC-1,2323
852,TCAGGTATCTGGTAGT-1,2323
853,GACAGAGTCACAGCCG-1,2323
854,GACCTGGTCTTGTCCG-1,2323
855,GGCGACTTCCTCTGCA-1,2323
856,ATTCTACGTTCAGTGT-1,2323
857,CCCAATCTCTGCACTC-1,2323
858,CAGGTGCAGAACAATC-1,2323
859,GCAATCATCGGATGCC-1,2323
860,AACCATGCAAGTGAGC-1,2323
861,CCTCAGTCAGAGGCTA-1,2323
862,CCTCTGAAGTTTCTGG-1,2323
863,CTCACACTCTACCGTC-1,2323
864,ATGGGAGAGAGCTGCA-1,2323
865,AGTCTTTAGAATGTGT-1,2323
866,CCACCTAAGGTGCTTT-1,2323
867,AAGGTTCAGGATATAC-1,2323
868,GTCTTCGCAGTGCTCG-1,2323
869,TATGCCCAGCTTCAGT-1,2323
870,TGCGTGGTCGTGAGGA-1,2323
871,CGTCACTGTAACTGTC-1,2323
872,CTCTAATAGGATGTAT-1,2323
873,TTCTACACATGATAAG-1,2323
874,CGAATGTGTTTGGCGC-1,2323
875,TTGGCAATCTCCACGT-1,2323
876,GTATTCTCACCGTCGA-1,2323
877,ATGCGATAGCGTTGCC-1,2323
878,AAGGAGCCAAGACGAC-1,2323
879,CAGCTGGGTCCAAGTT-1,2323
880,ATGGGAGTCCACAGAT-1,2323
881,CTGCCTAAGTCGATAA-1,2323
882,GTAACGTAGTTTAGGA-1,2323
883,CTCTACGGTCCGGGTT-1,2323
884,GCGCAACTCTCTAGTT-1,2323
885,CATCGGGTCACTTTAC-1,2323
886,GGGCACTGTACGTGCC-1,2323
887,GTCCTCATCGGAGAAC-1,2323
888,CACACAAGTGACACGA-1,2323
889,CTAAGACTCGCAGCAC-1,2323
890,CGATCGGCATCAGCAT-1,2323
891,AGAGTGGCATACGTTG-1,2323
892,TCTTCGGAGACTAGAT-1,2323
893,CAACCTCAGCTTCAGT-1,2323
894,CAAGTTGCAACGACAG-1,2323
895,CAGATCACAGTGCTGC-1,2323
896,GGTATTGGTTTAGGAA-1,2323
897,ACAGCCGGTCAACCTA-1,2323
898,ATCTGCCCAATTAAGG-1,2323
899,GCCTCTAGTCTCTTTA-1,2323
900,ACTTTCATCTACATGG-1,2323
901,ACGCCAGCAAGACGCA-1,2323
902,ATCTACTGTACCTAGT-1,2323
903,ATGCGATTCTAATGGC-1,2323
904,GTGGGTCTCCCATGTC-1,2323
905,GAATAAGAGGATGCGT-1,2323
906,GTCCTCATCTGGTAGT-1,2323
907,TCCACACCATGGCTAT-1,2323
908,CGTGTAACAGGGACTA-1,2323
909,TGCCCATAGGACGAAA-1,2323
910,AACTCAGCATGGCTCG-1,2323
911,ATGTGTGAGCGGCTTC-1,2323
912,TGGGAAGAGGACCACA-1,2323
913,GCAATCATCGGAGAGT-1,2323
914,TCGTAGAAGTGTTGAA-1,2323
915,AGGGAGTGTCAGGTAG-1,2323
916,CCCAGTTAGTTAGGTA-1,2323
917,CTGTTTATCGCTCTAC-1,2323
918,ACTTTCAGTTCGTCAA-1,2323
919,TAGGCATAGTCGCGTC-1,2323
920,TTGAACGGTCACCGCA-1,2323
921,CATCAAGAGCCGAACA-1,2323
922,CGTCAGGCAACGCCGT-1,2323
923,AACACGTTCCGCGGAT-1,2323
924,TGCCCATTCTGTGAAC-1,2323
925,GTTCGGGCATATCGCA-1,2323
926,TCCACACAGGCATGGT-1,2323
927,GGAGCAACATCACTGA-1,2323
928,AGGTCATAGACTAGAT-1,2323
929,CGTAGCGCAGGAGCAT-1,2323
930,ACGCAGCGTGAACACG-1,2323
931,AGGCCACGTCTTCGTC-1,2323
932,GCGACCAAGGGCATGT-1,2323
933,CGAGCACGTAACGTGG-1,2323
934,GATCGTAAGGAGTAGA-1,2323
935,CCTCAGTTCCTATGAG-1,2323
936,CAGTCCTCAACCTAGT-1,2323
937,CATGCCTCATCCACGG-1,2323
938,CGCTTCACATTGAAAG-1,2323
939,ACACTGAAGCTAACAA-1,2323
940,CCAATCCCATCGCATA-1,2323
941,CAGGTGCAGGCACATG-1,2323
942,ATCTGCCTCGACCATA-1,2323
943,ACGTCAACATTTAGGC-1,2323
944,AAAGATGGTCAGTGGA-1,2323
945,ACACCGGGTGATATGA-1,2323
946,AGTTGGTAGTTTCCTT-1,2322
947,CGCTTCAGTTACGCCG-1,2322
948,GTCTTCGTCATCACTT-1,2322
949,TCTTCGGTCAGCGCGT-1,2322
950,TAGAGCTCATTCAGTG-1,2322
951,ATCCACCCATGAATGA-1,2322
952,CAGGTGCAGAGTAAGG-1,2322
953,CCCAATCAGGGAGTAA-1,2322
954,AGGCCGTAGCGTCGAA-1,2322
955,CCACCTACAAATGATG-1,2322
956,AACCATGGTGCTCTGG-1,2322
957,CCAATCCTCCAAACCA-1,2322
958,GATGAGGTCGTTCAAG-1,2322
959,CTGTGCTGTAATATGG-1,2322
960,GCTGCAGAGAGGGATA-1,2322
961,GCATACACACTCTCTG-1,2322
962,ACCAGTAGTGCACTTA-1,2322
963,TCTGAGAAGTGGTAAT-1,2322
964,TGACAACGTACAACGG-1,2322
965,CACACTCAGCGTCAAG-1,2322
966,TGGGAAGCATACGTTG-1,2322
967,GGGTTGCAGCCAGTTT-1,2322
968,AGCTCCTAGCCCGAAA-1,2322
969,ACATCAGCAACACGTT-1,2322
970,GATCTAGCATCAAGAA-1,2322
971,GAAATGATCTACATGG-1,2322
972,TTTATGCTCCACTCGT-1,2322
973,AAACCTGCACGACTAT-1,2322
974,CGTGTCTGTCGGCATC-1,2322
975,TGTGTTTCAAGACGAC-1,2322
976,GAACCTACATAGAGCG-1,2322
977,CCTCAGTAGGGTAGGG-1,2322
978,AGGTCCGCATCGGTCG-1,2322
979,TTGGAACCAAAGTAAC-1,2322
980,TCAGCAACAACACCGC-1,2322
981,CGCTGGAGTCTCGAGC-1,2322
982,TTGAACGTCTCCCTAG-1,2322
983,AGGCCGTGTAACGACG-1,2322
984,CACAAACTCAGTTCTT-1,2322
985,GCACTCTCAGATCCCG-1,2322
986,GGTGAAGCACAAGCGA-1,2322
987,TATCAGGTCAGGGACA-1,2322
988,ACACCGGAGCGAGAAA-1,2322
989,CAGAATCTCTACGTGA-1,2322
990,CGACTTCCATGAGAAT-1,2322
991,GCACATATCCTGATTT-1,2322
992,GTGCTTCGTGACCAAG-1,2322
993,ATCGAGTGTACCTCGG-1,2322
994,GAGCAGAGTAGAATAC-1,2322
995,CATATGGTCTGGTCCT-1,2322
996,GTGCTTCAGAGCCACA-1,2322
997,AATCGGTAGAGGTAGA-1,2322
998,CAGCTGGGTCCGCAAC-1,2322
999,CACAAACCACTCTGGG-1,2322
1000,TTTCCTCGTACAATAG-1,2322
1001,TCAGATGCAGCATGTT-1,2322
1002,TGGCGCAAGGAGTTGC-1,2322
1003,GACCAATTCTGGGCTG-1,2322
1004,TGCACCTTCATGTCAG-1,2322
1005,GCTGCAGTCATTGCTT-1,2322
1006,TCATTTGAGGATGCGT-1,2322
1007,GCTCCTAGTAATCAGA-1,2322
1008,TGGTTAGAGGTGCACA-1,2322
1009,CCGTACTTCGCAACGC-1,2322
1010,TAAGAGACATTTGTGG-1,2322
1011,TAGTTGGAGAGCCCAA-1,2322
1012,TGAGCCGAGCTAGGCA-1,2322
1013,CGCCAAGGTACCTAGT-1,2322
1014,CATGCCTTCCGAAGGA-1,2322
1015,ATTATCCGTTTAGCAC-1,2322
1016,CGCTTCAAGTCGAGTG-1,2322
1017,CTGATAGTCGTGTGGC-1,2322
1018,CGATGTATCTACAGTG-1,2322
1019,CAGTCCTTCACTATGG-1,2322
1020,GGAACTTCACCTATGA-1,2322
1021,TTCGGTCAGCTGCACC-1,2322
1022,CTAGTGATCAATAGGA-1,2322
1023,GAAGCAGCACACTCGG-1,2322
1024,AGCTTGACAGATGAAT-1,2322
1025,CCACTACGTCCATTGA-1,2322
1026,AATCGGTTCACGATAC-1,2322
1027,TGCGTGGGTCAAGCAG-1,2322
1028,GACGTTACAAATGATG-1,2322
1029,GTGCTTCGTCTAGCGC-1,2322
1030,AGCTCCTTCGAACAAA-1,2322
1031,TTCGGTCTCCAGGAAG-1,2322
1032,AGTAGTCTCCGTACCT-1,2322
1033,TAAGCGTCAGGCCGTT-1,2322
1034,CTACGTCAGGATGCGT-1,2322
1035,AGCTCTCAGATGTGGC-1,2322
1036,GACTAACGTTTGGCGC-1,2322
1037,TAAACCGGTTACTGAC-1,2322
1038,GTGCTTCTCTTCACAT-1,2322
1039,AGCAGCCGTTAAGCCT-1,2322
1040,TATCAGGTCATTCGCC-1,2322
1041,CGTTAGAAGCGTAGTG-1,2322
1042,AAGCCGCAGTCATCCA-1,2322
1043,CGGAGCTAGAATGTTG-1,2322
1044,ACTATCTCACGATAGG-1,2322
1045,AGAGCGATCTCAGATG-1,2322
1046,GGTGTTAGTGAAAGAG-1,2322
1047,TCATTACAGGCATTTC-1,2322
1048,TCGCGAGGTCTCGGTG-1,2322
1049,GTCGTAATCGCGTGGT-1,2322
1050,CCACGGACAGCCCATG-1,2322
1051,GGACATTCAGGACCAA-1,2322
1052,ATCATGGCAGTGCTCG-1,2322
1053,TTAACTCTCCAACAAC-1,2322
1054,ATCATGGAGCCTGATT-1,2322
1055,CACACCTTCAGTACAC-1,2322
1056,CGTAGGCTCATGACCA-1,2322
1057,ACGGGCTGTATAAGTG-1,2322
1058,TGTATTCCACTACGTA-1,2322
1059,CTCGTCAAGACCCACC-1,2322
1060,TGGCCAGAGAGTACAT-1,2322
1061,ACTTTCAAGATAGCAT-1,2322
1062,TGAGAGGGTTCTTTGT-1,2322
1063,CAAGATCAGGCAGGTT-1,2322
1064,GGACATTCAGGCCGTT-1,2322
1065,GTGTTAGGTGGTAACG-1,2322
1066,GTTCTCGAGGTAACGC-1,2322
1067,CACATTTAGCGAACTG-1,2322
1068,GGTATTGCACTCTCTG-1,2322
1069,ACGTCAAAGTGTGATA-1,2322
1070,AGTGAGGGTGACCAAG-1,2322
1071,AGGTCATAGTAGGTGC-1,2322
1072,TTGAACGCATAACAAG-1,2322
1073,ACGGGCTTCGCCTGGA-1,2322
1074,GTAGGCCGTAGATAGT-1,2322
1075,CTAAGACGTCTAGGGA-1,2322
1076,GCTCCTAAGACAAAGG-1,2322
1077,ACGGCCACAACACGTT-1,2322
1078,TCGCGTTAGTCTCCTC-1,2322
1079,AAAGCAAGTCGAATCT-1,2322
1080,CCTTACGGTCGCCAAC-1,2322
1081,AGCATACTCTACACCC-1,2322
1082,AGTTGGTTCCCGCATT-1,2322
1083,CATCCACCAGTTATGC-1,2322
1084,CCTTCCCAGGTGATTA-1,2322
1085,GCAGCCAAGACACGAC-1,2322
1086,TGAGAGGCACATTCAG-1,2322
1087,CGACCTTAGAAGGTTT-1,2322
1088,GAACATCCATCCTGGG-1,2322
1089,GGTGAAGGTTAGAATG-1,2322
1090,AGTAGTCGTTTAGGAA-1,2322
1091,GCTCTGTCATAGGGCA-1,2322
1092,AAATGCCTCCTATGAG-1,2322
1093,TTCTCCTCACTAAGGG-1,2322
1094,TGGTTCCGTGCTATTG-1,2322
1095,TAAGCGTCACCTGGCA-1,2322
1096,GAACGGAAGTAGTATG-1,2322
1097,TCTTTCCCAGGCCGTT-1,2322
1098,CATCGGGAGGCACATG-1,2322
1099,CGGGTCACATTGAAAG-1,2322
1100,GGCTGGTGTACAATAG-1,2322
1101,GTAGTCACATCTGTAG-1,2322
1102,ACACTGATCGAACAAA-1,2322
1103,GTGCGGTGTGCTATTG-1,2322
1104,TGGCGCAAGTTTAGGA-1,2322
1105,ATTACTCGTTAGAGCG-1,2322
1106,CCGTTCAGTCATCTGA-1,2322
1107,CAGCCGACATAACAAG-1,2322
1108,GCACATATCGATAGTC-1,2322
1109,TACTTACAGGTGCTAG-1,2322
1110,CTCGAGGTCATCAGCA-1,2322
1111,CTCGGGAGTGACATGG-1,2322
1112,GTTTCTATCTACGGCG-1,2322
1113,GTTCATTGTACTGCTA-1,2322
1114,AAGGCAGCACATTCAG-1,2322
1115,TGTCCCAGTACCGTGC-1,2322
1116,CACAGGCTCGTAGGGA-1,2322
1117,GCGCAGTAGCCAAACG-1,2322
1118,ACGAGGAGTAGTCAAA-1,2322
1119,CGTTGGGCATACTTGG-1,2322
1120,CGTGAGCCAACATAGA-1,2322
1121,TCGTACCGTGCGGTAA-1,2322
1122,GGAAAGCGTCCCTTGT-1,2322
1123,GCATGCGAGCATCTTG-1,2322
1124,TGTGGTACAAGCATGG-1,2322
1125,ACGAGGACACGTTTAG-1,2322
1126,TGACTTTTCCTGAAGT-1,2322
1127,GTCGTAACAAGAACTA-1,2322
1128,TTCGGTCAGGGTGTTG-1,2322
1129,CAGTCCTAGTCAAGCG-1,2322
1130,GATGAGGAGAGCAATT-1,2322
1131,CCTTACGGTCTTAGTG-1,2322
1132,CTCTAATTCCCTTATA-1,2322
1133,TCTTCGGCAAGCATGG-1,2322
1134,GTGTGCGCACGGAATG-1,2322
1135,TGGTTAGAGCCGTCGT-1,2322
1136,TTCGGTCAGAGGTAGA-1,2322
1137,TGCGGGTCATCACTGA-1,2322
1138,TCGGTAAAGGTAACGC-1,2322
1139,CGTCTACGTGACACGA-1,2322
1140,CTCTAATCAGTTGCCG-1,2322
1141,TACACGATCACGTTAG-1,2322
1142,TGACTAGTCGGAGTTT-1,2322
1143,GGGCACTTCCGTTAAG-1,2322
1144,ACAGCTAAGTCGCGTC-1,2322
1145,GTATTCTTCCGCTGAG-1,2322
1146,AGCAGCCTCGTCCCTA-1,2322
1147,CCAGCGACATTCGTTT-1,2322
1148,GTATCTTGTTAGTGAA-1,2322
1149,GGCCGATTCGTTCAAG-1,2322
1150,TGGACGCGTCCCACAG-1,2322
1151,CTAATGGAGACTTGAA-1,2322
1152,GCAGTTAGTCCAGTGC-1,2322
1153,GTATCTTCAACGCGTC-1,2322
1154,GATCGCGAGACCTTTG-1,2322
1155,TCGCGTTGTGTCAACT-1,2322
1156,GTACTCCTCTCAGTTT-1,2322
1157,GACACGCGTTAGAATG-1,2322
1158,TATGCCCAGCTAGTGG-1,2322
1159,GGGTTGCGTACCAAGG-1,2322
1160,CCTTCCCGTCCATTGA-1,2322
1161,GCACATAGTTGATCTG-1,2322
1162,CTCACACGTCTCTTTA-1,2322
1163,CAGCTAACAATTAAGG-1,2322
1164,CTTTGCGAGCGTGTGA-1,2322
1165,CGTGTAATCTCAGATG-1,2322
1166,ATTGGACTCCAACGTA-1,2322
1167,CTGCCTAGTGTTTCAG-1,2322
1168,CGTGTAACAATGGTAA-1,2322
1169,ATTCTACCATTCCGAA-1,2322
1170,CGTGTCTGTACAAGAT-1,2322
1171,AAGTCTGAGTCGCGTC-1,2322
1172,CGTGAGCTCCGTTAAG-1,2322
1173,AGCTCTCCAGTACCTA-1,2322
1174,ATGCGATTCCACAGAT-1,2322
1175,CGATCGGAGTACAGTA-1,2322
1176,CAGCAGCGTACTGCTA-1,2322
1177,CCTTACGAGCAGACTG-1,2322
1178,TTAGTTCGTAAACCTC-1,2338
1179,TGCGCAGAGTTTGGCT-1,2338
1180,AGCTCCTTCGACTTCC-1,2338
1181,GCATACAAGTAACCCT-1,2338
1182,ACACCAAAGATTACCC-1,2338
1183,TACGGATAGGACCACA-1,2338
1184,CACATAGTCCGCACGA-1,2338
1185,CATCGAATCGTTAAGC-1,2338
1186,AGTGAGGGTGAGCTCC-1,210
1187,GTTCGGGGTAGTTGGG-1,2261
1189,TTGCCGTGTCGCTGTG-1,2261
1190,ACACCCTTCCAAAGAA-1,2261
1191,GGCTGGTCAGCTTGAT-1,2261
1192,GCTTGAACAGATCGAG-1,2261
1194,ATGAGGGCATTTGCGA-1,2382
1195,CAAGTTGAGCAGCCTC-1,2382
1196,GGGCACTTCGGGCTTG-1,2382
1197,CTCGGAGCACAGCTGC-1,2382
1198,CGTCACTGTTGACCCG-1,2382
1199,ATCTACTTCACCACGG-1,2382
1200,CTGATCCAGCTAAACA-1,2382
1201,TTTGCGCAGGAGTAGA-1,2382
1202,GATGAGGTCTGGGACC-1,2382
1203,TACTCGCTCATTGCTT-1,2382
1204,TGAAAGACATACGTTG-1,2382
1205,CGTCAGGTCACGACGC-1,2382
1206,GGGCACTGTTAACCTG-1,2382
1207,TGAGGGAAGTCTAGCT-1,2382
1208,GCAGCCACACCAATAC-1,2382
1209,GTGCGGTTCAGCCCGA-1,2382
1210,ATGGGAGGTCAAAGCG-1,2382
1211,CCCAATCCAATGGTAA-1,2382
1212,ACGAGCCTCCGCACGA-1,2382
1213,GGTGCGTTCGAAGCGA-1,2382
1214,ACGATGTTCCAAGGGA-1,103
1215,GATGCTAAGTGCTGCC-1,2310
1217,AATCGGTGTTTGGCTA-1,2310
1218,TCTCATAAGGTGTTAA-1,2310
1219,GGTGTTAAGCTGCACC-1,2427
1220,GTCAAGTAGGTAAGTT-1,2427
1221,CTCGGGAGTTGTTCAG-1,2427
1222,TGAGGGATCACTTTAC-1,2427
1223,TGGCGCACAACTACTG-1,2427
1224,ACTTGTTCACATAAAG-1,2427
1225,GCGCCAAGTTAACCAC-1,2427
1227,TCGAGGCCATGATGCT-1,2451
1228,CGTCTACTCCGCGGAT-1,2451
1229,TTGGAACGTAGGCTGA-1,2451
1230,AACTGGTGTTTACGGT-1,2451
1231,ATCGAGTTCCCGGACA-1,2451
1232,ATTTCTGTCGTAGCGC-1,270
1237,AAGGTTCGTTCCCACT-1,2482
1238,TCATTTGAGGCCCGTT-1,2482
1239,CGCTATCTCGTATTGG-1,2482
1242,CCGTACTCAAATTCCG-1,2482
