,barcode,group
4,ACGGGTCTCCGAAGCC-1,1425
15,CAGCGACAGACCGATG-1,1419
17,CGTGTAAGTGGTGCAA-1,1419
22,AGCGGTCTCAGCGGCT-1,1419
23,AGGGTGACAAGGCTAG-1,1419
24,ACTGCTCCAGCCAGTC-1,1419
25,GGAAAGCAGTGTTGAA-1,1419
32,CAGCCGACAACCTGAT-1,1419
33,CTCGTACCAATAACAG-1,1419
34,AACTCAGGTGTCAACT-1,1419
35,GCAAACTAGAGGACGG-1,1419
36,AACTTTCAGCCCGTGT-1,1419
37,ACACCGGCATTTCCAT-1,1419
38,AGCAGCCCAATGGCTT-1,1419
39,ATTTCTGGTTAGTCAC-1,1419
40,ACCAGTAAGGCAGTCA-1,1419
41,GACCTGGGTGAAGCCA-1,1419
42,CCGTGGAAGTGGTAAT-1,1419
43,CCTTCCCCACGCACGT-1,1419
44,GCATGATAGATAGCAT-1,1419
45,GGGATGACACCAATGT-1,1419
46,CTAACTTAGCTGAAAT-1,1419
47,TTAGGACCATGAGGCA-1,1419
48,AGAGCTTGTAATATGG-1,1419
49,TGGGCGTGTAATGACA-1,1419
50,CCAGCGAAGCGATTCT-1,1419
51,TACCTATTCGTACGCG-1,1419
53,ACGCCGAGTTCGATAC-1,1419
54,TGACTAGGTACCAGCC-1,1419
55,CCGGTAGAGGCTCATT-1,1419
56,GCGCAACCAGTCCCTT-1,1419
57,TTTCCTCCATGGATTC-1,1419
58,CGTCACTAGGGCTTGA-1,1419
59,ACCAGTAGTGACCCGT-1,1419
60,TGATTTCAGTGGAGAA-1,1419
61,GCTTGAAAGGAGTTTA-1,1281
62,TGAGAGGTCACCACGG-1,1281
63,CAACCAAGTGTCCCTT-1,178
64,TCAACGAGTCTGCCAG-1,584
65,AGCATACAGCTTCAGT-1,112
66,AAGCCGCTCCAACAAC-1,27
67,ATAGACCGTTACGGCC-1,151
68,CTCCTAGCATAGAGCG-1,338
69,GGCTCGAGTTGAACAA-1,484
70,GGAACTTAGACTCGGA-1,1195
71,GCCTCTACAGTGGATG-1,1195
72,ACCAGTACATCTCACC-1,1195
73,CCTCAGTAGGGATTCG-1,1195
74,GATGAGGAGAAGCCCA-1,1195
75,GGCTCGAAGATGTAAC-1,1195
76,GGACGTCTCTGATCAG-1,1195
77,AGCTCTCAGACTGGGT-1,1195
78,CTACATTGTCATACCA-1,1195
79,ATTATCCCAACTCCGG-1,1195
80,GGTGTTAGTCGCGAAA-1,1195
81,GAGTCCGCATTCTTCA-1,1195
82,ACGGGTCTCACGACGC-1,1195
83,AAGGCAGGTTCTTCGC-1,1195
84,TGAGCATCACAGACCC-1,1195
85,GCATGATCACACACGC-1,1195
86,CTAACTTTCTGCACTC-1,1195
87,GATCTAGAGATCTGCT-1,1195
88,CATCCACGTCATGCTA-1,1195
89,CTGCCTAGTCGCTTCT-1,1195
90,CTAACTTCAACACGTT-1,1195
91,TTAGGCAAGTTACGGG-1,1195
92,AGTGGGATCGAGTACT-1,1195
93,TTGTAGGGTCTCTCGT-1,1195
94,AAGGAGCAGTAGTGCG-1,1195
95,AGACGTTGTCGCGAAA-1,1195
96,TATCAGGCAGATTGTC-1,1195
97,AGGGAGTCAAATCGCT-1,1195
98,ATCCGAAGTTGGGCAA-1,1195
99,GCCAAATAGTCACGCC-1,1195
100,GCTTGAACAACTACTG-1,1195
101,GGAACTTCATAGAGGC-1,1195
102,GAACGGAAGGCAACAC-1,1195
103,AACTTTCCATCCGGCA-1,1195
104,AATCCAGGTCTGCCAG-1,1195
105,CAGATCATCTGGTGAT-1,1195
106,GACTAACAGGCTAGCA-1,1195
107,AGATTGCTCTCCAGCT-1,1195
108,GCTGGGTCAAGGCCCT-1,1195
109,GCATGATCATGAGGCA-1,1195
110,ACGATACGTACTACAC-1,1195
111,TGACAACTCATCGCAA-1,1195
112,TGGCTGGCATACGGAG-1,1195
113,TTTGGTTTCTGGAGTT-1,1195
114,AAAGATGAGAGTAAGG-1,1195
115,CACAGTAAGGATGTAT-1,1195
116,AGCTCTCAGGCGTTGA-1,1195
117,GCACATAAGACTAAGT-1,1195
118,GGAATAACATGACTCA-1,1195
119,CTCTGGTTCCGGCTAG-1,1195
120,AGATTGCTCTCCTGGT-1,1195
121,CTGCCTACACTATGCA-1,1195
122,GGAGCAACACGCCTGA-1,1195
123,TCATTACGTGTGAAAT-1,1195
124,ATCTGCCAGTGAACGC-1,1195
125,GCACATATCGATAAGA-1,1195
126,AGGGTGACAGTCGGAA-1,1195
127,GGGATGACACAGCTAT-1,1195
128,TGTTCCGGTACCAACT-1,1195
129,TATCTCAAGCAACGGT-1,1195
130,CCGTACTGTTTACTTC-1,1195
131,TCACAAGCACTTGTTT-1,1195
132,CAGAATCCAACCCAAT-1,1195
133,AAATGCCCAATAGGAT-1,1195
134,CACACCTAGCTGTTCA-1,1195
135,ACCCACTTCCTAGACA-1,1195
136,GTATTCTCAGTTATGC-1,1195
137,ACGAGGACAGAGCTCC-1,1195
138,TGGTTCCAGTGGAGTC-1,1195
139,CAGATCACAGTTCCGG-1,1195
140,TTGCCGTTCACGGTAT-1,1195
141,AAGTCTGCACACACGC-1,1195
142,AGCTCTCGTCTGGGCT-1,1195
143,AAACGGGTCCCAAGCG-1,1195
144,GCTGGGTCACCACACG-1,1195
145,ACTGTCCCACCTGCAG-1,1195
146,CAGATCATCATCGGTA-1,1195
147,TACCTATGTTACGCGC-1,1195
148,CACACCTCAACTCATG-1,1195
149,TATCAGGCAAGTGCAG-1,1195
150,CGTCTACTCAGGGACA-1,1195
151,TGCCCATTCAGCCACG-1,1195
152,TCATTACCAGTGCTCG-1,1195
153,GCAGCCAGTAGCAGTG-1,1195
154,TACAGTGAGGATGTCG-1,1195
155,CGTCCATGTAACTGTC-1,1195
156,TGGCTGGCATCTAAGC-1,1195
157,TGGCTGGGTCACGCAC-1,1195
158,TATCAGGCAAGGGTGT-1,1195
159,ACGCCGACAGACTCCG-1,1195
160,CTAGCCTGTCGCTCAG-1,1195
161,CGAGAAGGTAGACCAG-1,1195
162,ACCTTTACAACCGCTG-1,1195
163,CAGCTAATCCACCGGA-1,1195
164,CGGACACAGGCTCAGA-1,1195
165,CCTTTCTTCGTTCGGG-1,1195
166,TGAGAGGAGGCTACGA-1,1195
167,TACTTACTCCAACAAC-1,1195
168,TTCTTAGTCGCAGCAC-1,1195
169,AGCGTATTCGAACAAA-1,1195
170,CTAGAGTAGAGACTTA-1,1195
171,CAACTAGAGGAATCGC-1,1195
172,GTGGGTCAGGAATGGA-1,1195
173,CCCATACAGGTGCAAC-1,1195
174,GTGTTAGTCCGCTGGA-1,1195
175,ATTACTCTCCACTCGT-1,1195
176,CCTTACGCATGTTTCT-1,1195
177,GTGAAGGGTACATGAA-1,1195
178,TCAGCAATCGGGCTTG-1,1195
179,CCTTACGTCCAACCGG-1,1195
180,CTGAAACCATAGTGAA-1,1195
181,TACGGTATCGACCATA-1,1195
182,ACTTGTTTCAGTACAC-1,1195
183,ATGTGTGTCAAAGTGA-1,1195
184,GTTTCTACATTACAGC-1,1195
185,TAAGTGCAGGTGTAGC-1,1195
186,TGACGGCCAGATTGTC-1,1195
187,AACCATGCACGTCGGT-1,1195
188,CTCTACGGTAGGCTGA-1,1195
189,GATTCAGCATAGTGGG-1,1195
190,GGATTACAGCAGCCCT-1,1195
191,TTGAACGGTGCGAACA-1,1195
192,ACACCCTGTTTACGGT-1,1195
193,TTGACTTTCAAGCCAT-1,1195
194,GCCTCTACACTCCGAG-1,1195
195,TGAGGGAAGCTGCCCA-1,1195
196,TCGCGAGTCTAGCCTC-1,1195
197,CCACGGAAGTGGCACA-1,1195
198,CAGCCGAAGAAAGCTT-1,1195
199,GCGCGATCATACGTTG-1,1195
200,TCACGAATCATCTTTG-1,1195
201,TATTACCAGATATGGT-1,1195
202,CCCATACTCTATTGCT-1,1195
203,TCTGGAACACCTTGCT-1,1195
204,CTTGGCTCAGGGATCA-1,1195
205,TGGACGCCACGTCATA-1,1195
206,TCGTAGACACGTCGGT-1,1195
207,GGAGCAACAGTTGCCG-1,1195
208,GGGTTGCTCAGCGGCT-1,1195
209,ATTGGTGCAAGACGAC-1,1195
210,TACGGATCATCGGCGT-1,1195
211,TGAGCATGTTCGTCAA-1,1195
212,CGGAGCTGTAGAACAT-1,1195
213,ACTGTCCAGTGGGATC-1,1195
214,AGCTCTCCACCAATGT-1,1195
215,AGTGGGAGTGACGGTA-1,1195
216,TTTGCGCCACCACGCA-1,1195
217,CGATCGGAGACAGGCT-1,1195
218,CCACGGATCATCGCCT-1,1195
219,ACTTGTTCAGCGTACC-1,1195
220,AAAGTAGGTGATACCT-1,1195
221,GACTAACCAATCGTCA-1,1195
222,ACGAGGATCCAGGAAG-1,1195
223,TGTATTCAGTCCATAC-1,1195
224,TACTCATTCTGACGCG-1,1195
225,TCGTACCTCGCCAACG-1,1195
226,CCGGTAGGTCGCTTCT-1,1195
227,TCTTTCCTCGACTGCG-1,1195
228,ATGCGATTCGGAATGG-1,1195
229,GTTCATTTCGAGGTGA-1,1195
230,CGGGTCATCACCGGTG-1,1195
231,GCGCCAAGTACTGTTG-1,1195
232,TATTACCCATTTGTGG-1,1195
233,GGATGTTGTAGGTTTC-1,1195
234,TACGGGCAGGCTAGGT-1,1195
235,GTCACAACAAGTACAA-1,1195
236,AGCTCCTGTCCAGCCA-1,1195
237,GAAGCAGGTTTCCTGC-1,1195
238,AAAGTAGAGAGCTGGT-1,1195
239,TGAGCATCAGACTCCG-1,1195
240,AGCGGTCAGTACGTTC-1,1195
241,CCCAATCTCGATAGTC-1,1195
242,ACTGATGTCCGCGACA-1,1195
243,TCGTACCGTTGGGCAA-1,1195
244,CGATGTAAGTGGGATC-1,1195
245,GTACTCCTCTCAGCGG-1,1195
246,CTGTGCTAGTGTACCT-1,1195
247,GTATTCTTCCCGTTGT-1,1195
248,CCCAGTTCACCGGCAT-1,1195
249,AAAGTAGGTCACGCAC-1,1195
250,CGTCAGGCACTTGCTC-1,1195
251,AAAGTAGAGCGCTCAC-1,1195
252,GTCATTTGTACCATCA-1,1195
253,CACAGTAGTGACACGA-1,1195
254,GACCTGGAGTCCCACG-1,1195
255,GATCAGTAGTGTCCAT-1,1195
256,AAAGTAGCACGCTGAC-1,1195
257,GTATCTTGTAACAGCG-1,1195
258,CTGCGGAGTATGTACC-1,1195
259,GAGCAGAAGATTGAGT-1,1195
260,GCTCTGTTCAAAGTGA-1,1195
261,GGACAGATCCGCCTTA-1,1195
262,AGTGTCAGTCCGAAGA-1,1195
263,CACATAGAGCGATGAC-1,1195
264,AGAATAGGTTTAGCAC-1,1195
265,GATGAGGAGTTTGGCT-1,1195
266,TGGGCGTTCTCCAGCT-1,1195
267,ATGCGATTCAGCGGCT-1,1195
268,CAAGAAAAGGGTCGAT-1,1195
269,TGCGCAGAGGGTCGAT-1,1195
270,TGGGCGTGTACTCACA-1,1195
271,CTTAACTGTTCTGTCC-1,1195
272,GAGTCCGAGGATGCGT-1,1195
273,AGGGATGCATAACTCG-1,1195
274,GTGCTTCGTCTAGGTT-1,1195
275,CAACCAATCATGGTGT-1,1195
276,CAGTAACTCTTGCGAA-1,1195
277,GCGCGATCAAACCCTA-1,1195
278,TTAGTTCGTCTAGGGA-1,1195
279,TGACAACTCTCGAACA-1,1195
280,CTTACCGCAATAGGAT-1,1195
281,GTGCAGCAGTTGTAGA-1,1195
282,CGTGTCTCAGTCCGGT-1,1195
283,GCGCAGTTCCACAGCG-1,1195
284,TTGACTTGTCATCTGA-1,1195
285,CCGTTCAAGATGTCTC-1,1195
286,TGAGAGGAGTGTTTGC-1,1195
287,CTAGCCTAGGAGTACC-1,1195
288,CTTGGCTGTCAAGTTC-1,1195
289,CATCAAGTCCGCGGAT-1,1195
290,CTTCTCTCAGCTTGAT-1,1195
291,AGAGTGGTCGGTCACG-1,1195
292,AAATGCCCAACCCAAT-1,1195
293,TGCGTGGGTAACTTCG-1,1195
294,CTCGTCACACAAGCGA-1,1195
295,TGCGCAGCAGCCAAAG-1,1195
296,ACGCAGCTCTCCCTAG-1,1195
297,TCGCGAGCATTCCGAA-1,1195
298,CGAGAAGTCACAGCCG-1,1195
299,GGTGTTAGTCCCACAG-1,1195
300,GCTGCAGCAGGAGCAT-1,1195
301,AGAGTGGTCCAACAAC-1,1195
302,TGAAAGAAGCTAACTC-1,1195
303,AGCCTAACACTCCCTA-1,1195
304,CCTACCAGTTATGCGT-1,1195
305,AAGACCTCATGGAGAC-1,1195
306,TTTGTCAAGTAGCGGT-1,1195
307,AAGGTTCAGTGGTAGC-1,1195
308,ACGCCGAGTCTGGGCT-1,1195
309,GATCAGTAGGTGCTTT-1,1195
310,GTGGGTCGTTTCCATT-1,1195
311,AAGCCGCAGCCACGTC-1,1195
312,GACCAATCAAGGCCCT-1,1195
313,CCGGTAGCAAGCCAAG-1,1195
314,CAGAATCTCAGATTCG-1,1195
315,CAGCTAACAACCCACG-1,1195
316,ATCCACCCACCTGGCA-1,1195
317,TGTGGTAGTCACCAGC-1,1195
318,TGTTCCGCAGTGCTCG-1,1195
319,TGACTTTTCTACACCC-1,1195
320,AGAGCTTTCTATGCCC-1,1195
321,TCAGGATTCCAACAAC-1,1195
322,ATTCTACTCCACTAAG-1,1195
323,CGTTGGGGTATAAGTG-1,1195
324,ATCTACTGTGTGCTTA-1,1195
325,CGTAGGCAGCTGAACG-1,1195
326,TCGCGTTAGACGCACA-1,1195
327,GCCAAATCAGATGAAT-1,1195
328,TACCTATGTCCGGGTT-1,1195
329,CTTTGCGAGCTATGCT-1,1195
330,GTTCTCGTCTAGAACC-1,1195
331,CCTCTGACAGAACAGC-1,1195
332,GAACCTATCCAACGAT-1,1195
333,GTGCAGCAGCAACGGT-1,1195
334,GTTAAGCCATGGCACC-1,1195
335,GGATGTTCATGAGGCA-1,474
336,CTTTGCGCATATGTGC-1,1200
337,GGACAAGTCGTGCTAA-1,1200
338,CAGATCAGTCATGCTA-1,1200
339,GGGACCTGTACCAAGG-1,1200
340,GAATAAGTCCCTTATA-1,1236
341,TCGTACCCAACTCATG-1,1236
342,TTGAACGTCGTGCCTT-1,1236
343,CTGATCCGTGCTATTG-1,1236
344,CAAGAAAAGGCTAGTG-1,1236
345,CACATAGGTGCGGTAA-1,1236
346,CGTCCATTCGCTATGA-1,1236
347,ATCGAGTTCCGTAATG-1,1236
348,CGACCTTCACTAACTG-1,1236
349,TGCGGGTCAGACAGTG-1,1236
350,TGCGCAGTCCACTTAT-1,1236
351,AAATGCCCAACACGTT-1,1236
352,CACATAGCAACAGTGG-1,1236
353,TGGCTGGGTTAAGTAG-1,1236
354,CTTGGCTCACGTATGT-1,1236
355,AGTCTTTCACGCCTGA-1,1236
356,CGTAGCGGTCGCTGTG-1,1236
357,GGGACCTTCCCATGTC-1,1236
358,AGCAGCCAGCGATATA-1,1236
359,ATCATGGAGCGTAGTG-1,1236
360,GTAACTGTCAATAGGA-1,1236
361,GCATGTAAGCTACCTA-1,1236
362,AGCATACGTAATATGG-1,1236
363,CAGTAACCAGTGAATA-1,1236
364,CCTTTCTGTAACTGTC-1,1236
365,CTGAAGTAGTGAACAT-1,1236
366,GGGTCTGCAGCATGTT-1,1236
367,TTCTCCTAGGGCATGT-1,1236
368,ATAGACCTCGAACAAA-1,1236
369,TCTGGAATCCTACGAA-1,1236
370,CCACTACGTCTAGCGC-1,1236
371,GGACAAGTCGGAGTTT-1,1236
372,CGTCACTAGTGATGGC-1,1236
373,ACGATACCAGTCCGCA-1,1236
374,GGGACCTTCTTCTTGA-1,1236
375,TCAGCTCGTAGCTAAA-1,1236
376,TTGCGTCTCTTCTTGA-1,1236
377,CGGACGTCAATCCATG-1,1236
378,TGACAACCAATCCGTA-1,1236
379,TCGCGAGTCTTGGCCT-1,1236
380,AGATTGCCAATTAAGG-1,1236
381,AAACGGGGTCGTAATC-1,1236
382,CGATCGGTCACCATCC-1,1236
383,TTCGGTCTCAGAAACA-1,1236
384,AGTAGTCCATCTCAAG-1,1236
385,CGCTGGACAAGGCTAG-1,1236
386,CTGATCCAGCGATTAA-1,356
387,CTGTGCTAGGCATTCT-1,1238
388,CCGGTAGGTCGCCAAC-1,1238
389,TCCCGATCAAAGGGTC-1,1238
390,CACCACTGTGCATGAG-1,1238
391,GCATGATGTAGTGGCA-1,1238
392,GTTTCTAGTTAAAGGT-1,1238
393,CGTCTACCAAATAGGT-1,1238
394,GATTCAGCAGGTCAAG-1,1238
395,GGCCGATGTTCAAGGG-1,1238
396,GCTGCAGTCATCGCCT-1,1238
397,GGAGCAATCGCTATTT-1,1238
398,TCGGTAATCGTTATTC-1,1238
399,GGCTCGATCGTAAGGG-1,1238
400,CTCGAAATCACGTAGT-1,1238
401,CAACCTCAGCTAAGAT-1,1238
402,GTTAAGCGTGACCAAG-1,1238
403,CAGCATATCTATGGTG-1,1238
404,TGCCCATTCCAACCGG-1,1238
405,GATCTAGTCTGTATGG-1,1238
406,ACACCAAGTGTGTTCA-1,1238
407,ACGGCCAAGAAAGTGG-1,1238
408,TACTTGTGTTAGTGAA-1,1238
409,CAGTCCTTCTATGCCC-1,1238
410,TGAGGGACACCAAAGG-1,1238
411,GAACATCCATCTCGTC-1,379
412,CTACGTCTCTAAGACC-1,1260
413,TGGGAAGTCCTTATTG-1,1260
414,GCGCGATCACAGAAAT-1,444
415,CTTAGGATCGGAAGAC-1,1274
416,CTCTACGCAAATTCCG-1,1274
417,GACCTGGCAGTCCCTT-1,1274
418,CCTAGCTGTCAAGTCT-1,1274
419,TACCTTAGTGATTTGC-1,1274
420,GCGCAACCAATCCTTT-1,1274
421,TATCTCACAGGGAAGG-1,1274
422,AGAGTGGGTCAAGCCC-1,1274
423,GGCGTGTCATTATCCT-1,1274
424,GGAGCAACATCGGCGT-1,1274
425,AATCGGTCAAGTAAGT-1,1274
426,AGCTCCTAGTCACGCC-1,1274
427,CCTTTCTTCAGAGCGA-1,1274
428,CCGTACTAGGCTATCT-1,1274
429,CTTTGCGCACCAATAC-1,1274
430,AACTCTTCATTACAGC-1,21
431,CTGTTTAGTGGATAGC-1,366
432,GATCTAGTCTGACGCG-1,1342
433,GTCATTTAGCGTTGCC-1,1342
434,ACAGCTATCCGGTTCT-1,1342
435,CATATGGAGCACAGGT-1,1342
436,CTTTGCGAGCGGCTTC-1,1342
437,TTCGGTCAGATATACG-1,1342
438,TGTGTTTAGACCCACC-1,1371
443,CATCGAACAATCCTTT-1,1397
444,GGGTTGCTCTGATGGT-1,1397
445,CTGCCTAGTACTCGCG-1,1397
446,TGCACCTTCTTCTTGA-1,1397
448,GCATGATCACCAGTGC-1,1397
453,AGGGAGTAGGGTAACC-1,1397
458,TGCTGCTGTTCTCTCG-1,1397
459,CTGATAGGTTGGTGAG-1,1397
460,AACGTTGCAACTCGCG-1,1397
463,ATGCGATCACCCGTTT-1,1397
464,CCGTGGACAGATCGAG-1,1397
465,ATAAGAGGTTGAGCAG-1,1397
466,GCGAGAATCATGACCA-1,1397
467,CGGTTAACAGGGATCA-1,1397
469,GTACTCCTCTGAGATC-1,1397
471,AGCTCTCTCCACCTTG-1,1397
472,TGACGGCGTCAAGCCC-1,1397
473,AACGTTGGTGTGTATC-1,1397
474,CTGAAACCATTCCGAA-1,1397
476,ATCGAGTAGAACAATC-1,1397
477,CCTTCCCGTGCAACCC-1,1397
478,GGCTGGTAGGATGTAT-1,1397
479,ACATCAGTCTCGGAAT-1,1397
480,GCCAAATGTACCAAGG-1,1397
481,CCTACACTCTGATCAG-1,1397
482,GGTGCGTAGCAGCCTC-1,1397
483,GTCATTTCAACACCGC-1,1397
484,GCAAACTGTGGAGCTA-1,1397
485,GTTCATTTCACCATCC-1,1397
486,CGAGCCAGTGCGTCAC-1,1397
487,GCACTCTAGGGCTTCC-1,1397
488,CGGAGCTAGTGATGGC-1,1397
489,CTCGAAATCGGGAAAC-1,1397
490,AGCCTAATCAGTGTGT-1,1397
491,TCAGATGGTCTAGGTT-1,1397
492,AGTTGGTCAAGAGAGA-1,1397
493,GGTGAAGTCTGAAGCT-1,1397
494,GGGATGAAGCAGAGAA-1,1397
495,CACCTTGGTGTCTAAC-1,1397
496,GCTTCCACATTCGTTT-1,1397
497,CGTCCATTCGCTATTT-1,1397
498,TTCTCCTAGGGATACC-1,1397
499,TTGCGTCTCGAAAGGC-1,1397
500,CTCGTACGTAACTTCG-1,1397
501,CGAGAAGAGAATTGTG-1,1397
502,GAACGGAGTCGCGAAA-1,1397
503,GTCTTCGAGACAGACC-1,1397
504,GATTCAGTCCTACCCA-1,1397
505,TGCCCATAGGAGTTTA-1,1397
506,CATTCGCCAGGTCTGC-1,1397
507,CTACGTCAGTGTATCC-1,1397
508,ACGGGCTTCGTGAGGA-1,1397
509,TGCCAAAAGAAACCTA-1,1397
510,CCTATTATCTGCTAGA-1,1397
512,CTAGTGAAGGCATATA-1,1397
513,TACTTACGTGTTACGT-1,1397
514,GTAGTCAAGGCTCTCG-1,1397
515,TCGGTAAGTTCGATAC-1,1397
516,GGCAATTAGGAATCGC-1,1397
517,TACTTGTCATGATGCT-1,1397
518,GGGAATGCAGACACAG-1,1397
519,TTTGGTTAGTGAACAT-1,1397
520,AGGTCATCACTCCGAG-1,1397
521,AGCAGCCCAACGCCGT-1,1397
522,ACACCAACATAGGTCT-1,1397
523,TGGTTCCTCCGACGTG-1,1397
524,ACGATACGTTCGATTG-1,1397
525,ATGAGGGAGTGCTGCC-1,1397
526,CCAGCGACAATACTGC-1,1397
527,GGAAAGCGTCTCGTCT-1,1397
528,TACTCATAGGCCCTCA-1,1397
529,TGGGCGTAGAAGGTTT-1,1397
530,AACTCTTAGGCGACAT-1,1397
531,TGAAAGATCACACGGC-1,1397
532,CACACTCAGCTAACAA-1,1397
533,CCTACACAGGCTCTTA-1,1397
535,AGTGTCAAGCGTGAGT-1,1397
536,CGATCGGGTCTCTATT-1,1397
537,TCAGGATTCTTGTCCG-1,1397
538,CGCTATCCAACTACTG-1,1397
539,AGAATAGGTGCCTGGT-1,1397
540,TACTTGTTCGGTGCAC-1,1397
541,GAACGGATCGCCCAGA-1,1397
542,ACGCCGATCCGCTGAG-1,1397
543,ACTGAACTCCGCGGAT-1,1397
544,ATCCGAAAGCCAGGAT-1,1397
545,AAACGGGCAGCTTGAT-1,1397
546,GTTACAGGTCCTTGGG-1,1397
547,TGGACGCGTTGGCGTC-1,1397
548,GGATTACCATCTCACC-1,1397
549,TCTGGAAAGCCAGTAG-1,1397
550,CACATTTGTAACGCGA-1,1397
551,CAGAGAGAGCAGTAGC-1,1397
552,GATCAGTTCACTGTTT-1,1397
553,CTTGGCTAGATGTCTC-1,1397
554,GGGAGATCAGACTCCG-1,1397
555,AAATGCCAGGTGTGCA-1,1397
556,CGCTGGAAGTGGGTAC-1,1397
557,GTTACAGGTCAGAAGC-1,1397
558,AGCTCTCTCCTCGCTA-1,1397
559,GTCAAGTAGATATACG-1,1397
560,TCGGTAACATAACTCG-1,1397
561,CTAGCCTAGGCTAGCA-1,1397
562,CGGACGTTCCTGCACT-1,1397
563,GTCACAATCTAAGTGC-1,1397
564,GTGTGCGAGAGTTGGC-1,1397
565,TCGAGGCAGAATTCCC-1,1397
566,TTCTACATCTAGAACC-1,1397
567,GGGTCTGCAAGAACTA-1,1397
568,GGAAAGCGTGATTTGC-1,1397
569,TTGACTTGTTTCGCAA-1,1397
570,ACAGCTAAGTGGGATC-1,1397
571,GTACTCCCATAGGGCA-1,1397
572,TCAACGATCTAGCCTC-1,1397
573,CGACCTTTCCGTGCTT-1,1397
574,CACACCTGTATCTCTT-1,1397
575,TACGGGCCATGGCACC-1,1397
576,GTGTGCGCATCGCATA-1,1397
577,CACCAGGTCTCGAACA-1,1397
578,GGATTACCAGGGATCA-1,1397
579,GCGGGTTAGGTAAGTT-1,1397
580,TTTCCTCGTGCTATTG-1,1397
581,GCTGGGTCAGACTTGT-1,1397
582,ACGGGTCTCACTATGG-1,1397
583,GTGTTAGGTCAGTTTG-1,1397
584,TGACTTTTCTCGAATG-1,1397
585,GCTGGGTTCTGTATTC-1,1397
586,TGTGGTAGTCGCTTCT-1,1397
587,ATAGACCGTCAGGTAG-1,1397
588,AATCCAGTCGCGTGGT-1,1397
589,CTCGTACGTAGATAGT-1,1397
590,CTACCCATCCGACCAG-1,1397
591,CTACATTAGTTAGGGC-1,1397
592,TTTCCTCTCACGACGC-1,1397
593,ACTATCTGTCCAAGTT-1,1397
594,AATCCAGTCAGATTCG-1,1397
595,GCATGTACAACTACTG-1,1397
596,TACGGGCTCACTACAG-1,1397
597,TGCCAAATCCTCTGTG-1,1397
598,TCGCGTTCAGATTGTC-1,1397
599,GATCTAGAGAACAATC-1,1397
600,GTAGTCAAGGCGACAT-1,1397
601,CCGTTCAAGGTCGGAT-1,1397
602,TACCTATGTTCAGTGT-1,1397
603,CTACCCACATCTCACC-1,1397
604,CGTTCTGTCCGCGAGT-1,1397
605,TACGGATTCAACAGCT-1,1397
606,GTCCTCAAGTGGTAGC-1,1397
607,TCAATCTGTAGGGTGT-1,1397
608,CTCTAATTCATGACCA-1,1397
609,GCCAAATCATTCTTCA-1,1397
610,GAACCTACAATCCTTT-1,1397
611,AAAGTAGCAATCTCTT-1,1397
612,AATCCAGGTACGCGAA-1,1397
613,ACGCCAGAGACAGAGA-1,1397
614,ACGGGTCTCTACGTGA-1,1397
615,CTGAAGTAGTCCCGAC-1,1397
616,AATCCAGAGGGATCTG-1,1397
617,CAGCTGGCATGTTTCT-1,1397
618,AGCTCTCTCACTCATT-1,1397
619,CCTCAGTAGAATGTGT-1,1397
620,CTCACACGTTCGATAC-1,1397
621,ACGAGCCAGTGGTAGC-1,1397
622,ACGAGGAGTAAGATGT-1,1397
623,GCGAGAAGTAACCGAG-1,1397
624,ACGAGGACATGTATGC-1,1397
625,ACGAGCCTCACGTTAG-1,1397
626,CCGGGATCAACGAAAT-1,1397
627,TGACTTTGTACAATAG-1,1397
629,CCGGGATGTAATATGG-1,1397
630,GACGGCTGTAGCCCTG-1,1397
631,TCTTTCCCAGAACAGC-1,1397
632,TCAATCTCAACGGCTC-1,1397
633,ATCCGAAAGCTTCAGT-1,1397
634,CGAACATAGTCTCCTC-1,1397
636,GCAAACTTCGCGAGAA-1,1397
637,ACTTTCAAGCGAACTG-1,1397
638,GTCAAGTGTTCTCAAG-1,1397
639,GAGCAGATCCAACGTA-1,1397
642,TGCTGCTTCCCACAAA-1,1397
643,CGCTGGAGTCGCCAAC-1,1397
644,TCAGATGTCCGTTAAG-1,1397
645,AGCGGTCCAATGGCTT-1,1397
646,CATATGGTCATTTGCT-1,1397
647,GGAAAGCTCATCTCCG-1,1397
648,TATCTCAGTTAACCTG-1,1397
649,TTAGTTCGTCTCGAGC-1,1397
650,ACGGGTCGTCTTCGTC-1,1397
651,ATCACGAGTTGAACAA-1,1397
652,ATGCGATAGGTAACGC-1,1397
653,AGGGAGTAGGCTAGTG-1,1397
654,TCTGGAAGTACCTTGA-1,1397
655,CTCGGGACATTTCGTT-1,1397
656,TTTACTGCATGAGAAT-1,1397
657,CGCTATCCATCGGTCG-1,1397
658,TTGCGTCCAGATACCT-1,1397
659,AAGGTTCGTGACTGAG-1,1397
660,ACGGGTCGTGGAGCTA-1,1397
661,CACATAGAGGATGCGT-1,1397
662,CGATGGCTCCTACTCG-1,1397
663,ATCCACCCAGGGCTTC-1,1397
664,CTAGAGTTCTACACCC-1,1397
665,GGTGAAGTCAATAGAG-1,1397
666,GTGCTTCCAGCCAGTC-1,1397
667,GGGTTGCAGTCAAGGC-1,1397
668,TCGTACCCATACGTTG-1,1397
669,AGCCTAATCCGCACGA-1,1397
670,GGGAATGTCCGCTTGT-1,1397
671,ACTTGTTCATACGGTT-1,1397
672,AGATTGCAGAGTCTGG-1,1397
673,GCAGTTAAGAAACCAT-1,1397
674,CAGTAACGTCGCTCAG-1,1397
675,GCGCAACCAACCGCTG-1,1397
676,CTCATTATCGGTGCAC-1,1397
677,CGATTGAGTAACTGTC-1,1397
678,CAGCTAAAGCTAACAA-1,1397
679,GGCCGATAGGAGTACC-1,1397
680,ATTGGTGAGCTGGTCC-1,1397
681,CCTACACTCCTGCGTT-1,1397
682,ATCCACCCATATCGCA-1,1397
683,CCTTACGGTTTCCATT-1,1397
684,AAGGAGCCAAGGCGTA-1,1397
685,GATGAAAAGCATGAGC-1,1397
686,GCACATAAGAGACGAA-1,1397
687,GGGAGATTCACGTTAG-1,1397
688,CATCGAAGTGTGTATC-1,1397
689,CAGCATAAGCGATGAC-1,1397
690,TGGGCGTTCTCCATGC-1,1397
691,CACATTTAGCGAACTG-1,1397
692,TGTTCCGGTGTGAAAT-1,1397
693,CGGACTGAGCAGCCTC-1,1397
694,CTCACACAGCTGTCTA-1,1397
696,TCGCGTTTCTATGCCC-1,1397
697,TTAGGCAGTACGTCAT-1,1397
698,TTAGTTCTCTCTTCCT-1,1422
701,CTGCCTAAGGAGTACC-1,1422
702,GTGTGCGAGCATTCAC-1,1422
