,barcode,group
3,ATTGGTGCACAGAGCA-1,1635
6,CACCACTTCCCACAAA-1,1635
8,GCGACCAAGCTAAGAT-1,1635
9,TGCCCTACATGTTTCT-1,1635
11,ACCGTAAAGTACACCT-1,1635
13,CGGTTAAAGTAGTATG-1,1635
14,ACAGCTAAGGACTGGT-1,1635
15,CACTCCATCACCGCAG-1,1635
17,AAATGCCTCCCACGGA-1,1627
26,ATTACTCGTGGCAACA-1,1627
28,CTCTACGTCAGGTGAG-1,1627
29,GTATTCTCACTTGCTC-1,1627
30,TACACGACATGGAGAC-1,1627
32,GCTGGGTCAGACGAGT-1,1627
33,CTCGAAATCGTTATTC-1,1627
34,AACCATGAGGATCGCA-1,1627
35,ATCGAGTAGGCCCTCA-1,1627
36,GTGAAGGAGAACAATC-1,1627
37,TTCCCAGTCGGTAAGG-1,1627
38,ACGTCAATCTAGCAGT-1,1627
40,TGGACGCTCGCGATGC-1,1627
41,AGATTGCAGGTGATTA-1,1627
42,AAGGTTCCACCACGCA-1,1627
43,ACACCGGAGACTTCCA-1,1627
45,CGCTATCTCACTGTTT-1,1627
46,GACTACAAGGCTCAGA-1,1627
47,GTAGTCAGTGACTGAG-1,1627
49,GGCCGATAGAAGGTTT-1,1627
50,TTATGCTGTACTGTTG-1,1627
51,TTCGAAGCACTAAGGG-1,1627
52,TTCTTAGCAGAGATCG-1,1627
53,CCCAGTTGTGGCAACA-1,1627
57,CGTAGCGAGTGATCGG-1,1627
58,TTGGCAATCATCTTTG-1,1627
59,GCGCAACCATGAGGGT-1,1627
60,CTCTAATTCTGGTAGT-1,1627
62,TCACGAATCCGTTAAG-1,1627
63,GTAGTCACATGGGCCT-1,1627
64,ATCTACTTCTTTCGCG-1,1627
65,GGAGCAAGTTGTCACA-1,1627
66,GTAGTCATCTGAAGGG-1,1627
67,CTAATGGGTACAAGAT-1,1627
69,TTATGCTAGAGTTGGC-1,1627
70,GCTTGAACAACATAGA-1,1627
72,ATTACTCGTGCTTTCC-1,1627
73,TGCTACCCATAGCACT-1,1627
74,TCTTTCCGTCTCTCTG-1,1627
75,ACCTTTACATTGAAAG-1,1627
76,CTGCCTAAGGATGTAT-1,1627
77,GCTGCGATCTAACACG-1,1627
78,CACACCTCATAACTCG-1,1627
79,GGGCATCAGACTTTCG-1,1627
81,TAGAGCTCACGGGATA-1,1627
82,GTTCGGGCATACTTGG-1,1627
83,CTGCCTAGTACAAGAT-1,1627
84,CAGCCGATCGATAAGA-1,1627
85,CCCTCCTAGGCTACGA-1,1627
86,TTGCCGTCAGTGGATG-1,1627
87,CGCGTTTCAGCGCCAT-1,1627
88,GGACAAGGTCATACCA-1,1627
89,CGAACATTCTGGCCTT-1,1627
90,CTCTACGCAAGTGAGC-1,1627
91,GTGGGTCAGATGTAAC-1,1627
92,ACGAGCCCAATACTGC-1,1627
93,CTCGAAAGTAAACCTC-1,1627
94,GCGAGAACATTGCATG-1,1627
95,ATAAGAGAGTGTATCC-1,1627
96,CGGACTGAGACCCACC-1,1627
97,GACCTGGCATAGAGCG-1,1627
98,CGATTGAAGACAGGCT-1,1627
99,CTGATAGTCACTTTAC-1,1627
100,AGAATAGAGTTTCCTT-1,1627
101,CTTAGGAAGGGTTCGA-1,1627
102,ACGATACAGCACAGGT-1,1627
105,ATGTGTGTCACTGCGG-1,1627
106,ACTGAGTTCCTCTCAG-1,1627
107,TCGTACCAGAAAGTGG-1,1627
108,CGGGTCAGTCTTCACC-1,1627
109,AACTCAGCATGCCGGT-1,1627
110,AAGGAGCTCAGCGTCG-1,1627
111,TAGAGCTGTGCAGGTA-1,1627
112,TGTATTCCATACTGCA-1,1627
113,CATGCCTGTGATTGGG-1,1627
114,ACCTTTAGTGGGAAGG-1,1627
116,CGCTTCAGTCAGCCGT-1,1627
117,TCAGATGCATAGCACT-1,1627
118,AGACGTTAGCAGTCTT-1,1627
119,GAGGTGAAGCGGATCA-1,1627
120,CTTAGGATCTAAGTGC-1,1627
121,ACTTTCATCGTTCAAG-1,1627
122,ACATACGGTTAGAGCG-1,1627
123,GTCTTCGCAATGGCAG-1,1627
124,GCTGCAGGTAGTCAAA-1,1627
125,CTTCTCTTCCGTATTT-1,1627
126,AAACCTGTCTCATCCG-1,1627
127,ACTTACTGTCGACCAC-1,1627
128,CGTGAGCCAATTGAAG-1,1627
129,CGATGTATCGTAAGGG-1,1627
130,GAAATGACAGTAATCC-1,1627
131,TCAGATGAGCCACGTC-1,1627
132,TCAGATGAGCGTAATA-1,1627
133,CTCATTAAGAAGGGTA-1,1627
134,TGGGAAGTCAATCTTC-1,1627
136,CTAATGGAGTCGAGTG-1,1627
137,GGACAAGAGTCGTACT-1,1627
138,GACGCGTTCTCCACGT-1,1627
139,CTCGGGATCACCATCC-1,1627
141,GGAAAGCCATACAGAA-1,1627
142,CTGTTTAGTCCATGAT-1,1627
143,CACAGTACATCTCGTC-1,1627
144,GATGCTACAGAGATCG-1,1627
145,TAAGAGATCGAGGAGT-1,1627
146,AGAGCGAGTGGTTCTA-1,1627
147,GACGTTAAGTCAAGCG-1,1627
148,CAACCTCAGGCAGTCA-1,1627
149,CCGTTCAGTGCGAAAC-1,1627
150,CACTCCAAGCTAAACA-1,1627
151,AACTTTCTCCTCGCTA-1,1627
152,GGGTCTGAGCGAGAAA-1,1627
153,ATAACGCAGTCCAGGA-1,1627
154,ATTTCTGAGGATCGCA-1,1627
155,ATCCACCAGTGATCGG-1,1627
156,GTCAAGTGTTATTGGC-1,1627
157,GTCACAAGTCATGGCC-1,1627
158,ACTATCTAGTTCGCAT-1,1627
159,CACATAGAGTCCGGTC-1,1627
160,TACCTTATCTGCTGAA-1,1627
161,GTACTCCCATTACTTC-1,1627
162,GCAATCATCGATGGTT-1,1627
163,AAGGCAGAGCTTTGGT-1,1627
164,CCGGGATGTCAGTGGA-1,1627
165,AACTTTCGTTCTCAAG-1,1627
166,TGGGCGTCATCTTTCA-1,1627
167,CAAGGCCCACTCCCTA-1,1627
168,CCTATTACAAGCCAAG-1,1627
169,TGTATTCTCTTCCGAC-1,1627
170,TTTACTGGTGCGAACA-1,1627
171,CTTTGCGAGGCCATAG-1,1627
172,ATCGAGTCACGAGTTT-1,1627
173,CCCATACAGGATCGCA-1,1627
174,CTTTGCGCACCGGCAT-1,1627
175,ACGGGTCCACTAGGCC-1,1627
176,TTAGGCATCAGTGCCG-1,1627
177,CACATAGTCACACCTC-1,1627
178,CTCAGAATCCCATGTC-1,1627
179,CGACCTTTCACCGCAG-1,1627
180,CTTAACTAGCTGCGAA-1,1627
181,TTCGGTCAGCTAGGCA-1,1627
182,AACCATGCAGTCCCTT-1,1627
183,CTTGGCTTCGCCCAGA-1,1627
184,GACTGCGAGGGCATGT-1,1627
185,GATGAAACAGTCCCTT-1,1627
186,CGAATGTTCCCAAAGT-1,1627
187,CAGCTGGCACGTCGGT-1,1627
188,TGGACGCGTCCTAGTA-1,1627
189,CGTTGGGCATGAATGA-1,1627
190,AGCCTAACATACGTTG-1,1627
191,GAAATGAGTTTGGGCC-1,1627
192,TCGCGAGTCCTCTCAG-1,1627
193,ACGTCAAGTACCATCA-1,1627
194,AACTCCCGTCCAAGTT-1,1627
195,CGAGCCAGTGGTAAGC-1,1627
196,ACCCACTAGTCATCCA-1,1627
197,TTTGCGCAGGAGCGAG-1,1627
199,TAAGAGACAATCGTCA-1,1627
200,TAGAGCTCAGGTCTGC-1,1627
201,TCACGAAGTGGCGTCT-1,1627
202,AAGGTTCCATACGGTT-1,1627
203,CCGTGGATCCGTCTAC-1,1627
204,TCATTTGAGTCATCCA-1,1627
205,AGCGTATTCGAGTATC-1,1627
206,CAACCTCTCACTATGG-1,1627
207,AAGGAGCAGGTACTCT-1,1627
208,GCATGATGTTCGATAC-1,1627
209,CTGTGCTAGAAGGCCT-1,1627
210,CCCATACCATTTCCAT-1,1627
211,GTAGGCCCAAGACTTC-1,1627
212,CCACGGAAGGTGCTTT-1,1627
213,TGGACGCCACCTGGCA-1,1627
214,CCTTTCTCAAGGGTGT-1,1627
215,CTTCTCTCACGCGATC-1,1627
216,ATCTGCCTCGTGTGGC-1,1627
217,GTAGGCCTCGCCTGGA-1,1627
218,AAACCTGCATTCATCT-1,1627
219,AAATGCCAGACTGGGT-1,1627
220,CCATTCGAGCTTTGGT-1,1627
221,TTGTAGGGTCGCGCTA-1,1627
222,CTTGGCTCACGCTGAC-1,1627
223,TTATGCTTCTCGGTTC-1,1627
224,CACAGGCCAAAGTAAC-1,1627
225,AACTCAGGTGCAAACG-1,1627
226,CGTAGCGAGTACTTGC-1,1627
227,GGCTCGATCTGGGACC-1,1627
228,GCGCAACCAGTCCGGT-1,1627
229,CTGGTCTAGCTTAGAA-1,1627
230,GGGATGATCTTCACAT-1,1627
231,CGGACTGTCAGCCACG-1,1627
232,GGCTGGTTCGAACAAA-1,1627
233,TTCCCAGCAACGAAAT-1,1627
234,CCGGTAGTCATCGCAA-1,1627
235,CGAGAAGGTTACGCGC-1,1627
236,CGCCAAGTCTCAGATG-1,1627
237,TATCTCATCCCTAAGA-1,1627
238,GGGAATGCACCCAAAT-1,1627
239,TCAGGTATCACACGGC-1,1627
240,CAGCTGGCAAAGCGCA-1,1627
241,GAGGTGAAGCTTAGAA-1,1627
242,CCCATACAGGGTAGGG-1,1627
243,TTTGTCAGTATCTCTT-1,1627
244,ACTGCTCAGAGGGATA-1,1627
245,CTAATGGAGCAGGTCA-1,1627
246,GAAACTCCATCAGGGA-1,1627
247,AGACGTTGTCCGCAAC-1,1627
248,ACAGCTAGTTTAGCAC-1,1627
249,CTGATAGAGTTAGGGC-1,1627
250,AAGGCAGCACTAACTG-1,1627
251,AGCAGCCAGTACGTAA-1,1627
252,TGTGGTAAGACGTCGA-1,1627
253,TACGGGCTCCTCGACT-1,1627
254,TCGGTAAAGAAAGCTT-1,1627
255,CGAACATTCCTGCGTT-1,1627
256,GGACATTTCTGGGATT-1,1627
257,TGGTTCCTCTCCAGCT-1,1627
258,GTCTTCGGTCTCGTCT-1,1627
259,TGTATTCGTAACTAAG-1,1627
260,TCGAGGCGTACAATAG-1,1627
261,TCTCATAAGAACTTCC-1,1627
262,TTAACTCGTTAGCTCA-1,1627
263,CCCTCCTAGGCTCATT-1,1627
264,CATCCACAGTAACCCT-1,1627
265,GGATGTTTCATCGCCT-1,1627
266,AACGTTGTCCACCCAT-1,1627
267,CGTCTACAGACCTTTG-1,1627
268,CGGCTAGTCACCGCAG-1,1627
269,GACCAATTCCAGGCAC-1,1627
270,CGGACTGCACCCACAG-1,1627
271,GAATAAGTCTTAAGGC-1,1627
272,GTAGGCCAGTGGGCTA-1,1627
273,CTTAGGATCCAACGTA-1,1627
274,CGAACATTCTGACGCG-1,1627
275,CAACTAGAGTGGGTAC-1,1627
276,GATGAGGTCGTTCGTC-1,1627
277,CTTGGCTCACGTGCGT-1,1627
278,TTAGGCACAACCTGGC-1,1627
279,TTGACTTCAAGGCCCT-1,1627
280,GGCCGATTCTGGAGTT-1,1627
281,TCTTCGGGTTTACGGT-1,1627
282,CGGCTAGTCGCCAACG-1,1627
283,TGCGCAGCATGCCATA-1,1627
284,CATCAGAGTGTGACAG-1,1627
285,TCTCTAACAAATCGCT-1,1627
286,CGACTTCGTACGGTGA-1,1627
287,TGGCGCACATACCAGT-1,1627
288,TGTGTTTGTGTGTATC-1,1627
289,CGGACGTTCCGTGCTT-1,1627
290,CATTCGCTCTCATCCG-1,1627
291,AAAGCAATCCACCCAT-1,1627
292,GCTTCCAAGAGTAGCC-1,1627
293,CATTATCCATACTGCA-1,270
294,ATCCGAAAGGTATCGG-1,1599
295,TGCACCTCAACAGCCC-1,1599
298,GATGAAAGTGATCCTA-1,1599
299,ACGATACGTCGCCAAC-1,1599
300,TACCTTACAGGTCCCA-1,1599
301,AGTGAGGTCCATTTGT-1,1599
302,GTCAAGTAGTCCCACG-1,1599
305,GGATTACCAGGATCCC-1,1599
306,TCTCTAAAGTGAAGTT-1,1599
308,CGGTTAATCAGATGTC-1,1599
309,ACACCAAAGACTTTCG-1,46
310,CGTCAGGTCGTTCAAG-1,369
311,GTACGTACAGTGTGGA-1,597
312,CCGTTCAAGGACTGGT-1,302
313,CCTTACGCATTGCCGG-1,310
314,CGATGTAGTCGCTCAG-1,338
315,TTCTCCTCATTACAGC-1,798
316,GAAGCAGCAATCCATG-1,1274
317,AAACCTGAGTGGAGTC-1,1274
318,ATCCACCCAATCCTTT-1,1274
319,TAGACCAGTGTCCGAC-1,1244
320,ATGTGTGAGTGGTAAT-1,1244
321,TAGGCATCAGACAGTG-1,1244
322,ACTATCTAGACAGAGA-1,1244
323,GCATGATGTGCGAAAC-1,1244
324,ACCCACTGTGCTTTGA-1,1244
325,GCTGGGTGTTGAACTC-1,1244
326,GGGAGATCAAGCTACT-1,1244
327,GAATAAGTCAAGCCAT-1,1244
328,TAGCCGGGTAATATGG-1,1244
329,CGAGAAGGTCATCTGA-1,1244
330,AACTCTTGTTGTCACA-1,1244
331,CCACGGAGTGGTACAG-1,1244
332,TGTTCCGAGTCGATAA-1,1244
333,GAATAAGGTAAGAGAG-1,1244
334,CGATTGAGTGTAATGA-1,1244
335,CACAAACTCCGAGATT-1,1244
336,CGTGTCTTCTGAGATC-1,1244
337,ACAGCCGCACGAGATG-1,1244
338,CACAAACTCCAAAGAA-1,1244
339,GTGAAGGGTCCATTGA-1,1244
340,TCAGCAAGTAAGAGAG-1,1244
341,TGGCTGGCATGAGGCA-1,1244
342,CCTTTCTGTGCTTTGA-1,1244
343,ATCACGAAGGCTCTTA-1,1244
344,TCATTACTCCTGATTT-1,1244
345,AGCCTAACACCAAAGG-1,1244
346,TCGTACCTCCCACAAA-1,1244
347,GTACTTTTCGCTATTT-1,1244
348,TGGTTCCTCCTTATTG-1,1244
349,ACACCAATCGCCTGGA-1,1244
350,TTCTTAGTCTCGTGGG-1,1244
351,CGGTTAAGTGCTCTGG-1,1244
352,ACGATACAGGCATTTC-1,1244
353,CAGCTGGTCTACACCC-1,1244
354,GGCAATTCAGGATCCC-1,1244
355,ACGCAGCGTCACATGT-1,1244
356,CGTTGGGTCGATGGTT-1,1244
357,GCGAGAAGTACAAGAT-1,1244
358,TTCGGTCGTCAGGTAG-1,1244
359,CTCGAAAAGGTGATTA-1,1244
360,GGAATAAAGACTAGAT-1,1244
361,TGAGAGGCAGATGAAT-1,1244
362,ACCTTTATCACACCTC-1,1244
363,CCGGTAGTCTAGACAC-1,1244
364,TTGAACGAGAAACCTA-1,1244
365,CTCGAGGCAGAGATCG-1,1244
366,TATTACCGTATTCGTG-1,1244
367,CACAGTACATACGTTG-1,1244
368,TGCGTGGAGTCCATAC-1,1244
369,CAGCTGGTCTCCTGGT-1,1244
370,CTGCTGTTCTGAGATC-1,1244
371,CTAGTGAGTTGCCTCT-1,1244
372,AATCCAGCAACTCACA-1,1244
373,ATAAGAGCAAGACGAC-1,1244
374,TCAATCTTCATGACCA-1,1244
375,TGGCTGGTCCTGCGTT-1,1244
376,TTATGCTAGTGTACGG-1,1244
377,CATCCACCAGATATCC-1,1244
378,TTCTCCTAGCTGCGAA-1,1244
379,TAAGAGAAGAGGTAGA-1,1244
380,CAGTAACTCGTGCTAA-1,1244
381,GACTACAGTCTACATG-1,1244
382,GACTGCGGTGTCCCTT-1,1244
383,TTAGTTCGTTGTAGCT-1,1244
384,CTCAGAATCGCCCAGA-1,1244
385,GTTCGGGTCTTGTCCG-1,1244
386,ACTTGTTGTACCGTCG-1,1244
387,CGTGTCTAGTGTCTCA-1,1244
388,CGACCTTCAAGTAAGT-1,1244
389,TTCCCAGTCGTGCTAA-1,1244
390,GGCGACTTCATGTGAC-1,1244
391,CTAACTTGTGAGCGAT-1,1244
392,TGCTGCTTCATTGCTT-1,1244
393,AACGTTGGTAACACTC-1,1244
394,CTAGCCTCAGAAGAAG-1,1244
395,GATGCTAGTGGTGCAA-1,1244
396,TCGCGTTCAGATACCT-1,1244
397,ATCGAGTTCCAGGCGT-1,1244
398,TCTGAGACAACCTCAA-1,1244
399,CCTATTATCTATGGTG-1,1244
400,GCATGTACAACATAGA-1,1244
401,GCCTCTACAGTGAATA-1,1244
402,TTGGAACCAACTCATG-1,1244
403,ACGATACTCTATGGTG-1,1244
404,AGTGAGGTCTGCACAA-1,1244
405,CTCCTAGAGTAGTGCG-1,1244
406,AAGGAGCCACTTGCAA-1,1244
407,TCAGCTCTCTCATCTA-1,1244
408,TGACGGCGTCATCTGA-1,1244
409,GACGTGCAGACCCACC-1,1244
410,TGACGGCCAACCTGCG-1,1244
411,CTCGGAGGTCGTAATC-1,1244
412,GACGTTAGTCACCTGG-1,1244
413,CATCCACAGCAGTCTT-1,1244
414,GAAACTCAGGCTAGGT-1,1244
415,TATCAGGTCCAACCGG-1,1244
416,ATCATGGAGGGAGTAA-1,1244
417,CTAGCCTTCAGCACGC-1,1244
418,GCGAGAAGTTCAAGAA-1,1244
419,TGGGCGTCACTGTATG-1,1244
420,CATCAGATCAGTAAAG-1,1244
421,GGATTACGTAGGCTGA-1,1244
422,GGACGTCCACAGAAAT-1,1244
423,GTATTCTGTAGCAGTG-1,1244
424,AAGACCTTCTACCGTC-1,1244
425,AGGGTGATCCTAGACA-1,1244
426,ACGGGCTAGGATCCTT-1,1244
427,CTAGTGAGTTGACGGA-1,1244
428,ACTTACTTCTTAAGGC-1,1244
429,CTCTAATAGTAGGTGC-1,1244
430,GACAGAGGTAACGCGA-1,1244
431,ATCCACCAGCAGATCG-1,1244
432,TGCACCTAGCCAGGAT-1,1244
433,TCAGGTAGTTGAAGGC-1,1244
434,AAATGCCAGGAGCGAG-1,1244
435,CCGTTCATCTGTCGAA-1,1244
436,TGATTTCCACACCTAA-1,1244
437,CCGTTCATCCGCTGAG-1,1244
438,GCGCAACGTTGCACTA-1,1244
439,ACTATCTGTAATGACA-1,1244
440,GCATACATCTGCTGAA-1,1244
441,CCCAATCCATACTGCA-1,1244
442,TAGTGGTCAAGCACGA-1,1244
443,AGATTGCGTGATGTGG-1,1244
444,CAGTCCTTCTAACGTG-1,1244
445,CGTCTACGTCGCAAGA-1,1244
446,ACTGATGCAATGGTAA-1,1244
447,TCAGCTCGTAACAATG-1,1244
448,GACACGCTCACTACAG-1,1244
449,TAGAGCTTCAAGCCGC-1,1244
450,GTATCTTCAAGAGAGA-1,1244
451,TTCTACAAGAACTTCC-1,1244
452,AGTTGGTGTTAACCAC-1,1244
453,GCTTGAAAGAGCCACA-1,1244
454,ATAGACCAGTCACGCC-1,1244
455,TCCACACAGGTAAACT-1,1244
456,GTTCGGGGTATGACTC-1,1244
457,TAGTGGTAGGCTAGCA-1,1244
458,AGCGTATCATAGGACG-1,1244
459,GGAAAGCTCCCATGTC-1,1244
460,ACGATACGTACCAGCC-1,1244
461,GCGCAACCAACGGGAT-1,1244
462,TTAGTTCGTAACCGAG-1,1244
463,ATGAGGGGTTCAAGGG-1,1244
464,TGACTAGCAATACTGC-1,1244
465,GCATGTACACTGTATG-1,1244
466,CACATAGTCCGCTGAG-1,1244
467,AAGGCAGGTTGTTCAG-1,1244
468,ATCGAGTAGTGTATCC-1,1244
469,TTTATGCCAACGGCTC-1,1244
470,TGGTTAGCATTGAAAG-1,1244
471,ACCCACTCACTCCGAG-1,1244
472,AAGTCTGAGGGCTTCC-1,1244
473,CACAAACAGGCTGCTC-1,1244
474,TAAGTGCAGTCCCACG-1,1244
475,CACAGGCGTCCTACCT-1,1244
476,ATCATCTAGCTAAGAT-1,1244
477,CGTCAGGGTACTGTTG-1,1244
478,AAACCTGGTACAATAG-1,1244
479,TGGCGCATCCTGCACT-1,1244
480,CTAGTGATCACTATGG-1,1244
481,CCACCTACATTACGCA-1,1244
482,CTTAGGAAGCTATGCT-1,1244
483,ACATACGAGTCCGGTC-1,1244
484,ACCTTTACATTTGTGG-1,1244
485,AGAGTGGGTGACTGAG-1,1244
486,GTCATTTCATTCCGAA-1,1244
487,CTGATCCGTGAAGCCA-1,1244
488,ACATCAGAGATTACCC-1,1244
489,AGGCCGTCAGGAGCAT-1,1244
490,CTGTTTATCAGCCACG-1,1244
491,CATCCACCAACGAAAT-1,1244
492,GACGTTAGTACCACTA-1,1244
493,TAAGCGTCACGCTGAC-1,1244
494,GAAATGATCTCGTGGG-1,1244
495,GATGAAAAGCTACCTA-1,1244
496,AGAGCGATCTCGGTTC-1,1244
497,ACTGTCCAGATCACTC-1,1244
498,AACTCAGCAAACCGAG-1,1244
499,CGAACATTCTACGGGC-1,1244
500,GGACAGATCACACGGC-1,1244
501,TGCGGGTCACGATCTA-1,1244
502,CGGACACAGTCCAGGA-1,1244
503,ACTTACTAGCATTCAC-1,1244
504,GATGCTAAGCAGGTCA-1,1244
505,CATGACAGTACCGTCG-1,1244
506,CCGGGATGTTCAGTAC-1,1244
507,CGACTTCAGATATGGT-1,1244
508,GTCAAGTAGTGGAGTC-1,1244
509,CTCGAAAGTTCGATTG-1,1244
510,TCATTTGAGCAGAGAA-1,1244
511,GGAAAGCGTCACGCAC-1,1244
512,GTTTCTATCTGGGATT-1,1244
513,GAACATCGTCCGAATT-1,1244
514,TGAAAGAAGGAGTAGA-1,1244
515,CCTTCCCCAAGACTTC-1,1244
516,CTGCGGAGTCAACATC-1,1244
517,AGCTCTCCAAGCAAGC-1,1244
518,CTCGGAGGTCGACGCT-1,1244
519,GTGCAGCTCCGTCTAC-1,1244
520,CCAATCCTCATTGGAC-1,1244
521,CTCGGGAAGCCTAACT-1,1244
522,GAATAAGCAGTAGGGT-1,1244
523,ACTGTCCCAGGTCAAG-1,1244
524,ACTTTCACAGATTGTC-1,1244
525,GCGACCATCGTTGCTC-1,1244
526,TAAGCGTCACCACACG-1,1244
527,AAGACCTGTTGAACAA-1,1244
528,TGAGGGACAACACGTT-1,1244
529,CGTGTAAAGGACAGCT-1,1244
530,CTAAGACCACTCATGA-1,1244
531,GAAACTCGTTCCACAA-1,1244
532,GCTCCTAAGGCATGGT-1,1244
533,TGCCAAAGTAGGGTGT-1,1244
534,CTGCGGACAGCGTACC-1,1244
535,GTCACAAAGACACGAC-1,1244
536,GCCAAATAGAATTGTG-1,1244
537,GAAGCAGGTACTACAC-1,1244
538,ATTCTACCATAGAGCG-1,1244
539,GCGCGATTCCTCCTGA-1,1244
540,CAAGTTGAGAGTAGCC-1,1244
541,CTAACTTTCGTTCGGG-1,1244
542,CAAGTTGAGCTTCAGT-1,1244
543,AGCTTGAAGGCAGGTT-1,1244
544,CAGCTGGTCAGGTGAG-1,1244
545,AGAATAGTCAAGACAA-1,1244
546,TACCTATCAAGCCAAG-1,1244
547,CTGTGCTCATGCCGGT-1,1244
548,GACGTGCAGGATGTCG-1,1244
549,TCAGCTCAGACTTCCA-1,1244
550,TGGGAAGCAGTTTGCA-1,1244
551,ACATCAGTCCGTGCTT-1,1244
552,ACGATACAGTTCGATC-1,1244
553,CGGGTCATCTCCTGGT-1,1244
554,TTCGAAGCACCTTGCT-1,1244
555,AGTCTTTGTCTCCACT-1,1244
556,GACCTGGAGTGGACGT-1,1244
557,TGGCCAGAGTCTAGCT-1,1244
558,TACGGTAAGTTAACGA-1,1244
559,CTCGGGAGTGCTTTCC-1,1244
560,AGGTCATAGGAGTTTA-1,1244
561,TAAGTGCGTACGTGCC-1,1244
562,AACACGTGTGCACTTA-1,1244
563,CATCGGGCATCCATAG-1,1244
564,CACACCTGTCCGAATT-1,1244
565,CATCGAATCACGTTAG-1,1244
566,GTGCTTCTCATAGGAA-1,1244
567,TGTGGTAGTACTAGGG-1,1244
568,CAGAATCGTTCGTAAC-1,1244
569,CTCTACGGTGAAAGAG-1,1244
570,TAGGCATGTGATTGTC-1,1244
571,CCACCTATCAGTGTGT-1,1244
572,TCACAAGAGCACAGGT-1,1244
573,ACGAGCCCAACCGGAA-1,1244
574,GAAGCAGTCAGGACAG-1,1244
575,AACTCAGTCTGTTGTT-1,1244
576,TTCTACACAGTCCGCA-1,1244
577,CAGAGAGCATCCATCC-1,1244
578,CTCTAATAGACACGAC-1,1244
579,AGGGAGTGTGGTCAAG-1,1244
580,GCGCAGTCACATCTAG-1,1244
581,ACGGGTCAGCGCCTTG-1,1244
582,GGAAAGCCAACATAAG-1,1244
583,GACACGCTCCTATGAG-1,1244
584,TACGGGCGTTAAAGGT-1,1244
585,AACTGGTTCATAGGAA-1,1244
586,AAGCCGCTCCACTAAG-1,1244
587,TACTTACTCGTGCTAA-1,1244
588,CTCACACGTAATGACA-1,1244
589,TCCACACAGGAAACTT-1,1244
590,AGACGTTTCAGAAACA-1,1244
591,CGGGTCACAACTCGCG-1,1244
592,CTGGTCTTCAAAGTGA-1,1244
593,TCAGCAACAAAGTTAG-1,1244
594,ACACCGGCAGTGCTTA-1,1244
595,CATCGGGCAACTCGCG-1,1244
596,ACAGCTACATACGTTG-1,1244
597,TCTGAGACAGCCAAAG-1,1244
598,CGATGGCCATCTAAGC-1,1244
599,TGCGGGTTCGTTGGAT-1,1244
600,ACCAGTACACCACATA-1,1244
601,GTTCATTAGGACCAGT-1,1244
602,CCAGCGATCAAAGTGA-1,1244
603,GTCCTCAAGCGTCTAT-1,1244
604,ATTGGACTCTACAAGC-1,1244
605,GATCGTATCTGAAGTC-1,1244
606,ATAACGCAGGGATTCG-1,1244
607,TTTCCTCCAGACACGA-1,1244
608,GCGAGAAAGGCTGCTC-1,1244
609,GGAACTTTCAGATGTC-1,1244
610,CCTTCCCAGCCTAACT-1,1244
611,GAACATCAGTTGGCTT-1,1244
612,CGAATGTCACGCTGAC-1,1244
613,GATCAGTAGACAGAGA-1,1244
614,GACTGCGGTCTAGGGA-1,1244
615,CCAGCGAAGTGAACGC-1,1244
616,AACTCAGTCCGCGGAT-1,1244
617,TTTGGTTAGATCGGGT-1,1244
618,CACAGGCAGAGTACAT-1,1244
619,GCGCCAATCTTCCGAC-1,1244
620,GTGTGCGAGCGTGAAC-1,1244
621,AGGCCGTGTCTTACCC-1,1244
622,GATGAGGAGTTCGATC-1,1244
623,CTACACCAGTGTCTCA-1,1244
624,CTTCTCTTCGTAGGGA-1,1244
625,TATCAGGTCCGCGAGT-1,1244
626,ATAACGCTCAGCCACG-1,1244
627,GCTCCTACATGAGGCA-1,1244
628,TTGACTTCAAACGAGC-1,1244
629,ATAGACCAGAGGTACC-1,1244
630,CTACACCGTCAGAAGC-1,1244
631,GCAGTTAAGACAAGCC-1,1244
632,TCTCTAAAGGGTCGAT-1,1244
633,TCACGAATCTGGCCTT-1,1244
634,ACGCCAGCATGAAAGT-1,1244
635,TATCAGGCATGAGGGT-1,1244
636,CTACGTCTCTTTCGCG-1,1244
637,AACCGCGAGTGTCTCA-1,1244
638,GCTGGGTCAACATCAC-1,1244
639,TGAGCCGTCACGCTCT-1,1244
640,CACATAGGTGGACGTA-1,1244
641,GCTTCCAGTACTACAC-1,1244
642,TGGCGCACATGAATGA-1,1249
643,CGATGGCCAGACAGTG-1,1249
644,GGACATTAGGCCATAG-1,1249
645,GGCAATTTCGCTATGA-1,1249
646,GTCTCGTTCACTATGG-1,1249
647,TACGGATAGCCAGTAG-1,1249
648,GGAACTTGTGCGAACA-1,1249
649,TTTCCTCAGCAGACTG-1,1249
650,AACGTTGTCGAGGTGA-1,16
651,GGTGTTAGTCCTACCT-1,596
652,GAGTCCGTCCGTGCTT-1,497
653,CATGACATCGTGTACA-1,1298
654,GTGCGGTCAACGCGTC-1,1298
655,CAGATCAGTGCTCTGG-1,1298
656,CGAGAAGGTAACCGAG-1,1298
657,CCATGTCAGGAGTACC-1,1298
658,GGACAGAGTGTTACGT-1,1298
659,AGAGCTTAGGAGTCTG-1,1298
660,GATCTAGGTCAACTGT-1,1298
661,CAACCAATCAGAGCGA-1,1298
662,TACGGTACAACGCCGT-1,1298
663,AGTCTTTCAAGGTCGA-1,1298
664,AGGGATGAGTAGTATG-1,1298
665,CCCAGTTAGCTCTCGG-1,1298
666,ACTGAACTCACCGCGA-1,1298
667,TGGCGCATCCAGGCGT-1,1298
668,ACAGCCGTCTGGGCTG-1,1298
669,CCCAGTTAGAAACCAT-1,1298
670,TGTGGTACACAAGCGA-1,1298
671,AGATTGCAGACTTCCA-1,1298
672,ACCCACTAGAGGCAAA-1,1298
673,GGGCATCGTTCGGTGC-1,1298
674,ATTATCCCATATCGCA-1,1298
675,GCAAACTGTTAAGCCT-1,1298
676,AAGGAGCCAGTTTGCA-1,1298
677,CGCCAAGCAAATTCCG-1,1298
678,TCCACACGTTAAACGA-1,1298
679,TACACGAAGTGAACGC-1,1298
680,ACAGCTACAACCCTGG-1,1298
681,ACGCAGCCAACCTGCG-1,1298
682,AAGACCTGTTTCGCAA-1,1298
683,TGACTTTTCGAGCGTC-1,1298
684,AGAGCGAAGAAGGCCT-1,1298
685,AGATCTGCATTGCCGG-1,1298
686,CGAATGTCATGTTGCA-1,1298
687,GTATTCTCAGGTACGA-1,1298
688,AGCTTGACATGAGACG-1,1298
689,ATCATGGAGTGAACGC-1,1298
690,GACACGCAGCAGTAGC-1,1298
691,TACGGGCTCAGAAACA-1,1298
692,CAACTAGAGAGGTACC-1,1298
693,CTACGTCTCCATTTGT-1,1298
694,CTCATTATCTGATGGT-1,1298
695,AGTAGTCGTTGGCGTC-1,1298
696,GACGTGCGTGAGCTCC-1,1298
697,CGGCTAGTCGGCTCAG-1,1298
698,CATATTCCAAGAGACC-1,1298
699,GCTGCTTTCTGAAGGG-1,1298
700,AGCGGTCGTCAATTCG-1,1298
701,GTTCTCGAGGGTGTGT-1,1298
702,CACAGTAGTAGATGTA-1,1298
703,TGTATTCGTACCTCGG-1,1298
704,CACCTTGGTACCGCTG-1,1298
705,CAGGTGCTCCGAAGGA-1,1298
706,CACAAACGTCTTCGCT-1,1298
707,CCATGTCAGTACACCT-1,1298
708,GCCAAATCACAGACCC-1,1298
709,AAAGTAGAGACCCACC-1,1298
710,TCGCGTTTCTCAGCGG-1,1298
711,AAGGTTCAGTTCGCAT-1,1298
712,GTTCTCGGTAAACAGT-1,1298
713,CTAAGACTCCTGATTT-1,1298
714,GGAATAACAAATCGCT-1,1298
715,ATCTGCCTCCGCTGAG-1,1298
716,CGATTGATCTGATGGT-1,1298
717,GTGCAGCCATAACAAG-1,1300
718,TTTACTGAGAAACGCC-1,1300
719,TGCCCATTCATTCGCC-1,739
720,TCACGAACAATGGTAA-1,1373
721,GGACAAGTCTGAAGCT-1,1373
722,CAGCTGGTCCTCGACT-1,1373
723,GCTGCTTCAACCCACG-1,1373
724,CTGCTGTTCTTGTCCG-1,1373
725,GAACATCAGCGAACTG-1,1373
726,GCCTCTAAGTAGGTGC-1,1373
727,GGATTACGTCATTACG-1,1373
728,GTGCAGCGTCTCTCGT-1,1373
729,ACATACGCAAATGATG-1,1373
730,CTGAAACAGTTTGGCT-1,1373
731,CCGTGGACACTTGCTC-1,1373
732,TCGAGGCTCGGTCACG-1,1373
733,ATCATGGTCTTCCGAC-1,1373
734,CAGATCAGTGATTGGG-1,1373
735,CATCCACCAAAGTGGC-1,1373
736,TTCTCAAGTGGTCAGA-1,1373
737,ATCTGCCTCTGAAGGG-1,1373
738,GAAATGACATAGGACG-1,1373
739,TAAGTGCTCCTCGACT-1,1391
740,TTCTCAATCGTATTGG-1,1391
741,CAGCTGGCAGGGCTTC-1,1391
742,CTAGCCTCAGATACCT-1,1391
743,AGTGTCAAGGACAGAA-1,1391
744,TCGCGAGTCTGGGCTG-1,1391
745,CATTATCGTATGTACC-1,1391
746,CTCGAGGCAGAGGCTA-1,1391
747,CACCAGGAGCTTAGAA-1,1391
748,AGTCTTTTCTACAGTG-1,1391
749,AGGCCGTTCGTAGCGC-1,1391
750,CTGTGCTAGAATGTTG-1,1391
751,AGAATAGTCGTTACTT-1,1391
752,AGTAGTCGTCCTCCAT-1,1391
753,TCGCGTTGTGGTCAGA-1,1391
754,TGCGTGGAGGCGATAC-1,1391
755,GGGCATCAGGTAAACT-1,1391
756,TCTTCGGTCAGCAGCC-1,1391
757,GGGAGATAGCGATATA-1,1391
758,AGGCCACAGAGTAATC-1,1391
759,CTACCCAGTGGTCAAG-1,1391
760,AACTCAGAGCAGTACG-1,1391
761,TTTATGCCATCCCAAA-1,1391
762,GCATGCGCATTGAAGA-1,1391
763,GCGCCAAGTGATAAGT-1,1391
764,ATAAGAGGTAACTTCG-1,1391
765,CCGTTCATCCCTGAGG-1,1391
766,CTCGAAAAGAGCAATT-1,1391
767,GTATCTTTCGTTCGGG-1,1391
768,TAGCCGGCAACAACTC-1,1391
769,GAAATGAAGATGCGAC-1,1391
770,GGAAAGCCATGAGACG-1,1391
771,TCGAGGCCATCCCTTG-1,1391
772,CGATGTACAGGTCCCA-1,1391
773,GGTGCGTGTGGTGAGT-1,1391
774,GCATACACATTCAGCA-1,1391
775,ATGTGTGTCAGATGTC-1,1391
776,TTTCCTCCACCGGCAT-1,1391
777,CCCATACTCCACAGCG-1,1391
778,CGAATGTAGTCCCACG-1,1391
779,TTGTAGGCATTCCGAA-1,1391
780,GGGTTGCTCGCGATGC-1,1391
781,ATTATCCGTACGGTGA-1,1391
782,CATCGAATCGGTGCGT-1,1391
783,CAGGTGCGTAGAATAC-1,1391
784,ACGAGCCCAGCGTACC-1,1391
785,AGTGTCACACACGCAC-1,1391
787,GATGAAAGTGTGATCT-1,1508
788,CGGACACAGTCTCGGC-1,1521
789,ACAGCTATCCCGAATA-1,1521
790,CACAGGCAGGGATTTA-1,1521
791,TGCGTGGTCAGAAACA-1,1521
793,TACAGTGGTCCCACAG-1,1613
794,ACCAGTAGTTAAGCCT-1,1632
800,CTCGGGAAGCTAAGAT-1,1632
801,CATCGAAAGTCCGTAT-1,1632
802,ACATCAGAGCTGTCTA-1,1632
804,CTACACCCAATGTGTC-1,1632
