case_id,sv,copy_number,coverage,purity,simulator
1,chr7:55282002(-)-chr7:55282002(+),28,10,1,lr
1,chr7:55283002(-)-chr7:55283002(+),12,10,1,lr
1,chr7:55285000(+)-chr7:55285000(-),17,10,1,lr
1,chr7:55287000(+)-chr7:55287000(-),29,10,1,lr
1,chr7:55282002(-)-chr7:55282002(+),40,20,1,lr
1,chr7:55283002(-)-chr7:55283002(+),17,20,1,lr
1,chr7:55285000(+)-chr7:55285000(-),31,20,1,lr
1,chr7:55287000(+)-chr7:55287000(-),33,20,1,lr
1,chr7:55281002(-)-chr7:55281002(+),4,30,1,lr
1,chr7:55282002(-)-chr7:55282002(+),66,30,1,lr
1,chr7:55283002(-)-chr7:55283002(+),18,30,1,lr
1,chr7:55285000(+)-chr7:55285000(-),24,30,1,lr
1,chr7:55287000(+)-chr7:55287000(-),58,30,1,lr
1,chr7:55282002(-)-chr7:55282002(+),12,5,1,lr
1,chr7:55283002(-)-chr7:55283002(+),6,5,1,lr
1,chr7:55287000(+)-chr7:55287000(-),15,5,1,lr
2,chr3:82271001(-)-chr3:82271001(+),9,10,1,lr
2,chr3:82272002(-)-chr3:82273002(+),9,10,1,lr
2,chr3:82275000(+)-chr3:82276002(-),11,10,1,lr
2,chr3:82277000(+)-chr3:82277000(-),13,10,1,lr
2,chr3:82271001(-)-chr3:82271001(+),27,20,1,lr
2,chr3:82272002(-)-chr3:82273002(+),13,20,1,lr
2,chr3:82275000(+)-chr3:82276002(-),26,20,1,lr
2,chr3:82275068(+)-chr3:82276016(-),0,20,1,lr
2,chr3:82277000(+)-chr3:82277000(-),35,20,1,lr
2,chr3:82271001(-)-chr3:82271001(+),27,30,1,lr
2,chr3:82272002(-)-chr3:82273002(+),12,30,1,lr
2,chr3:82275000(+)-chr3:82276002(-),32,30,1,lr
2,chr3:82277000(+)-chr3:82277000(-),48,30,1,lr
2,chr3:82271001(-)-chr3:82271001(+),11,5,1,lr
2,chr3:82272002(-)-chr3:82273002(+),4,5,1,lr
2,chr3:82275000(+)-chr3:82276002(-),5,5,1,lr
2,chr3:82275059(+)-chr3:82276002(-),0,5,1,lr
2,chr3:82277000(+)-chr3:82277000(-),6,5,1,lr
3,chr2:33091002(-)-chr2:33091002(+),15,10,1,lr
3,chr2:33093000(+)-chr6:37144002(+),5,10,1,lr
3,chr2:33094000(+)-chr2:33094000(-),15,10,1,lr
3,chr2:33094000(+)-chr13:74089001(-),9,10,1,lr
3,chr6:37147000(+)-chr6:37147000(-),5,10,1,lr
3,chr2:33091002(-)-chr2:33091002(+),35,20,1,lr
3,chr2:33093000(+)-chr6:37144002(+),12,20,1,lr
3,chr2:33093904(+)-chr13:74088935(-),0,20,1,lr
3,chr2:33094000(+)-chr2:33094000(-),23,20,1,lr
3,chr2:33094000(+)-chr13:74089001(-),29,20,1,lr
3,chr6:37145001(-)-chr13:74087002(+),6,20,1,lr
3,chr6:37147000(+)-chr6:37147000(-),11,20,1,lr
3,chr2:33091002(-)-chr2:33091002(+),25,30,1,lr
3,chr2:33093000(+)-chr6:37144002(+),16,30,1,lr
3,chr2:33094000(+)-chr2:33094000(-),40,30,1,lr
3,chr2:33094000(+)-chr13:74089001(-),27,30,1,lr
3,chr2:33094052(+)-chr13:74089060(-),0,30,1,lr
3,chr6:37145001(-)-chr13:74087002(+),18,30,1,lr
3,chr6:37147000(+)-chr6:37147000(-),22,30,1,lr
3,chr2:33091002(-)-chr2:33091002(+),7,5,1,lr
3,chr2:33094000(+)-chr13:74089001(-),7,5,1,lr
3,chr2:33094000(+)-chr2:33094000(-),6,5,1,lr
4,chr2:33092002(-)-chr2:33092002(+),8,10,1,lr
4,chr2:33094000(+)-chr6:45656000(+),15,10,1,lr
4,chr2:33095000(+)-chr2:33095000(-),6,10,1,lr
4,chr6:45656002(-)-chr6:45656002(+),14,10,1,lr
4,chr6:45658000(+)-chr6:45658000(-),25,10,1,lr
4,chr2:33092002(-)-chr2:33092002(+),15,20,1,lr
4,chr2:33094000(+)-chr6:45656000(+),16,20,1,lr
4,chr2:33095000(+)-chr2:33095000(-),7,20,1,lr
4,chr6:45656002(-)-chr6:45656002(+),31,20,1,lr
4,chr6:45658000(+)-chr6:45658000(-),55,20,1,lr
4,chr2:33092002(-)-chr2:33092002(+),27,30,1,lr
4,chr2:33094000(+)-chr6:45656000(+),29,30,1,lr
4,chr2:33095000(+)-chr2:33095000(-),17,30,1,lr
4,chr6:45656002(-)-chr6:45656002(+),32,30,1,lr
4,chr6:45658000(+)-chr6:45658000(-),69,30,1,lr
4,chr2:33092002(-)-chr2:33092002(+),5,5,1,lr
4,chr2:33094000(+)-chr6:45656000(+),6,5,1,lr
4,chr2:33095000(+)-chr2:33095000(-),4,5,1,lr
4,chr6:45658000(+)-chr6:45658000(-),18,5,1,lr
1,chr7:55281002(-)-chr7:55281006(+),3,10,1,ont
1,chr7:55281998(-)-chr7:55282007(+),9,10,1,ont
1,chr7:55281998(-)-chr7:55285002(+),3,10,1,ont
1,chr7:55283002(-)-chr7:55283003(+),3,10,1,ont
1,chr7:55284999(+)-chr7:55285002(-),4,10,1,ont
1,chr7:55285001(+)-chr7:55285002(-),7,10,1,ont
1,chr7:55286989(+)-chr7:55287014(-),3,10,1,ont
1,chr7:55287001(+)-chr7:55287002(-),6,10,1,ont
1,chr7:55281010(-)-chr7:55287013(+),1,20,1,ont
1,chr7:55281998(-)-chr7:55282008(+),11,20,1,ont
1,chr7:55281997(-)-chr7:55284506(+),2,20,1,ont
1,chr7:55282007(-)-chr7:55285002(+),5,20,1,ont
1,chr7:55282009(-)-chr7:55285002(+),2,20,1,ont
1,chr7:55282011(-)-chr7:55284999(+),1,20,1,ont
1,chr7:55282989(-)-chr7:55283017(+),1,20,1,ont
1,chr7:55283002(-)-chr7:55287001(+),6,20,1,ont
1,chr7:55283006(-)-chr7:55287002(+),1,20,1,ont
1,chr7:55284993(+)-chr7:55285004(-),2,20,1,ont
1,chr7:55286990(+)-chr7:55287007(-),6,20,1,ont
1,chr7:55286993(+)-chr7:55287002(-),1,20,1,ont
1,chr7:55281002(-)-chr7:55281003(+),13,30,1,ont
1,chr7:55281998(-)-chr7:55282009(+),12,30,1,ont
1,chr7:55281998(-)-chr7:55285002(+),5,30,1,ont
1,chr7:55282002(-)-chr7:55282006(+),11,30,1,ont
1,chr7:55283002(-)-chr7:55283003(+),6,30,1,ont
1,chr7:55285001(+)-chr7:55285002(-),18,30,1,ont
1,chr7:55287001(+)-chr7:55287002(-),27,30,1,ont
1,chr7:55281998(-)-chr7:55282007(+),3,5,1,ont
1,chr7:55283002(-)-chr7:55283004(+),2,5,1,ont
1,chr7:55285001(+)-chr7:55285002(-),2,5,1,ont
1,chr7:55287001(+)-chr7:55287002(-),2,5,1,ont
2,chr3:82270996(-)-chr3:82277001(+),1,10,1,ont
2,chr3:82272006(-)-chr3:82273002(+),1,10,1,ont
2,chr3:82273003(+)-chr3:82277002(-),5,10,1,ont
2,chr3:82273003(+)-chr3:82276991(-),1,10,1,ont
2,chr3:82275001(+)-chr3:82276003(-),5,10,1,ont
2,chr3:82276989(+)-chr3:82277000(-),2,10,1,ont
2,chr3:82270995(-)-chr3:82274999(+),1,20,1,ont
2,chr3:82271004(-)-chr3:82275001(+),5,20,1,ont
2,chr3:82272002(+)-chr3:82275002(-),1,20,1,ont
2,chr3:82272002(-)-chr3:82277001(+),1,20,1,ont
2,chr3:82272004(-)-chr3:82273003(+),5,20,1,ont
2,chr3:82272016(-)-chr3:82277001(+),1,20,1,ont
2,chr3:82273002(-)-chr3:82276989(+),1,20,1,ont
2,chr3:82273003(-)-chr3:82277001(+),5,20,1,ont
2,chr3:82275001(+)-chr3:82276003(-),4,20,1,ont
2,chr3:82275002(+)-chr3:82276004(-),1,20,1,ont
2,chr3:82276986(+)-chr3:82277002(-),1,20,1,ont
2,chr3:82276990(+)-chr3:82277008(-),1,20,1,ont
2,chr3:82271002(-)-chr4:120947599(-),1,20,1,ont
2,chr3:82271002(-)-chr3:82275001(+),9,30,1,ont
2,chr3:82272003(-)-chr3:82273003(+),13,30,1,ont
2,chr3:82272002(-)-chr3:82277001(+),10,30,1,ont
2,chr3:82273003(-)-chr3:82277002(+),11,30,1,ont
2,chr3:82275001(+)-chr3:82276003(-),8,30,1,ont
2,chr3:82271001(-)-chr3:82271003(+),4,5,1,ont
2,chr3:82271001(-)-chr3:82277001(+),3,5,1,ont
2,chr3:82271002(-)-chr3:82271003(+),1,5,1,ont
2,chr3:82272003(-)-chr3:82276988(+),1,5,1,ont
2,chr3:82272004(-)-chr3:82273005(+),1,5,1,ont
2,chr3:82272006(-)-chr3:82273003(+),1,5,1,ont
2,chr3:82272007(-)-chr3:82273003(+),1,5,1,ont
2,chr3:82273003(+)-chr3:82277002(-),2,5,1,ont
2,chr3:82273006(+)-chr3:82277002(-),1,5,1,ont
2,chr3:82275002(+)-chr3:82276003(-),1,5,1,ont
2,chr3:82276996(+)-chr3:82277002(-),1,5,1,ont
2,chr3:82277000(+)-chr3:82277002(-),2,5,1,ont
2,chr3:82277000(+)-chr3:82277001(-),4,5,1,ont
2,chr3:82277001(+)-chr3:82277002(-),2,5,1,ont
3,chr2:33090995(-)-chr2:33091010(+),4,10,1,ont
3,chr2:33091002(-)-chr2:33091004(+),4,10,1,ont
3,chr2:33091003(-)-chr2:33091004(+),2,10,1,ont
3,chr2:33094001(+)-chr2:33094002(-),4,10,1,ont
3,chr6:37147000(+)-chr6:37147003(-),2,10,1,ont
3,chr13:74087003(-)-chr6:37145002(+),3,10,1,ont
3,chr13:74087003(-)-chr6:37145003(+),3,10,1,ont
3,chr13:74089002(+)-chr2:33094001(-),2,10,1,ont
3,chr13:74089003(+)-chr2:33094002(-),2,10,1,ont
3,chr13:74089003(+)-chr2:33094001(-),2,10,1,ont
3,chr2:33093002(+)-chr6:37144003(+),4,10,1,ont
3,chr2:33093002(+)-chr6:37144002(+),2,10,1,ont
3,chr2:33090995(-)-chr2:33091010(+),3,20,1,ont
3,chr2:33090996(-)-chr2:33091010(+),4,20,1,ont
3,chr2:33091002(-)-chr2:33091004(+),4,20,1,ont
3,chr2:33091003(-)-chr2:33091004(+),5,20,1,ont
3,chr2:33094001(+)-chr2:33094002(-),9,20,1,ont
3,chr6:37147001(+)-chr6:37147002(-),5,20,1,ont
3,chr13:74087003(-)-chr6:37145002(+),4,20,1,ont
3,chr13:74089002(+)-chr2:33094001(-),4,20,1,ont
3,chr13:74089002(+)-chr2:33094002(-),3,20,1,ont
3,chr13:74089003(+)-chr2:33094001(-),3,20,1,ont
3,chr2:33093001(+)-chr6:37144003(+),3,20,1,ont
3,chr2:33093002(+)-chr6:37144003(+),3,20,1,ont
3,chr2:33093002(+)-chr6:37144002(+),6,20,1,ont
3,chr2:33090995(-)-chr2:33091009(+),21,30,1,ont
3,chr2:33094001(+)-chr2:33094002(-),15,30,1,ont
3,chr6:37147001(+)-chr6:37147002(-),22,30,1,ont
3,chr13:74087003(-)-chr6:37145002(+),40,30,1,ont
3,chr13:74089003(+)-chr2:33094002(-),33,30,1,ont
3,chr2:33093002(+)-chr6:37144003(+),31,30,1,ont
3,chr2:33090995(-)-chr2:33091010(+),2,5,1,ont
3,chr2:33091006(-)-chr2:33093999(+),1,5,1,ont
3,chr2:33093994(+)-chr2:33094007(-),2,5,1,ont
3,chr13:74087003(-)-chr6:37145007(+),1,5,1,ont
3,chr13:74087004(-)-chr6:37145003(+),1,5,1,ont
3,chr13:74087012(-)-chr6:37145002(+),1,5,1,ont
3,chr13:74088988(+)-chr2:33093999(-),1,5,1,ont
3,chr13:74089002(+)-chr2:33094002(-),2,5,1,ont
3,chr13:74089003(+)-chr2:33093999(-),1,5,1,ont
3,chr13:74089003(+)-chr2:33093996(-),1,5,1,ont
3,chr2:33093001(+)-chr6:37144006(+),1,5,1,ont
3,chr2:33093001(+)-chr6:37144002(+),1,5,1,ont
4,chr2:33092002(-)-chr2:33092003(+),7,10,1,ont
4,chr2:33095001(+)-chr2:33095002(-),3,10,1,ont
4,chr6:45655999(-)-chr6:45656005(+),3,10,1,ont
4,chr2:33094002(+)-chr6:45656002(+),4,10,1,ont
4,chr2:33094002(+)-chr6:45656003(+),3,10,1,ont
4,chr2:33092002(-)-chr2:33092003(+),6,20,1,ont
4,chr6:45655999(-)-chr6:45656005(+),7,20,1,ont
4,chr2:33094000(+)-chr6:45656001(+),6,20,1,ont
4,chr2:33092002(-)-chr2:33092003(+),25,30,1,ont
4,chr2:33095001(+)-chr2:33095002(-),23,30,1,ont
4,chr6:45655999(-)-chr6:45656006(+),9,30,1,ont
4,chr6:45655999(-)-chr6:45656007(+),8,30,1,ont
4,chr6:45657999(+)-chr6:45658002(-),10,30,1,ont
4,chr2:33094001(+)-chr6:45656001(+),45,30,1,ont
4,chr2:33092002(-)-chr2:33092003(+),5,5,1,ont
4,chr2:33094999(+)-chr2:33095002(-),5,5,1,ont
4,chr6:45655999(-)-chr6:45656006(+),1,5,1,ont
4,chr6:45658001(+)-chr6:45658002(-),2,5,1,ont
4,chr6:45658001(+)-chr6:45658002(-),1,5,1,ont
4,chr2:33094001(+)-chr6:45656006(+),4,5,1,ont
4,chr2:33094001(+)-chr6:45656000(+),2,5,1,ont
4,chr2:33094002(+)-chr6:45656012(+),1,5,1,ont
1,chr7:55280993(-)-chr7:55281009(+),1,10,1,pb
1,chr7:55280995(-)-chr7:55281003(+),1,10,1,pb
1,chr7:55281001(-)-chr7:55287015(+),1,10,1,pb
1,chr7:55281002(-)-chr7:55284002(+),2,10,1,pb
1,chr7:55281003(-)-chr7:55281007(+),2,10,1,pb
1,chr7:55281004(-)-chr7:55287001(+),1,10,1,pb
1,chr7:55281005(-)-chr7:55287003(+),1,10,1,pb
1,chr7:55281997(-)-chr7:55284997(+),1,10,1,pb
1,chr7:55281997(-)-chr7:55287000(+),1,10,1,pb
1,chr7:55281998(-)-chr7:55282008(+),4,10,1,pb
1,chr7:55281998(-)-chr7:55285002(+),1,10,1,pb
1,chr7:55282000(-)-chr7:55287001(+),1,10,1,pb
1,chr7:55282002(-)-chr7:55282004(+),2,10,1,pb
1,chr7:55282003(-)-chr7:55282005(+),2,10,1,pb
1,chr7:55282004(-)-chr7:55285002(+),1,10,1,pb
1,chr7:55282007(-)-chr7:55285002(+),2,10,1,pb
1,chr7:55282008(-)-chr7:55285002(+),1,10,1,pb
1,chr7:55282009(-)-chr7:55287001(+),1,10,1,pb
1,chr7:55283002(-)-chr7:55285008(+),1,10,1,pb
1,chr7:55283003(-)-chr7:55283004(+),1,10,1,pb
1,chr7:55284993(+)-chr7:55285004(-),1,10,1,pb
1,chr7:55285001(+)-chr7:55285002(-),3,10,1,pb
1,chr7:55286962(+)-chr7:55287004(-),1,10,1,pb
1,chr7:55286986(+)-chr7:55287014(-),2,10,1,pb
1,chr7:55286987(+)-chr7:55287015(-),1,10,1,pb
1,chr7:55286993(+)-chr7:55287009(-),1,10,1,pb
1,chr7:55286999(+)-chr7:55287002(-),1,10,1,pb
1,chr7:55287001(+)-chr7:55287002(-),10,10,1,pb
1,chr7:55287001(+)-chr7:55287003(-),1,10,1,pb
1,chr7:55287002(+)-chr7:55287003(-),1,10,1,pb
1,chr7:55287004(+)-chr7:55287005(-),1,10,1,pb
1,chr7:55280994(-)-chr7:55281008(+),1,20,1,pb
1,chr7:55281002(-)-chr7:55287001(+),10,20,1,pb
1,chr7:55281997(-)-chr7:55282008(+),15,20,1,pb
1,chr7:55282001(+)-chr7:55287001(-),2,20,1,pb
1,chr7:55282003(-)-chr7:55284999(+),1,20,1,pb
1,chr7:55282006(-)-chr7:55284997(+),1,20,1,pb
1,chr7:55282007(-)-chr7:55285002(+),3,20,1,pb
1,chr7:55282007(-)-chr7:55285004(+),1,20,1,pb
1,chr7:55282007(-)-chr7:55284999(+),2,20,1,pb
1,chr7:55283003(-)-chr7:55287001(+),5,20,1,pb
1,chr7:55283005(-)-chr7:55283012(+),1,20,1,pb
1,chr7:55283021(-)-chr7:55287003(+),1,20,1,pb
1,chr7:55284948(+)-chr7:55284995(-),1,20,1,pb
1,chr7:55284992(+)-chr7:55285000(-),1,20,1,pb
1,chr7:55284997(+)-chr7:55285004(-),1,20,1,pb
1,chr7:55286985(+)-chr7:55287001(-),1,20,1,pb
1,chr7:55286987(+)-chr7:55287008(-),2,20,1,pb
1,chr7:55286989(+)-chr7:55287015(-),1,20,1,pb
1,chr7:55286996(+)-chr7:55287003(-),1,20,1,pb
1,chr7:55281002(-)-chr7:55281003(+),7,30,1,pb
1,chr7:55281997(-)-chr7:55282007(+),29,30,1,pb
1,chr7:55282003(-)-chr7:55282005(+),10,30,1,pb
1,chr7:55283002(-)-chr7:55283003(+),2,30,1,pb
1,chr7:55284998(+)-chr7:55285002(-),3,30,1,pb
1,chr7:55284999(+)-chr7:55285002(-),23,30,1,pb
1,chr7:55287001(+)-chr7:55287002(-),20,30,1,pb
1,chr7:55286991(+)-chr7:55287010(-),5,30,1,pb
1,chr7:55287001(+)-chr7:55287002(-),23,30,1,pb
1,chr7:55281997(-)-chr7:55287001(+),1,5,1,pb
1,chr7:55281998(-)-chr7:55282008(+),3,5,1,pb
1,chr7:55282000(-)-chr7:55287001(+),1,5,1,pb
1,chr7:55282002(-)-chr7:55282006(+),1,5,1,pb
1,chr7:55282003(-)-chr7:55287002(+),1,5,1,pb
1,chr7:55282003(-)-chr7:55285002(+),1,5,1,pb
1,chr7:55282006(-)-chr7:55287002(+),1,5,1,pb
1,chr7:55282007(-)-chr7:55285001(+),1,5,1,pb
1,chr7:55283002(-)-chr7:55283004(+),1,5,1,pb
1,chr7:55283003(-)-chr7:55287001(+),1,5,1,pb
1,chr7:55283007(-)-chr7:55287001(+),1,5,1,pb
1,chr7:55284997(+)-chr7:55285001(-),1,5,1,pb
1,chr7:55285000(+)-chr7:55285001(-),1,5,1,pb
1,chr7:55286984(+)-chr7:55287010(-),1,5,1,pb
1,chr7:55286992(+)-chr7:55287009(-),1,5,1,pb
1,chr7:55287001(+)-chr7:55287002(-),4,5,1,pb
1,chr7:55287001(+)-chr7:55287002(-),2,5,1,pb
2,chr3:82271002(-)-chr3:82271004(+),2,10,1,pb
2,chr3:82272003(-)-chr3:82273003(+),4,10,1,pb
2,chr3:82275002(+)-chr3:82276003(-),2,10,1,pb
2,chr3:82276996(+)-chr3:82277002(-),2,10,1,pb
2,chr3:82277000(+)-chr3:82277002(-),2,10,1,pb
2,chr3:82277001(+)-chr3:82277002(-),6,10,1,pb
2,chr3:82271018(-)-chr3:82277001(+),1,20,1,pb
2,chr3:82272005(-)-chr3:82273013(+),10,20,1,pb
2,chr3:82272005(-)-chr3:82273012(+),1,20,1,pb
2,chr3:82272008(-)-chr3:82273002(+),2,20,1,pb
2,chr3:82273002(-)-chr3:82276997(+),2,20,1,pb
2,chr3:82275001(+)-chr3:82275998(-),1,20,1,pb
2,chr3:82275001(+)-chr3:82276003(-),2,20,1,pb
2,chr11:130974692(-)-chr3:82273003(+),1,20,1,pb
2,chr3:82271001(-)-chr3:82277001(+),24,30,1,pb
2,chr3:82272003(-)-chr3:82273003(+),7,30,1,pb
2,chr3:82273003(+)-chr3:82277001(-),18,30,1,pb
2,chr3:82275000(+)-chr3:82276003(-),9,30,1,pb
2,chr3:82277001(+)-chr3:82277002(-),25,30,1,pb
2,chr3:82271001(-)-chr3:82277001(+),1,5,1,pb
2,chr3:82271001(-)-chr3:82271006(+),2,5,1,pb
2,chr3:82272002(-)-chr3:82277001(+),1,5,1,pb
2,chr3:82272003(-)-chr3:82277002(+),1,5,1,pb
2,chr3:82272005(-)-chr3:82273002(+),2,5,1,pb
2,chr3:82272007(-)-chr3:82277002(+),1,5,1,pb
2,chr3:82272011(-)-chr3:82273014(+),1,5,1,pb
2,chr3:82273003(-)-chr3:82277002(+),1,5,1,pb
2,chr3:82273006(+)-chr3:82276996(-),1,5,1,pb
2,chr3:82275004(+)-chr3:82276002(-),1,5,1,pb
2,chr3:82276995(+)-chr3:82277007(-),2,5,1,pb
2,chr3:82276996(+)-chr3:82277002(-),1,5,1,pb
2,chr3:82276998(+)-chr3:82277002(-),2,5,1,pb
2,chr3:82277000(+)-chr3:82277001(-),2,5,1,pb
2,chr3:82277000(+)-chr3:82277001(-),1,5,1,pb
2,chr3:82277001(+)-chr3:82277002(-),2,5,1,pb
3,chr2:33091003(-)-chr2:33091005(+),5,10,1,pb
3,chr2:33094000(+)-chr2:33094002(-),5,10,1,pb
3,chr6:37147001(+)-chr6:37147002(-),4,10,1,pb
3,chr6:37147000(+)-chr6:37147002(-),4,10,1,pb
3,chr13:74087003(-)-chr6:37145003(+),8,10,1,pb
3,chr13:74089003(+)-chr2:33094001(-),12,10,1,pb
3,chr2:33093001(+)-chr6:37144003(+),6,10,1,pb
3,chr2:33090995(-)-chr2:33091010(+),8,20,1,pb
3,chr2:33091003(-)-chr2:33091004(+),6,20,1,pb
3,chr2:33094001(+)-chr2:33094002(-),14,20,1,pb
3,chr6:37147000(+)-chr6:37147002(-),7,20,1,pb
3,chr13:74087003(-)-chr6:37145002(+),10,20,1,pb
3,chr13:74087003(-)-chr6:37145006(+),4,20,1,pb
3,chr13:74089003(+)-chr2:33093999(-),5,20,1,pb
3,chr13:74089003(+)-chr2:33094000(-),18,20,1,pb
3,chr2:33093002(+)-chr6:37144002(+),12,20,1,pb
3,chr2:33090996(-)-chr2:33091009(+),26,30,1,pb
3,chr2:33094001(+)-chr2:33094002(-),23,30,1,pb
3,chr6:37146997(+)-chr6:37147002(-),12,30,1,pb
3,chr13:74087003(-)-chr6:37145002(+),34,30,1,pb
3,chr13:74089003(+)-chr2:33094001(-),38,30,1,pb
3,chr2:33093002(+)-chr6:37144003(+),25,30,1,pb
3,chr2:33091002(-)-chr2:33091004(+),2,5,1,pb
3,chr2:33094000(+)-chr2:33094001(-),2,5,1,pb
3,chr6:37147001(+)-chr6:37147002(-),2,5,1,pb
3,chr13:74087003(-)-chr6:37145003(+),2,5,1,pb
3,chr13:74089003(+)-chr2:33093999(-),2,5,1,pb
3,chr2:33093002(+)-chr6:37144003(+),3,5,1,pb
4,chr2:33092002(-)-chr2:33092004(+),10,10,1,pb
4,chr2:33094999(+)-chr2:33095001(-),6,10,1,pb
4,chr6:45655999(-)-chr6:45656006(+),4,10,1,pb
4,chr6:45658001(+)-chr6:45658002(-),8,10,1,pb
4,chr2:33094002(+)-chr6:45656001(+),11,10,1,pb
4,chr2:33092002(-)-chr2:33092003(+),18,20,1,pb
4,chr2:33095001(+)-chr2:33095002(-),16,20,1,pb
4,chr6:45655999(-)-chr6:45656006(+),5,20,1,pb
4,chr6:45658000(+)-chr6:45658002(-),7,20,1,pb
4,chr2:33094002(+)-chr6:45656002(+),27,20,1,pb
4,chr2:33092002(-)-chr2:33092003(+),25,30,1,pb
4,chr2:33095001(+)-chr2:33095002(-),23,30,1,pb
4,chr6:45655999(-)-chr6:45656006(+),10,30,1,pb
4,chr6:45658001(+)-chr6:45658002(-),12,30,1,pb
4,chr2:33094002(+)-chr6:45656001(+),39,30,1,pb
4,chr2:33092002(-)-chr2:33092003(+),6,5,1,pb
4,chr2:33094999(+)-chr2:33095001(-),6,5,1,pb
4,chr6:45655998(-)-chr6:45656006(+),1,5,1,pb
4,chr6:45658001(+)-chr6:45658002(-),4,5,1,pb
4,chr6:45658001(+)-chr6:45658002(-),1,5,1,pb
4,chr2:33094001(+)-chr6:45656002(+),6,5,1,pb
1,chr7:55281002(-)-chr7:55281002(+),7,10,1,pe
1,chr7:55282002(-)-chr7:55282002(+),25,10,1,pe
1,chr7:55285000(+)-chr7:55285000(-),9,10,1,pe
1,chr7:55287000(+)-chr7:55287000(-),31,10,1,pe
1,chr7:55281002(-)-chr7:55281002(+),25,20,1,pe
1,chr7:55282002(-)-chr7:55282002(+),30,20,1,pe
1,chr7:55285000(+)-chr7:55285000(-),11,20,1,pe
1,chr7:55287000(+)-chr7:55287000(-),60,20,1,pe
1,chr7:55281002(-)-chr7:55281002(+),39,30,1,pe
1,chr7:55282002(-)-chr7:55282002(+),24,30,1,pe
1,chr7:55283002(-)-chr7:55283002(+),7,30,1,pe
1,chr7:55285000(+)-chr7:55285000(-),14,30,1,pe
1,chr7:55287000(+)-chr7:55287000(-),85,30,1,pe
1,chr3:133794493(-)-chr7:55283002(+),3,5,1,pe
1,chr7:55282002(-)-chr7:55282002(+),11,5,1,pe
1,chr7:55283002(-)-chr7:55283002(+),3,5,1,pe
1,chr7:55285000(+)-chr7:55285000(-),6,5,1,pe
1,chr7:55287000(+)-chr7:55287000(-),12,5,1,pe
2,chr3:82271001(-)-chr3:82271001(+),13,10,1,pe
2,chr3:82272002(-)-chr3:82273002(+),6,10,1,pe
2,chr3:82275000(+)-chr3:82276002(-),10,10,1,pe
2,chr3:82277000(+)-chr3:82277000(-),32,10,1,pe
2,chr3:82271001(-)-chr3:82271001(+),29,20,1,pe
2,chr3:82272002(-)-chr3:82273002(+),8,20,1,pe
2,chr3:82275000(+)-chr3:82276002(-),12,20,1,pe
2,chr3:82277000(+)-chr3:82277000(-),61,20,1,pe
2,chr3:82271001(-)-chr3:82271001(+),47,30,1,pe
2,chr3:82272002(-)-chr3:82273002(+),10,30,1,pe
2,chr3:82275000(+)-chr3:82276002(-),15,30,1,pe
2,chr3:82277000(+)-chr3:82277000(-),84,30,1,pe
2,chr7:112658938(+)-chr3:82271001(+),4,5,1,pe
2,chr3:82271001(-)-chr3:82271001(+),6,5,1,pe
2,chr3:82272002(-)-chr3:82273002(+),7,5,1,pe
2,chr3:82275000(+)-chr3:82276002(-),7,5,1,pe
2,chr3:82277000(+)-chr3:82277000(-),22,5,1,pe
3,chr13:74087002(-)-chr6:37145001(+),7,10,1,pe
3,chr13:74089001(+)-chr2:33094000(-),16,10,1,pe
3,chr2:33091002(-)-chr2:33091002(+),9,10,1,pe
3,chr2:33093000(+)-chr6:37144002(+),11,10,1,pe
3,chr2:33094000(+)-chr2:33094000(-),19,10,1,pe
3,chr6:37147000(+)-chr6:37147000(-),12,10,1,pe
3,chr13:74087002(-)-chr6:37145001(+),10,20,1,pe
3,chr13:74089001(+)-chr2:33094000(-),23,20,1,pe
3,chr2:33091002(-)-chr2:33091002(+),12,20,1,pe
3,chr2:33093000(+)-chr6:37144002(+),16,20,1,pe
3,chr2:33094000(+)-chr2:33094000(-),33,20,1,pe
3,chr6:37147000(+)-chr6:37147000(-),27,20,1,pe
3,chr13:74087002(-)-chr6:37145001(+),13,30,1,pe
3,chr13:74089001(+)-chr2:33094000(-),38,30,1,pe
3,chr2:33091002(-)-chr2:33091002(+),9,30,1,pe
3,chr2:33093000(+)-chr6:37144002(+),23,30,1,pe
3,chr2:33094000(+)-chr2:33094000(-),48,30,1,pe
3,chr6:37147000(+)-chr6:37147000(-),46,30,1,pe
3,chr13:74087002(-)-chr6:37145001(+),3,5,1,pe
3,chr13:74089001(+)-chr2:33094000(-),10,5,1,pe
3,chr2:33091002(-)-chr2:33091002(+),6,5,1,pe
3,chr2:33093000(+)-chr6:37144002(+),5,5,1,pe
3,chr2:33094000(+)-chr2:33094000(-),12,5,1,pe
3,chr6:37147000(+)-chr6:37147000(-),7,5,1,pe
4,chr2:33092002(-)-chr2:33092002(+),13,10,1,pe
4,chr2:33094000(+)-chr6:45656000(+),17,10,1,pe
4,chr2:33095000(+)-chr2:33095000(-),9,10,1,pe
4,chr6:45656002(-)-chr6:45656002(+),15,10,1,pe
4,chr6:45658000(+)-chr6:45658000(-),24,10,1,pe
4,chr2:33092002(-)-chr2:33092002(+),23,20,1,pe
4,chr2:33094000(+)-chr6:45656000(+),12,20,1,pe
4,chr2:33095000(+)-chr2:33095000(-),22,20,1,pe
4,chr6:45656002(-)-chr6:45656002(+),16,20,1,pe
4,chr6:45658000(+)-chr6:45658000(-),42,20,1,pe
4,chr2:33092002(-)-chr2:33092002(+),21,30,1,pe
4,chr2:33094000(+)-chr6:45656000(+),16,30,1,pe
4,chr2:33095000(+)-chr2:33095000(-),36,30,1,pe
4,chr6:45656002(-)-chr6:45656002(+),19,30,1,pe
4,chr6:45658000(+)-chr6:45658000(-),71,30,1,pe
4,chr2:33092002(-)-chr2:33092002(+),5,5,1,pe
4,chr2:33094000(+)-chr6:45656000(+),7,5,1,pe
4,chr2:33095000(+)-chr2:33095000(-),2,5,1,pe
4,chr6:45656002(-)-chr6:45656002(+),9,5,1,pe
4,chr6:45658000(+)-chr6:45658000(-),12,5,1,pe
1,chr7:55282002(-)-chr7:55282002(+),10,30,0.1,lr
1,chr7:55283002(-)-chr7:55283002(+),2,30,0.1,lr
1,chr7:55285000(+)-chr9:130669505(-),4,30,0.1,lr
1,chr7:55285000(+)-chr7:55285000(-),4,30,0.1,lr
1,chr7:55282002(-)-chr7:55282002(+),16,30,0.2,lr
1,chr7:55283002(-)-chr7:55283002(+),6,30,0.2,lr
1,chr7:55287000(+)-chr7:55287000(-),11,30,0.2,lr
1,chr7:55282002(-)-chr7:55282002(+),22,30,0.25,lr
1,chr7:55283002(-)-chr7:55283002(+),10,30,0.25,lr
1,chr7:55287000(+)-chr7:55287000(-),12,30,0.25,lr
1,chr3:137781312(+)-chr7:55285000(-),12,30,0.5,lr
1,chr5:122758343(+)-chr7:55285000(-),10,30,0.5,lr
1,chr7:55282002(-)-chr7:55282002(+),44,30,0.5,lr
1,chr7:55283002(-)-chr7:55283002(+),18,30,0.5,lr
1,chr7:55285000(+)-chr7:55285000(-),12,30,0.5,lr
1,chr7:55287000(+)-chr7:55287000(-),30,30,0.5,lr
1,chr7:55281002(-)-chr7:55281002(+),3,30,0.75,lr
1,chr7:55282002(-)-chr7:55282002(+),56,30,0.75,lr
1,chr7:55283002(-)-chr7:55283002(+),17,30,0.75,lr
1,chr7:55285000(+)-chr7:55285000(-),22,30,0.75,lr
1,chr7:55287000(+)-chr7:55287000(-),49,30,0.75,lr
2,chr3:82277000(+)-chr3:82277000(-),7,30,0.1,lr
2,chr6:117747156(+)-chr3:82272002(+),2,30,0.2,lr
2,chr3:82272002(-)-chr4:102382911(+),2,30,0.2,lr
2,chr3:82272002(-)-chr3:82273002(+),2,30,0.2,lr
2,chr3:196382053(+)-chr3:82272002(+),2,30,0.2,lr
2,chr3:82275000(+)-chr3:82276002(-),6,30,0.2,lr
2,chr3:82277000(+)-chr3:82277000(-),11,30,0.2,lr
2,chr3:82272002(-)-chr3:82273002(+),4,30,0.25,lr
2,chr3:82275000(+)-chr3:82276002(-),8,30,0.25,lr
2,chr3:82277000(+)-chr3:82277000(-),14,30,0.25,lr
2,chr3:82271001(-)-chr3:82271001(+),11,30,0.5,lr
2,chr3:82272002(-)-chr3:82273002(+),6,30,0.5,lr
2,chr3:82275000(+)-chr3:82276002(-),18,30,0.5,lr
2,chr3:82277000(+)-chr3:82277000(-),28,30,0.5,lr
2,chr3:82271001(-)-chr3:82271001(+),18,30,0.75,lr
2,chr3:82272002(-)-chr3:82273002(+),8,30,0.75,lr
2,chr3:82275000(+)-chr3:82276002(-),24,30,0.75,lr
2,chr3:82277000(+)-chr3:82277000(-),37,30,0.75,lr
3,chr2:33094000(+)-chr2:33094000(-),2,30,0.1,lr
3,chr6:37147000(+)-chr6:37147000(-),4,30,0.1,lr
3,chr2:33091002(-)-chr2:33091002(+),7,30,0.2,lr
3,chr2:33094000(+)-chr13:74089001(-),3,30,0.2,lr
3,chr2:33094000(+)-chr2:33094000(-),8,30,0.2,lr
3,chr6:37145001(-)-chr13:74087002(+),2,30,0.2,lr
3,chr6:37147000(+)-chr6:37147000(-),4,30,0.2,lr
3,chr2:33091002(-)-chr2:33091002(+),7,30,0.25,lr
3,chr2:33094000(+)-chr2:33094000(-),9,30,0.25,lr
3,chr2:33094000(+)-chr13:74089001(-),4,30,0.25,lr
3,chr6:37145001(-)-chr13:74087002(+),4,30,0.25,lr
3,chr6:37147000(+)-chr6:37147000(-),4,30,0.25,lr
3,chr2:33091002(-)-chr2:33091002(+),16,30,0.5,lr
3,chr2:33093026(+)-chr6:37144001(+),0,30,0.5,lr
3,chr2:33094000(+)-chr2:33094000(-),23,30,0.5,lr
3,chr2:33094000(+)-chr13:74089001(-),13,30,0.5,lr
3,chr2:33094052(+)-chr13:74089060(-),0,30,0.5,lr
3,chr6:37145001(-)-chr13:74087002(+),13,30,0.5,lr
3,chr6:37147000(+)-chr6:37147000(-),8,30,0.5,lr
3,chr2:33091002(-)-chr2:33091002(+),19,30,0.75,lr
3,chr2:33093000(+)-chr6:37144002(+),12,30,0.75,lr
3,chr2:33093071(+)-chr6:37144001(+),0,30,0.75,lr
3,chr2:33094000(+)-chr13:74089001(-),22,30,0.75,lr
3,chr2:33094000(+)-chr2:33094000(-),33,30,0.75,lr
3,chr2:33094052(+)-chr13:74089060(-),0,30,0.75,lr
3,chr6:37145001(-)-chr13:74087002(+),13,30,0.75,lr
3,chr6:37147000(+)-chr6:37147000(-),13,30,0.75,lr
4,chr2:33092002(-)-chr2:33092002(+),4,30,0.1,lr
4,chr2:33092002(-)-chr2:33092002(+),6,30,0.2,lr
4,chr2:33094034(+)-chr6:45655999(+),0,30,0.2,lr
4,chr6:45656002(-)-chr6:45656002(+),8,30,0.2,lr
4,chr6:45658000(+)-chr6:45658000(-),10,30,0.2,lr
4,chr2:33092002(-)-chr2:33092002(+),8,30,0.25,lr
4,chr2:33094035(+)-chr6:45655999(+),0,30,0.25,lr
4,chr6:45656002(-)-chr6:45656002(+),9,30,0.25,lr
4,chr6:45658000(+)-chr6:45658000(-),11,30,0.25,lr
4,chr2:33092002(-)-chr2:33092002(+),16,30,0.5,lr
4,chr2:33094000(+)-chr6:45656000(+),14,30,0.5,lr
4,chr2:33095000(+)-chr2:33095000(-),4,30,0.5,lr
4,chr6:45656002(-)-chr6:45656002(+),18,30,0.5,lr
4,chr6:45658000(+)-chr6:45658000(-),25,30,0.5,lr
4,chr2:33092002(-)-chr2:33092002(+),21,30,0.75,lr
4,chr2:33094000(+)-chr6:45656000(+),20,30,0.75,lr
4,chr2:33095000(+)-chr2:33095000(-),9,30,0.75,lr
4,chr6:45656002(-)-chr6:45656002(+),28,30,0.75,lr
4,chr6:45658000(+)-chr6:45658000(-),45,30,0.75,lr
1,chr7:55281002(-)-chr7:55281003(+),2,30,0.1,ont
1,chr7:55281998(-)-chr7:55284999(+),1,30,0.1,ont
1,chr7:55282001(-)-chr7:55282002(+),1,30,0.1,ont
1,chr7:55282011(-)-chr7:55285002(+),1,30,0.1,ont
1,chr7:55283002(-)-chr7:55285002(+),1,30,0.1,ont
1,chr7:55285001(+)-chr7:55285002(-),1,30,0.1,ont
1,chr7:55286999(+)-chr7:55287001(-),1,30,0.1,ont
1,chr7:55287001(+)-chr7:55287002(-),1,30,0.1,ont
1,chr7:55281002(-)-chr7:55281003(+),3,30,0.2,ont
1,chr7:55281997(-)-chr7:55282008(+),1,30,0.2,ont
1,chr7:55281998(-)-chr7:55282010(+),2,30,0.2,ont
1,chr7:55282000(-)-chr7:55285001(+),1,30,0.2,ont
1,chr7:55282001(+)-chr7:55283501(-),1,30,0.2,ont
1,chr7:55282002(-)-chr7:55285001(+),1,30,0.2,ont
1,chr7:55282003(-)-chr7:55282006(+),1,30,0.2,ont
1,chr7:55282004(-)-chr7:55287001(+),1,30,0.2,ont
1,chr7:55282016(-)-chr7:55285002(+),1,30,0.2,ont
1,chr7:55283002(-)-chr7:55285002(+),1,30,0.2,ont
1,chr7:55283003(-)-chr7:55283006(+),1,30,0.2,ont
1,chr7:55285001(+)-chr7:55285002(-),2,30,0.2,ont
1,chr7:55285002(+)-chr7:55285003(-),1,30,0.2,ont
1,chr7:55286994(+)-chr7:55287001(-),2,30,0.2,ont
1,chr7:55286999(+)-chr7:55287001(-),1,30,0.2,ont
1,chr7:55287000(+)-chr7:55287002(-),2,30,0.2,ont
1,chr7:55281002(-)-chr7:55281003(+),3,30,0.25,ont
1,chr7:55281997(+)-chr7:55284504(-),1,30,0.25,ont
1,chr7:55281997(-)-chr7:55287001(+),1,30,0.25,ont
1,chr7:55281998(-)-chr7:55283506(+),2,30,0.25,ont
1,chr7:55281999(-)-chr7:55282011(+),1,30,0.25,ont
1,chr7:55282000(-)-chr7:55285001(+),1,30,0.25,ont
1,chr7:55282001(+)-chr7:55283501(-),1,30,0.25,ont
1,chr7:55282002(-)-chr7:55285001(+),1,30,0.25,ont
1,chr7:55282002(-)-chr7:55287013(+),1,30,0.25,ont
1,chr7:55282003(+)-chr7:55284507(-),1,30,0.25,ont
1,chr7:55282003(-)-chr7:55287009(+),1,30,0.25,ont
1,chr7:55282004(-)-chr7:55287001(+),1,30,0.25,ont
1,chr7:55282007(-)-chr7:55285002(+),1,30,0.25,ont
1,chr7:55282016(-)-chr7:55285002(+),1,30,0.25,ont
1,chr7:55283002(-)-chr7:55285002(+),1,30,0.25,ont
1,chr7:55283003(-)-chr7:55283006(+),1,30,0.25,ont
1,chr7:55284990(+)-chr7:55285002(-),1,30,0.25,ont
1,chr7:55284994(+)-chr7:55284998(-),1,30,0.25,ont
1,chr7:55285001(+)-chr7:55285002(-),2,30,0.25,ont
1,chr7:55285002(+)-chr7:55285003(-),1,30,0.25,ont
1,chr7:55286984(+)-chr7:55287001(-),1,30,0.25,ont
1,chr7:55287001(+)-chr7:55287002(-),3,30,0.25,ont
1,chr7:55286998(+)-chr7:55287001(-),1,30,0.25,ont
1,chr7:55286999(+)-chr7:55287001(-),1,30,0.25,ont
1,chr7:55287000(+)-chr7:55287002(-),2,30,0.25,ont
1,chr7:55281001(-)-chr7:55287001(+),1,30,0.5,ont
1,chr7:55281003(-)-chr7:55281010(+),3,30,0.5,ont
1,chr7:55281997(-)-chr7:55282008(+),2,30,0.5,ont
1,chr7:55281997(-)-chr7:55285001(+),1,30,0.5,ont
1,chr7:55281997(-)-chr7:55287001(+),3,30,0.5,ont
1,chr7:55281998(-)-chr7:55282008(+),4,30,0.5,ont
1,chr7:55281999(-)-chr7:55282011(+),1,30,0.5,ont
1,chr7:55282000(-)-chr7:55285001(+),1,30,0.5,ont
1,chr7:55282001(+)-chr7:55284507(-),1,30,0.5,ont
1,chr7:55282002(-)-chr7:55283503(+),2,30,0.5,ont
1,chr7:55282003(-)-chr7:55283500(+),2,30,0.5,ont
1,chr7:55282003(-)-chr7:55287001(+),1,30,0.5,ont
1,chr7:55282003(-)-chr7:55287009(+),1,30,0.5,ont
1,chr7:55282004(-)-chr7:55287001(+),1,30,0.5,ont
1,chr7:55282005(-)-chr7:55285002(+),1,30,0.5,ont
1,chr7:55282006(-)-chr7:55282010(+),1,30,0.5,ont
1,chr7:55282007(-)-chr7:55285002(+),2,30,0.5,ont
1,chr7:55282007(-)-chr7:55287001(+),1,30,0.5,ont
1,chr7:55282011(-)-chr7:55285002(+),1,30,0.5,ont
1,chr7:55282016(-)-chr7:55285002(+),1,30,0.5,ont
1,chr7:55282023(-)-chr7:55282054(+),1,30,0.5,ont
1,chr7:55283002(-)-chr7:55283003(+),3,30,0.5,ont
1,chr7:55283003(-)-chr7:55283006(+),1,30,0.5,ont
1,chr7:55284990(+)-chr7:55285002(-),1,30,0.5,ont
1,chr7:55284994(+)-chr7:55284998(-),1,30,0.5,ont
1,chr7:55284995(+)-chr7:55285000(-),2,30,0.5,ont
1,chr7:55284997(+)-chr7:55284999(-),1,30,0.5,ont
1,chr7:55285001(+)-chr7:55285002(-),6,30,0.5,ont
1,chr7:55286992(+)-chr7:55287001(-),2,30,0.5,ont
1,chr7:55287001(+)-chr7:55287002(-),7,30,0.5,ont
1,chr7:55286990(+)-chr7:55287013(-),1,30,0.5,ont
1,chr7:55286996(+)-chr7:55287003(-),1,30,0.5,ont
1,chr7:55286997(+)-chr7:55287004(-),1,30,0.5,ont
1,chr7:55286998(+)-chr7:55287001(-),1,30,0.5,ont
1,chr7:55286999(+)-chr7:55287001(-),1,30,0.5,ont
1,chr7:55287000(+)-chr7:55287002(-),2,30,0.5,ont
1,chr7:55287001(+)-chr7:55287002(-),2,30,0.5,ont
1,chr7:55281001(-)-chr7:55287001(+),1,30,0.75,ont
1,chr7:55281002(-)-chr7:55281003(+),6,30,0.75,ont
1,chr7:55281003(-)-chr7:55281005(+),5,30,0.75,ont
1,chr7:55281009(-)-chr7:55281016(+),1,30,0.75,ont
1,chr7:55281997(-)-chr7:55282008(+),2,30,0.75,ont
1,chr7:55281997(-)-chr7:55287001(+),3,30,0.75,ont
1,chr7:55281998(-)-chr7:55282008(+),6,30,0.75,ont
1,chr7:55281998(-)-chr7:55285002(+),1,30,0.75,ont
1,chr7:55281998(-)-chr7:55287001(+),1,30,0.75,ont
1,chr7:55281998(-)-chr7:55284999(+),1,30,0.75,ont
1,chr7:55281998(-)-chr7:55285000(+),1,30,0.75,ont
1,chr7:55281998(-)-chr7:55285002(+),1,30,0.75,ont
1,chr7:55281999(-)-chr7:55283506(+),1,30,0.75,ont
1,chr7:55282000(-)-chr7:55285001(+),1,30,0.75,ont
1,chr7:55282001(-)-chr7:55282002(+),1,30,0.75,ont
1,chr7:55282002(-)-chr7:55283503(+),2,30,0.75,ont
1,chr7:55282002(-)-chr7:55287013(+),1,30,0.75,ont
1,chr7:55282002(-)-chr7:55287016(+),1,30,0.75,ont
1,chr7:55282003(-)-chr7:55282006(+),3,30,0.75,ont
1,chr7:55282003(-)-chr7:55285002(+),1,30,0.75,ont
1,chr7:55282003(-)-chr7:55284995(+),1,30,0.75,ont
1,chr7:55282003(-)-chr7:55287001(+),1,30,0.75,ont
1,chr7:55282003(-)-chr7:55287009(+),1,30,0.75,ont
1,chr7:55282004(-)-chr7:55285063(+),1,30,0.75,ont
1,chr7:55282004(-)-chr7:55287001(+),1,30,0.75,ont
1,chr7:55282005(-)-chr7:55285002(+),1,30,0.75,ont
1,chr7:55282006(-)-chr7:55282010(+),1,30,0.75,ont
1,chr7:55282007(-)-chr7:55285002(+),3,30,0.75,ont
1,chr7:55282007(-)-chr7:55287001(+),1,30,0.75,ont
1,chr7:55282011(-)-chr7:55285002(+),1,30,0.75,ont
1,chr7:55282016(-)-chr7:55285002(+),1,30,0.75,ont
1,chr7:55282023(-)-chr7:55282054(+),1,30,0.75,ont
1,chr7:55283002(-)-chr7:55283003(+),4,30,0.75,ont
1,chr7:55283003(-)-chr7:55283006(+),1,30,0.75,ont
1,chr7:55284990(+)-chr7:55285002(-),1,30,0.75,ont
1,chr7:55284994(+)-chr7:55284998(-),1,30,0.75,ont
1,chr7:55284995(+)-chr7:55285000(-),2,30,0.75,ont
1,chr7:55284997(+)-chr7:55285000(-),2,30,0.75,ont
1,chr7:55285000(+)-chr7:55285001(-),4,30,0.75,ont
1,chr7:55285001(+)-chr7:55285002(-),12,30,0.75,ont
1,chr7:55286983(+)-chr7:55286996(-),1,30,0.75,ont
1,chr7:55286984(+)-chr7:55287001(-),1,30,0.75,ont
1,chr7:55287001(+)-chr7:55287002(-),11,30,0.75,ont
1,chr7:55286990(+)-chr7:55287007(-),2,30,0.75,ont
1,chr7:55286996(+)-chr7:55287003(-),1,30,0.75,ont
1,chr7:55286997(+)-chr7:55287004(-),1,30,0.75,ont
1,chr7:55286998(+)-chr7:55287001(-),1,30,0.75,ont
1,chr7:55286999(+)-chr7:55287001(-),1,30,0.75,ont
1,chr7:55287000(+)-chr7:55287003(-),3,30,0.75,ont
1,chr7:55287001(+)-chr7:55287002(-),2,30,0.75,ont
2,chr3:82271001(-)-chr3:82271004(+),2,30,0.1,ont
2,chr3:82271001(-)-chr3:82276986(+),1,30,0.1,ont
2,chr3:82271002(-)-chr3:82272998(+),1,30,0.1,ont
2,chr3:82272002(-)-chr3:82277001(+),1,30,0.1,ont
2,chr3:82272003(-)-chr3:82275002(+),1,30,0.1,ont
2,chr3:82274994(+)-chr3:82276005(-),1,30,0.1,ont
2,chr3:82275001(+)-chr3:82276004(-),1,30,0.1,ont
2,chr3:82276986(+)-chr3:82276999(-),1,30,0.1,ont
2,chr3:82276993(+)-chr3:82277007(-),1,30,0.1,ont
2,chr3:82277001(+)-chr3:82277002(-),3,30,0.1,ont
2,chr3:82271001(-)-chr3:82271004(+),2,30,0.2,ont
2,chr3:82271001(-)-chr3:82276986(+),1,30,0.2,ont
2,chr3:82271002(-)-chr3:82271003(+),3,30,0.2,ont
2,chr3:82272002(+)-chr3:82277001(-),2,30,0.2,ont
2,chr3:82272003(-)-chr3:82277002(+),1,30,0.2,ont
2,chr3:82272004(-)-chr3:82273002(+),1,30,0.2,ont
2,chr3:82273003(-)-chr3:82277002(+),1,30,0.2,ont
2,chr3:82273012(-)-chr3:82277001(+),1,30,0.2,ont
2,chr3:82274994(+)-chr3:82276005(-),1,30,0.2,ont
2,chr3:82275001(+)-chr3:82276004(-),1,30,0.2,ont
2,chr3:82275002(+)-chr3:82276003(-),1,30,0.2,ont
2,chr3:82276986(+)-chr3:82276999(-),1,30,0.2,ont
2,chr3:82276993(+)-chr3:82277007(-),1,30,0.2,ont
2,chr3:82277001(+)-chr3:82277002(-),4,30,0.2,ont
2,chr3:82271001(-)-chr3:82271004(+),2,30,0.25,ont
2,chr3:82271001(-)-chr3:82276986(+),1,30,0.25,ont
2,chr3:82271002(-)-chr3:82271003(+),3,30,0.25,ont
2,chr3:82272002(+)-chr3:82277001(-),3,30,0.25,ont
2,chr3:82272003(-)-chr3:82277002(+),1,30,0.25,ont
2,chr3:82272004(-)-chr3:82273002(+),1,30,0.25,ont
2,chr3:82273003(-)-chr3:82277002(+),1,30,0.25,ont
2,chr3:82273012(-)-chr3:82277001(+),1,30,0.25,ont
2,chr3:82274994(+)-chr3:82276005(-),1,30,0.25,ont
2,chr3:82275001(+)-chr3:82276002(-),2,30,0.25,ont
2,chr3:82275002(+)-chr3:82276003(-),1,30,0.25,ont
2,chr3:82276986(+)-chr3:82276999(-),1,30,0.25,ont
2,chr3:82276993(+)-chr3:82277007(-),1,30,0.25,ont
2,chr3:82276998(+)-chr3:82277001(-),2,30,0.25,ont
2,chr3:82277001(+)-chr3:82277002(-),5,30,0.25,ont
2,chr3:82271001(-)-chr3:82274002(+),1,30,0.5,ont
2,chr3:82271001(-)-chr3:82271003(+),4,30,0.5,ont
2,chr3:82271001(-)-chr3:82276999(+),1,30,0.5,ont
2,chr3:82271002(-)-chr3:82271003(+),3,30,0.5,ont
2,chr3:82271002(-)-chr3:82274994(+),1,30,0.5,ont
2,chr3:82272002(+)-chr3:82277001(-),4,30,0.5,ont
2,chr3:82272003(-)-chr3:82277002(+),1,30,0.5,ont
2,chr3:82272503(+)-chr3:82275001(-),1,30,0.5,ont
2,chr3:82272005(-)-chr3:82273003(+),1,30,0.5,ont
2,chr3:82273002(-)-chr3:82277001(+),1,30,0.5,ont
2,chr3:82273002(-)-chr3:82276998(+),1,30,0.5,ont
2,chr3:82273003(-)-chr3:82277002(+),3,30,0.5,ont
2,chr3:82273003(-)-chr3:82277008(+),1,30,0.5,ont
2,chr3:82273003(-)-chr3:82277001(+),1,30,0.5,ont
2,chr3:82273009(-)-chr3:82277002(+),1,30,0.5,ont
2,chr3:82273012(-)-chr3:82277001(+),1,30,0.5,ont
2,chr3:82274994(+)-chr3:82276005(-),1,30,0.5,ont
2,chr3:82275001(+)-chr3:82276002(-),2,30,0.5,ont
2,chr3:82275002(+)-chr3:82276002(-),1,30,0.5,ont
2,chr3:82276992(+)-chr3:82277000(-),2,30,0.5,ont
2,chr3:82276990(+)-chr3:82277014(-),1,30,0.5,ont
2,chr3:82276992(+)-chr3:82277001(-),1,30,0.5,ont
2,chr3:82276993(+)-chr3:82277007(-),1,30,0.5,ont
2,chr3:82276995(+)-chr3:82277002(-),1,30,0.5,ont
2,chr3:82276996(+)-chr3:82277008(-),1,30,0.5,ont
2,chr3:82276998(+)-chr3:82277001(-),2,30,0.5,ont
2,chr3:82277001(+)-chr3:82277002(-),9,30,0.5,ont
2,chr3:82271001(-)-chr3:82277001(+),1,30,0.75,ont
2,chr3:82271001(-)-chr3:82273994(+),1,30,0.75,ont
2,chr3:82271001(-)-chr3:82274002(+),1,30,0.75,ont
2,chr3:82271001(-)-chr3:82271003(+),3,30,0.75,ont
2,chr3:82271001(-)-chr3:82277001(+),1,30,0.75,ont
2,chr3:82271002(-)-chr3:82271003(+),4,30,0.75,ont
2,chr3:82271002(-)-chr3:82274994(+),1,30,0.75,ont
2,chr3:82271004(-)-chr3:82274995(+),1,30,0.75,ont
2,chr3:82271005(-)-chr3:82275002(+),1,30,0.75,ont
2,chr3:82271005(-)-chr3:82275001(+),1,30,0.75,ont
2,chr3:82271006(-)-chr3:82275001(+),1,30,0.75,ont
2,chr3:82272002(+)-chr3:82277001(-),1,30,0.75,ont
2,chr3:82272002(+)-chr3:82277001(-),3,30,0.75,ont
2,chr3:82272002(-)-chr3:82277001(+),3,30,0.75,ont
2,chr3:82272003(-)-chr3:82277002(+),1,30,0.75,ont
2,chr3:82272004(-)-chr3:82273002(+),1,30,0.75,ont
2,chr3:82272005(-)-chr3:82273003(+),1,30,0.75,ont
2,chr3:82272005(-)-chr3:82276996(+),1,30,0.75,ont
2,chr3:82273002(-)-chr3:82277001(+),1,30,0.75,ont
2,chr3:82273002(-)-chr3:82276998(+),1,30,0.75,ont
2,chr3:82273003(-)-chr3:82277002(+),3,30,0.75,ont
2,chr3:82273003(-)-chr3:82277008(+),1,30,0.75,ont
2,chr3:82273003(-)-chr3:82277001(+),1,30,0.75,ont
2,chr3:82273008(+)-chr3:82277002(-),1,30,0.75,ont
2,chr3:82273009(-)-chr3:82277002(+),1,30,0.75,ont
2,chr3:82273012(-)-chr3:82277001(+),1,30,0.75,ont
2,chr3:82274994(+)-chr3:82276005(-),1,30,0.75,ont
2,chr3:82275001(+)-chr3:82276002(-),2,30,0.75,ont
2,chr3:82275002(+)-chr3:82276002(-),1,30,0.75,ont
2,chr3:82276992(+)-chr3:82277000(-),2,30,0.75,ont
2,chr3:82276990(+)-chr3:82277014(-),1,30,0.75,ont
2,chr3:82276992(+)-chr3:82277001(-),1,30,0.75,ont
2,chr3:82276993(+)-chr3:82277004(-),2,30,0.75,ont
2,chr3:82276995(+)-chr3:82277002(-),1,30,0.75,ont
2,chr3:82276996(+)-chr3:82277008(-),1,30,0.75,ont
2,chr3:82276998(+)-chr3:82277001(-),2,30,0.75,ont
2,chr3:82277000(+)-chr3:82277002(-),2,30,0.75,ont
2,chr3:82277000(+)-chr3:82277002(-),1,30,0.75,ont
2,chr3:82277001(+)-chr3:82277002(-),11,30,0.75,ont
3,chr2:33090995(-)-chr2:33091009(+),1,30,0.1,ont
3,chr2:33091002(-)-chr2:33091005(+),1,30,0.1,ont
3,chr2:33091003(-)-chr2:33091009(+),1,30,0.1,ont
3,chr2:33094000(+)-chr2:33094002(-),2,30,0.1,ont
3,chr2:33094001(+)-chr2:33094002(-),1,30,0.1,ont
3,chr6:37146998(+)-chr6:37147000(-),1,30,0.1,ont
3,chr2:33091005(-)-chr2:33091006(+),1,30,0.1,ont
3,chr6:37146999(+)-chr6:37147002(-),1,30,0.1,ont
3,chr6:37147001(+)-chr6:37147002(-),1,30,0.1,ont
3,chr13:74087000(-)-chr6:37145005(+),1,30,0.1,ont
3,chr13:74087003(-)-chr6:37145002(+),1,30,0.1,ont
3,chr13:74087004(-)-chr6:37145002(+),1,30,0.1,ont
3,chr13:74087012(-)-chr6:37145004(+),1,30,0.1,ont
3,chr13:74088996(+)-chr2:33093999(-),1,30,0.1,ont
3,chr13:74089002(+)-chr2:33094001(-),1,30,0.1,ont
3,chr13:74089002(+)-chr2:33094002(-),1,30,0.1,ont
3,chr13:74089003(+)-chr2:33094002(-),2,30,0.1,ont
3,chr2:33093002(+)-chr6:37144003(+),2,30,0.1,ont
3,chr2:33093002(+)-chr6:37144001(+),1,30,0.1,ont
3,chr2:33093002(+)-chr6:37144011(+),1,30,0.1,ont
3,chr2:33090995(-)-chr2:33091009(+),1,30,0.2,ont
3,chr2:33091002(-)-chr2:33091004(+),1,30,0.2,ont
3,chr2:33091003(-)-chr2:33091007(+),2,30,0.2,ont
3,chr2:33094000(+)-chr2:33094002(-),2,30,0.2,ont
3,chr2:33094001(+)-chr2:33094002(-),1,30,0.2,ont
3,chr6:37146998(+)-chr6:37147000(-),1,30,0.2,ont
3,chr2:33091003(-)-chr2:33091006(+),1,30,0.2,ont
3,chr2:33091005(-)-chr2:33091006(+),1,30,0.2,ont
3,chr2:33094001(+)-chr2:33094002(-),1,30,0.2,ont
3,chr6:37146999(+)-chr6:37147002(-),1,30,0.2,ont
3,chr6:37147001(+)-chr6:37147002(-),2,30,0.2,ont
3,chr13:74087000(-)-chr6:37145005(+),1,30,0.2,ont
3,chr13:74087003(-)-chr6:37145002(+),3,30,0.2,ont
3,chr13:74087004(-)-chr6:37145002(+),1,30,0.2,ont
3,chr13:74087012(-)-chr6:37145004(+),1,30,0.2,ont
3,chr13:74088996(+)-chr2:33093999(-),1,30,0.2,ont
3,chr13:74089002(+)-chr2:33094001(-),1,30,0.2,ont
3,chr13:74089002(+)-chr2:33094002(-),2,30,0.2,ont
3,chr13:74089003(+)-chr2:33094002(-),2,30,0.2,ont
3,chr13:74089005(+)-chr2:33094000(-),1,30,0.2,ont
3,chr2:33093002(+)-chr6:37144003(+),2,30,0.2,ont
3,chr2:33093002(+)-chr6:37144001(+),2,30,0.2,ont
3,chr2:33093002(+)-chr6:37144011(+),1,30,0.2,ont
3,chr2:33090995(-)-chr2:33091009(+),1,30,0.25,ont
3,chr2:33091002(-)-chr2:33091004(+),1,30,0.25,ont
3,chr2:33091003(-)-chr2:33091007(+),2,30,0.25,ont
3,chr2:33091005(-)-chr2:33091012(+),1,30,0.25,ont
3,chr2:33094000(+)-chr2:33094002(-),2,30,0.25,ont
3,chr2:33094001(+)-chr2:33094002(-),1,30,0.25,ont
3,chr6:37146999(+)-chr6:37147001(-),2,30,0.25,ont
3,chr2:33090996(-)-chr2:33091010(+),1,30,0.25,ont
3,chr2:33091003(-)-chr2:33091007(+),2,30,0.25,ont
3,chr2:33091005(-)-chr2:33091006(+),1,30,0.25,ont
3,chr2:33094001(+)-chr2:33094002(-),3,30,0.25,ont
3,chr6:37146979(+)-chr6:37147002(-),1,30,0.25,ont
3,chr6:37146986(+)-chr6:37147015(-),1,30,0.25,ont
3,chr6:37146999(+)-chr6:37147002(-),1,30,0.25,ont
3,chr6:37147000(+)-chr6:37147002(-),1,30,0.25,ont
3,chr6:37147001(+)-chr6:37147002(-),2,30,0.25,ont
3,chr13:74086998(-)-chr6:37145008(+),1,30,0.25,ont
3,chr13:74087000(-)-chr6:37145004(+),1,30,0.25,ont
3,chr13:74087000(-)-chr6:37145005(+),1,30,0.25,ont
3,chr13:74087003(-)-chr6:37145002(+),5,30,0.25,ont
3,chr13:74087003(-)-chr6:37145012(+),1,30,0.25,ont
3,chr13:74087004(-)-chr6:37145002(+),1,30,0.25,ont
3,chr13:74087012(-)-chr6:37145004(+),1,30,0.25,ont
3,chr13:74088996(+)-chr2:33093999(-),1,30,0.25,ont
3,chr13:74089002(+)-chr2:33094002(-),4,30,0.25,ont
3,chr13:74089002(+)-chr2:33094001(-),2,30,0.25,ont
3,chr13:74089003(+)-chr2:33094002(-),3,30,0.25,ont
3,chr13:74089003(+)-chr2:33094001(-),1,30,0.25,ont
3,chr13:74089005(+)-chr2:33094000(-),1,30,0.25,ont
3,chr2:33092994(+)-chr6:37144004(+),1,30,0.25,ont
3,chr2:33093001(+)-chr6:37144002(+),1,30,0.25,ont
3,chr2:33093002(+)-chr6:37144003(+),2,30,0.25,ont
3,chr2:33093002(+)-chr6:37144001(+),2,30,0.25,ont
3,chr2:33093002(+)-chr6:37144002(+),2,30,0.25,ont
3,chr2:33093002(+)-chr6:37144011(+),1,30,0.25,ont
3,chr2:33090995(-)-chr2:33091011(+),4,30,0.5,ont
3,chr2:33090996(-)-chr2:33091010(+),2,30,0.5,ont
3,chr2:33090997(-)-chr2:33093999(+),1,30,0.5,ont
3,chr2:33091002(-)-chr2:33091004(+),4,30,0.5,ont
3,chr2:33091003(-)-chr2:33091005(+),3,30,0.5,ont
3,chr2:33091005(-)-chr2:33091012(+),1,30,0.5,ont
3,chr2:33093994(+)-chr2:33094002(-),1,30,0.5,ont
3,chr2:33093997(+)-chr2:33093999(-),1,30,0.5,ont
3,chr2:33093999(+)-chr2:33094002(-),1,30,0.5,ont
3,chr2:33094000(+)-chr2:33094002(-),2,30,0.5,ont
3,chr2:33094001(+)-chr2:33094002(-),6,30,0.5,ont
3,chr6:37146987(+)-chr6:37147016(-),1,30,0.5,ont
3,chr6:37146998(+)-chr6:37147002(-),3,30,0.5,ont
3,chr6:37147000(+)-chr6:37147002(-),1,30,0.5,ont
3,chr6:37147001(+)-chr6:37147003(-),2,30,0.5,ont
3,chr2:33090996(-)-chr2:33091010(+),1,30,0.5,ont
3,chr2:33091003(-)-chr2:33091007(+),2,30,0.5,ont
3,chr2:33091005(-)-chr2:33091006(+),1,30,0.5,ont
3,chr2:33094001(+)-chr2:33094002(-),3,30,0.5,ont
3,chr6:37146979(+)-chr6:37147002(-),1,30,0.5,ont
3,chr6:37146986(+)-chr6:37147015(-),1,30,0.5,ont
3,chr6:37146989(+)-chr6:37147015(-),1,30,0.5,ont
3,chr6:37146995(+)-chr6:37147002(-),1,30,0.5,ont
3,chr6:37146999(+)-chr6:37147002(-),1,30,0.5,ont
3,chr6:37147000(+)-chr6:37147002(-),1,30,0.5,ont
3,chr6:37147001(+)-chr6:37147002(-),5,30,0.5,ont
3,chr13:74086998(-)-chr6:37145008(+),1,30,0.5,ont
3,chr13:74087000(-)-chr6:37145004(+),1,30,0.5,ont
3,chr13:74087000(-)-chr6:37145005(+),1,30,0.5,ont
3,chr13:74087003(-)-chr6:37145007(+),1,30,0.5,ont
3,chr13:74087003(-)-chr6:37145004(+),1,30,0.5,ont
3,chr13:74087003(-)-chr6:37145002(+),7,30,0.5,ont
3,chr13:74087003(-)-chr6:37145003(+),2,30,0.5,ont
3,chr13:74087003(-)-chr6:37145012(+),1,30,0.5,ont
3,chr13:74087003(-)-chr6:37145003(+),1,30,0.5,ont
3,chr13:74087004(-)-chr6:37145002(+),1,30,0.5,ont
3,chr13:74087005(-)-chr6:37145003(+),1,30,0.5,ont
3,chr13:74087007(-)-chr6:37145004(+),1,30,0.5,ont
3,chr13:74087008(-)-chr6:37145002(+),1,30,0.5,ont
3,chr13:74087012(-)-chr6:37145004(+),1,30,0.5,ont
3,chr13:74087014(-)-chr6:37144997(+),2,30,0.5,ont
3,chr13:74087015(-)-chr6:37144997(+),1,30,0.5,ont
3,chr13:74088996(+)-chr2:33093999(-),1,30,0.5,ont
3,chr13:74089000(+)-chr2:33093993(-),1,30,0.5,ont
3,chr13:74089000(+)-chr2:33094002(-),2,30,0.5,ont
3,chr13:74089002(+)-chr2:33094002(-),5,30,0.5,ont
3,chr13:74089002(+)-chr2:33094001(-),3,30,0.5,ont
3,chr13:74089003(+)-chr2:33094002(-),7,30,0.5,ont
3,chr13:74089003(+)-chr2:33094001(-),2,30,0.5,ont
3,chr13:74089004(+)-chr2:33094001(-),1,30,0.5,ont
3,chr13:74089005(+)-chr2:33094000(-),1,30,0.5,ont
3,chr2:33092994(+)-chr6:37144004(+),1,30,0.5,ont
3,chr2:33092999(+)-chr6:37144003(+),1,30,0.5,ont
3,chr2:33093001(+)-chr6:37144002(+),1,30,0.5,ont
3,chr2:33093002(+)-chr6:37144003(+),6,30,0.5,ont
3,chr2:33093002(+)-chr6:37144001(+),2,30,0.5,ont
3,chr2:33093002(+)-chr6:37144002(+),5,30,0.5,ont
3,chr2:33093002(+)-chr6:37144011(+),1,30,0.5,ont
3,chr2:33090995(-)-chr2:33091009(+),6,30,0.75,ont
3,chr2:33090996(-)-chr2:33091010(+),3,30,0.75,ont
3,chr2:33090997(-)-chr2:33093999(+),1,30,0.75,ont
3,chr2:33091002(-)-chr2:33091004(+),4,30,0.75,ont
3,chr2:33091003(-)-chr2:33091005(+),3,30,0.75,ont
3,chr2:33091005(-)-chr2:33091012(+),1,30,0.75,ont
3,chr2:33093994(+)-chr2:33094002(-),1,30,0.75,ont
3,chr2:33093997(+)-chr2:33094004(-),2,30,0.75,ont
3,chr2:33093999(+)-chr2:33094002(-),1,30,0.75,ont
3,chr2:33094000(+)-chr2:33094002(-),2,30,0.75,ont
3,chr2:33094001(+)-chr2:33094002(-),6,30,0.75,ont
3,chr6:37146987(+)-chr6:37147016(-),1,30,0.75,ont
3,chr6:37146998(+)-chr6:37147001(-),2,30,0.75,ont
3,chr6:37147000(+)-chr6:37147002(-),3,30,0.75,ont
3,chr6:37147001(+)-chr6:37147003(-),2,30,0.75,ont
3,chr2:33090996(-)-chr2:33091010(+),1,30,0.75,ont
3,chr2:33091003(-)-chr2:33091006(+),3,30,0.75,ont
3,chr2:33091005(-)-chr2:33091006(+),1,30,0.75,ont
3,chr2:33094001(+)-chr2:33094002(-),3,30,0.75,ont
3,chr6:37146979(+)-chr6:37147002(-),1,30,0.75,ont
3,chr6:37146986(+)-chr6:37147015(-),1,30,0.75,ont
3,chr6:37146989(+)-chr6:37147015(-),1,30,0.75,ont
3,chr6:37146995(+)-chr6:37147002(-),1,30,0.75,ont
3,chr6:37146999(+)-chr6:37147002(-),1,30,0.75,ont
3,chr6:37147000(+)-chr6:37147002(-),3,30,0.75,ont
3,chr6:37147001(+)-chr6:37147002(-),8,30,0.75,ont
3,chr13:74086998(-)-chr6:37145008(+),1,30,0.75,ont
3,chr13:74087000(-)-chr6:37145004(+),1,30,0.75,ont
3,chr13:74087000(-)-chr6:37145005(+),1,30,0.75,ont
3,chr13:74087001(-)-chr6:37145004(+),1,30,0.75,ont
3,chr13:74087003(-)-chr6:37145007(+),1,30,0.75,ont
3,chr13:74087003(-)-chr6:37145005(+),1,30,0.75,ont
3,chr13:74087003(-)-chr6:37145004(+),1,30,0.75,ont
3,chr13:74087003(-)-chr6:37145002(+),5,30,0.75,ont
3,chr13:74087003(-)-chr6:37145003(+),3,30,0.75,ont
3,chr13:74087003(-)-chr6:37145002(+),4,30,0.75,ont
3,chr13:74087003(-)-chr6:37145012(+),1,30,0.75,ont
3,chr13:74087004(-)-chr6:37145002(+),1,30,0.75,ont
3,chr13:74087005(-)-chr6:37145003(+),1,30,0.75,ont
3,chr13:74087007(-)-chr6:37145004(+),1,30,0.75,ont
3,chr13:74087008(-)-chr6:37145002(+),1,30,0.75,ont
3,chr13:74087012(-)-chr6:37145004(+),1,30,0.75,ont
3,chr13:74087014(-)-chr6:37144997(+),2,30,0.75,ont
3,chr13:74087014(-)-chr6:37144996(+),1,30,0.75,ont
3,chr13:74087015(-)-chr6:37144997(+),1,30,0.75,ont
3,chr13:74087017(-)-chr6:37144996(+),1,30,0.75,ont
3,chr13:74087022(-)-chr6:37144996(+),1,30,0.75,ont
3,chr13:74088996(+)-chr2:33093999(-),1,30,0.75,ont
3,chr13:74089000(+)-chr2:33093993(-),1,30,0.75,ont
3,chr13:74089000(+)-chr2:33094002(-),2,30,0.75,ont
3,chr13:74089002(+)-chr2:33094002(-),6,30,0.75,ont
3,chr13:74089002(+)-chr2:33094001(-),3,30,0.75,ont
3,chr13:74089003(+)-chr2:33094002(-),4,30,0.75,ont
3,chr13:74089003(+)-chr2:33094000(-),1,30,0.75,ont
3,chr13:74089003(+)-chr2:33093997(-),1,30,0.75,ont
3,chr13:74089003(+)-chr2:33094001(-),3,30,0.75,ont
3,chr13:74089003(+)-chr2:33094002(-),3,30,0.75,ont
3,chr13:74089004(+)-chr2:33094001(-),1,30,0.75,ont
3,chr13:74089005(+)-chr2:33094000(-),1,30,0.75,ont
3,chr2:33092972(+)-chr6:37144005(+),1,30,0.75,ont
3,chr2:33092994(+)-chr6:37144004(+),1,30,0.75,ont
3,chr2:33092997(+)-chr6:37144002(+),1,30,0.75,ont
3,chr2:33092999(+)-chr6:37144003(+),1,30,0.75,ont
3,chr2:33093001(+)-chr6:37144002(+),1,30,0.75,ont
3,chr2:33093002(+)-chr6:37144003(+),6,30,0.75,ont
3,chr2:33093002(+)-chr6:37144001(+),2,30,0.75,ont
3,chr2:33093002(+)-chr6:37144002(+),6,30,0.75,ont
3,chr2:33093002(+)-chr6:37144011(+),1,30,0.75,ont
4,chr2:33092002(-)-chr2:33092006(+),2,30,0.1,ont
4,chr2:33092006(-)-chr2:33092015(+),1,30,0.1,ont
4,chr2:33094998(+)-chr2:33095002(-),1,30,0.1,ont
4,chr2:33095001(+)-chr2:33095002(-),2,30,0.1,ont
4,chr6:45658001(+)-chr6:45658002(-),1,30,0.1,ont
4,chr6:45655998(-)-chr6:45656007(+),1,30,0.1,ont
4,chr6:45655999(-)-chr6:45656006(+),1,30,0.1,ont
4,chr6:45657997(+)-chr6:45658001(-),1,30,0.1,ont
4,chr6:45657998(+)-chr6:45658002(-),1,30,0.1,ont
4,chr2:33093970(+)-chr6:45656001(+),1,30,0.1,ont
4,chr2:33094000(+)-chr6:45656001(+),1,30,0.1,ont
4,chr2:33094001(+)-chr6:45656001(+),1,30,0.1,ont
4,chr2:33094002(+)-chr6:45656003(+),1,30,0.1,ont
4,chr2:33094002(+)-chr6:45656002(+),1,30,0.1,ont
4,chr2:33092002(-)-chr2:33092003(+),5,30,0.2,ont
4,chr2:33092006(-)-chr2:33092015(+),1,30,0.2,ont
4,chr2:33094998(+)-chr2:33095002(-),1,30,0.2,ont
4,chr2:33095000(+)-chr2:33095001(-),1,30,0.2,ont
4,chr2:33095001(+)-chr2:33095002(-),3,30,0.2,ont
4,chr6:45655999(-)-chr6:45656006(+),2,30,0.2,ont
4,chr6:45657998(+)-chr6:45658002(-),1,30,0.2,ont
4,chr6:45658001(+)-chr6:45658002(-),1,30,0.2,ont
4,chr6:45655998(-)-chr6:45656007(+),1,30,0.2,ont
4,chr6:45655999(-)-chr6:45656005(+),2,30,0.2,ont
4,chr6:45657997(+)-chr6:45658001(-),1,30,0.2,ont
4,chr6:45657998(+)-chr6:45658002(-),1,30,0.2,ont
4,chr6:45658000(+)-chr6:45658002(-),1,30,0.2,ont
4,chr2:33093666(+)-chr6:45656002(+),1,30,0.2,ont
4,chr2:33093970(+)-chr6:45656001(+),1,30,0.2,ont
4,chr2:33094000(+)-chr6:45656001(+),1,30,0.2,ont
4,chr2:33094001(+)-chr6:45656001(+),3,30,0.2,ont
4,chr2:33094002(+)-chr6:45656003(+),1,30,0.2,ont
4,chr2:33094002(+)-chr6:45656002(+),2,30,0.2,ont
4,chr2:33092002(-)-chr2:33092003(+),6,30,0.25,ont
4,chr2:33092006(-)-chr2:33092015(+),1,30,0.25,ont
4,chr2:33094998(+)-chr2:33095002(-),1,30,0.25,ont
4,chr2:33095000(+)-chr2:33095001(-),1,30,0.25,ont
4,chr2:33095001(+)-chr2:33095002(-),3,30,0.25,ont
4,chr6:45655999(-)-chr6:45656006(+),3,30,0.25,ont
4,chr6:45657998(+)-chr6:45658002(-),1,30,0.25,ont
4,chr6:45658001(+)-chr6:45658002(-),1,30,0.25,ont
4,chr6:45655998(-)-chr6:45656006(+),2,30,0.25,ont
4,chr6:45655999(-)-chr6:45656006(+),3,30,0.25,ont
4,chr6:45657999(+)-chr6:45658001(-),2,30,0.25,ont
4,chr6:45657998(+)-chr6:45658002(-),1,30,0.25,ont
4,chr6:45658000(+)-chr6:45658002(-),1,30,0.25,ont
4,chr2:33093666(+)-chr6:45656002(+),1,30,0.25,ont
4,chr2:33093970(+)-chr6:45656001(+),1,30,0.25,ont
4,chr2:33093995(+)-chr6:45656000(+),1,30,0.25,ont
4,chr2:33094000(+)-chr6:45656001(+),1,30,0.25,ont
4,chr2:33094000(+)-chr6:45656000(+),1,30,0.25,ont
4,chr2:33094001(+)-chr6:45656001(+),4,30,0.25,ont
4,chr2:33094002(+)-chr6:45656003(+),2,30,0.25,ont
4,chr2:33094002(+)-chr6:45656002(+),2,30,0.25,ont
4,chr2:33092002(-)-chr2:33092003(+),7,30,0.5,ont
4,chr2:33092003(-)-chr2:33092004(+),8,30,0.5,ont
4,chr2:33092005(-)-chr2:33092010(+),2,30,0.5,ont
4,chr2:33094994(+)-chr2:33095002(-),1,30,0.5,ont
4,chr2:33094998(+)-chr2:33095000(-),2,30,0.5,ont
4,chr2:33094998(+)-chr2:33095001(-),2,30,0.5,ont
4,chr2:33094999(+)-chr2:33095001(-),3,30,0.5,ont
4,chr2:33095001(+)-chr2:33095002(-),4,30,0.5,ont
4,chr6:45655999(-)-chr6:45656005(+),1,30,0.5,ont
4,chr6:45655999(-)-chr6:45656006(+),3,30,0.5,ont
4,chr6:45657995(+)-chr6:45658002(-),1,30,0.5,ont
4,chr6:45657998(+)-chr6:45658002(-),1,30,0.5,ont
4,chr6:45658001(+)-chr6:45658002(-),1,30,0.5,ont
4,chr2:33094995(+)-chr2:33095002(-),1,30,0.5,ont
4,chr2:33095001(+)-chr2:33095002(-),1,30,0.5,ont
4,chr6:45655998(-)-chr6:45656006(+),2,30,0.5,ont
4,chr6:45655999(-)-chr6:45656005(+),2,30,0.5,ont
4,chr6:45656004(-)-chr6:45658001(+),1,30,0.5,ont
4,chr6:45656007(-)-chr6:45658001(+),1,30,0.5,ont
4,chr6:45658001(+)-chr6:45658002(-),6,30,0.5,ont
4,chr6:45657997(+)-chr6:45658001(-),1,30,0.5,ont
4,chr6:45657998(+)-chr6:45658000(-),2,30,0.5,ont
4,chr6:45658000(+)-chr6:45658002(-),1,30,0.5,ont
4,chr2:33093666(+)-chr6:45656002(+),1,30,0.5,ont
4,chr2:33093970(+)-chr6:45656001(+),1,30,0.5,ont
4,chr2:33093991(+)-chr6:45656001(+),1,30,0.5,ont
4,chr2:33093992(+)-chr6:45656009(+),1,30,0.5,ont
4,chr2:33093995(+)-chr6:45656000(+),1,30,0.5,ont
4,chr2:33093996(+)-chr6:45656003(+),1,30,0.5,ont
4,chr2:33093997(+)-chr6:45656000(+),1,30,0.5,ont
4,chr2:33093998(+)-chr6:45656001(+),1,30,0.5,ont
4,chr2:33094000(+)-chr6:45656004(+),1,30,0.5,ont
4,chr2:33094000(+)-chr6:45656002(+),1,30,0.5,ont
4,chr2:33094000(+)-chr6:45656005(+),1,30,0.5,ont
4,chr2:33094000(+)-chr6:45656001(+),1,30,0.5,ont
4,chr2:33094000(+)-chr6:45656000(+),1,30,0.5,ont
4,chr2:33094001(+)-chr6:45656001(+),4,30,0.5,ont
4,chr2:33094001(+)-chr6:45656005(+),1,30,0.5,ont
4,chr2:33094001(+)-chr6:45656001(+),3,30,0.5,ont
4,chr2:33094001(+)-chr6:45656000(+),1,30,0.5,ont
4,chr2:33094001(+)-chr6:45656008(+),1,30,0.5,ont
4,chr2:33094002(+)-chr6:45656006(+),1,30,0.5,ont
4,chr2:33094002(+)-chr6:45656003(+),3,30,0.5,ont
4,chr2:33094002(+)-chr6:45656002(+),3,30,0.5,ont
4,chr2:33092002(-)-chr2:33092003(+),7,30,0.75,ont
4,chr2:33092003(-)-chr2:33092004(+),8,30,0.75,ont
4,chr2:33092004(-)-chr2:33093502(+),1,30,0.75,ont
4,chr2:33092006(-)-chr2:33092015(+),1,30,0.75,ont
4,chr2:33094994(+)-chr2:33095002(-),1,30,0.75,ont
4,chr2:33095000(+)-chr2:33095001(-),3,30,0.75,ont
4,chr2:33094998(+)-chr2:33095001(-),2,30,0.75,ont
4,chr2:33094999(+)-chr2:33095002(-),5,30,0.75,ont
4,chr2:33095001(+)-chr2:33095002(-),3,30,0.75,ont
4,chr6:45655999(-)-chr6:45656005(+),4,30,0.75,ont
4,chr6:45657995(+)-chr6:45658002(-),1,30,0.75,ont
4,chr6:45657998(+)-chr6:45658002(-),1,30,0.75,ont
4,chr6:45658001(+)-chr6:45658002(-),1,30,0.75,ont
4,chr2:33094995(+)-chr2:33095002(-),1,30,0.75,ont
4,chr2:33095001(+)-chr2:33095002(-),1,30,0.75,ont
4,chr6:45655998(-)-chr6:45656006(+),2,30,0.75,ont
4,chr6:45655998(-)-chr6:45657999(+),1,30,0.75,ont
4,chr6:45655999(-)-chr6:45656005(+),2,30,0.75,ont
4,chr6:45656004(-)-chr6:45658001(+),1,30,0.75,ont
4,chr6:45656007(-)-chr6:45658001(+),1,30,0.75,ont
4,chr6:45658001(+)-chr6:45658002(-),7,30,0.75,ont
4,chr6:45657997(+)-chr6:45658001(-),1,30,0.75,ont
4,chr6:45657998(+)-chr6:45658000(-),2,30,0.75,ont
4,chr6:45658000(+)-chr6:45658002(-),1,30,0.75,ont
4,chr2:33093666(+)-chr6:45656002(+),1,30,0.75,ont
4,chr2:33093970(+)-chr6:45656001(+),1,30,0.75,ont
4,chr2:33093991(+)-chr6:45656001(+),1,30,0.75,ont
4,chr2:33093992(+)-chr6:45656009(+),1,30,0.75,ont
4,chr2:33093993(+)-chr6:45655997(+),1,30,0.75,ont
4,chr2:33093995(+)-chr6:45656000(+),1,30,0.75,ont
4,chr2:33093996(+)-chr6:45656003(+),1,30,0.75,ont
4,chr2:33093997(+)-chr6:45656000(+),1,30,0.75,ont
4,chr2:33093998(+)-chr6:45656001(+),1,30,0.75,ont
4,chr2:33093999(+)-chr6:45656001(+),1,30,0.75,ont
4,chr2:33094000(+)-chr6:45656004(+),1,30,0.75,ont
4,chr2:33094000(+)-chr6:45656002(+),1,30,0.75,ont
4,chr2:33094000(+)-chr6:45656005(+),1,30,0.75,ont
4,chr2:33094000(+)-chr6:45656001(+),1,30,0.75,ont
4,chr2:33094000(+)-chr6:45656000(+),1,30,0.75,ont
4,chr2:33094001(+)-chr6:45656001(+),4,30,0.75,ont
4,chr2:33094001(+)-chr6:45656005(+),1,30,0.75,ont
4,chr2:33094001(+)-chr6:45656001(+),3,30,0.75,ont
4,chr2:33094001(+)-chr6:45656000(+),2,30,0.75,ont
4,chr2:33094001(+)-chr6:45656008(+),1,30,0.75,ont
4,chr2:33094002(+)-chr6:45656006(+),1,30,0.75,ont
4,chr2:33094002(+)-chr6:45656003(+),3,30,0.75,ont
4,chr2:33094002(+)-chr6:45656002(+),3,30,0.75,ont
4,chr2:33094002(+)-chr6:45656011(+),1,30,0.75,ont
1,chr7:55280993(-)-chr7:55281008(+),1,30,0.1,pb
1,chr7:55287001(+)-chr7:55287002(-),1,30,0.1,pb
1,chr7:55281003(-)-chr7:55286998(+),1,30,0.1,pb
1,chr7:55281997(-)-chr7:55287001(+),1,30,0.1,pb
1,chr7:55281999(-)-chr7:55287002(+),1,30,0.1,pb
1,chr7:55282001(-)-chr7:55282002(+),1,30,0.1,pb
1,chr7:55282003(-)-chr7:55282008(+),1,30,0.1,pb
1,chr7:55282010(-)-chr7:55285002(+),1,30,0.1,pb
1,chr7:55283003(-)-chr7:55287002(+),1,30,0.1,pb
1,chr7:55285000(+)-chr7:55285002(-),1,30,0.1,pb
1,chr7:55285001(+)-chr7:55285002(-),1,30,0.1,pb
1,chr7:55286998(+)-chr7:55287004(-),1,30,0.1,pb
1,chr7:55287001(+)-chr7:55287002(-),2,30,0.1,pb
1,chr7:55287002(+)-chr7:55287003(-),1,30,0.1,pb
1,chr7:55280993(-)-chr7:55281008(+),1,30,0.2,pb
1,chr7:55287001(+)-chr7:55287002(-),1,30,0.2,pb
1,chr7:55281002(-)-chr7:55281003(+),2,30,0.2,pb
1,chr7:55281003(-)-chr7:55286998(+),1,30,0.2,pb
1,chr7:55281997(-)-chr7:55282008(+),1,30,0.2,pb
1,chr7:55281997(-)-chr7:55287001(+),1,30,0.2,pb
1,chr7:55281998(-)-chr7:55283505(+),1,30,0.2,pb
1,chr7:55281999(-)-chr7:55287002(+),1,30,0.2,pb
1,chr7:55282001(-)-chr7:55282002(+),1,30,0.2,pb
1,chr7:55282002(-)-chr7:55282006(+),1,30,0.2,pb
1,chr7:55282003(-)-chr7:55282008(+),1,30,0.2,pb
1,chr7:55282009(-)-chr7:55285000(+),1,30,0.2,pb
1,chr7:55282010(-)-chr7:55285002(+),1,30,0.2,pb
1,chr7:55283003(-)-chr7:55287002(+),1,30,0.2,pb
1,chr7:55285001(+)-chr7:55285002(-),4,30,0.2,pb
1,chr7:55285001(+)-chr7:55285002(-),1,30,0.2,pb
1,chr7:55286984(+)-chr7:55287017(-),1,30,0.2,pb
1,chr7:55286998(+)-chr7:55287004(-),1,30,0.2,pb
1,chr7:55287001(+)-chr7:55287002(-),2,30,0.2,pb
1,chr7:55287002(+)-chr7:55287003(-),1,30,0.2,pb
1,chr7:55280993(-)-chr7:55281008(+),1,30,0.25,pb
1,chr7:55280994(-)-chr7:55287001(+),1,30,0.25,pb
1,chr7:55281001(-)-chr7:55287001(+),2,30,0.25,pb
1,chr7:55281002(-)-chr7:55281003(+),3,30,0.25,pb
1,chr7:55281003(-)-chr7:55286998(+),1,30,0.25,pb
1,chr7:55281003(-)-chr7:55284008(+),1,30,0.25,pb
1,chr7:55281997(+)-chr7:55283504(-),1,30,0.25,pb
1,chr7:55281997(-)-chr7:55285001(+),1,30,0.25,pb
1,chr7:55281997(-)-chr7:55287001(+),1,30,0.25,pb
1,chr7:55281998(-)-chr7:55282008(+),2,30,0.25,pb
1,chr7:55281999(-)-chr7:55287002(+),1,30,0.25,pb
1,chr7:55282001(-)-chr7:55282002(+),1,30,0.25,pb
1,chr7:55282002(-)-chr7:55282006(+),1,30,0.25,pb
1,chr7:55282003(-)-chr7:55282008(+),1,30,0.25,pb
1,chr7:55282009(-)-chr7:55285000(+),1,30,0.25,pb
1,chr7:55282010(-)-chr7:55285002(+),1,30,0.25,pb
1,chr7:55283002(-)-chr7:55283003(+),1,30,0.25,pb
1,chr7:55283003(-)-chr7:55287002(+),1,30,0.25,pb
1,chr7:55283003(-)-chr7:55287004(+),1,30,0.25,pb
1,chr7:55285000(+)-chr7:55285002(-),2,30,0.25,pb
1,chr7:55285001(+)-chr7:55285002(-),1,30,0.25,pb
1,chr7:55286984(+)-chr7:55287017(-),1,30,0.25,pb
1,chr7:55287001(+)-chr7:55287002(-),5,30,0.25,pb
1,chr7:55286995(+)-chr7:55287004(-),1,30,0.25,pb
1,chr7:55286998(+)-chr7:55287004(-),1,30,0.25,pb
1,chr7:55280993(-)-chr7:55281008(+),1,30,0.5,pb
1,chr7:55280994(-)-chr7:55287001(+),1,30,0.5,pb
1,chr7:55281001(-)-chr7:55287001(+),2,30,0.5,pb
1,chr7:55281002(-)-chr7:55281003(+),5,30,0.5,pb
1,chr7:55281003(-)-chr7:55281004(+),3,30,0.5,pb
1,chr7:55281003(-)-chr7:55286998(+),1,30,0.5,pb
1,chr7:55281003(-)-chr7:55287013(+),1,30,0.5,pb
1,chr7:55281005(-)-chr7:55286998(+),1,30,0.5,pb
1,chr7:55281997(-)-chr7:55282007(+),5,30,0.5,pb
1,chr7:55281997(-)-chr7:55285001(+),1,30,0.5,pb
1,chr7:55281997(-)-chr7:55287001(+),2,30,0.5,pb
1,chr7:55281998(-)-chr7:55283505(+),4,30,0.5,pb
1,chr7:55281999(-)-chr7:55287002(+),1,30,0.5,pb
1,chr7:55282001(-)-chr7:55282002(+),1,30,0.5,pb
1,chr7:55282002(-)-chr7:55284509(+),1,30,0.5,pb
1,chr7:55282003(-)-chr7:55282007(+),5,30,0.5,pb
1,chr7:55282004(-)-chr7:55285002(+),1,30,0.5,pb
1,chr7:55282004(-)-chr7:55286995(+),1,30,0.5,pb
1,chr7:55282006(-)-chr7:55287001(+),1,30,0.5,pb
1,chr7:55282008(-)-chr7:55284999(+),1,30,0.5,pb
1,chr7:55282009(-)-chr7:55285000(+),1,30,0.5,pb
1,chr7:55282010(-)-chr7:55285002(+),2,30,0.5,pb
1,chr7:55283002(-)-chr7:55283003(+),1,30,0.5,pb
1,chr7:55283003(-)-chr7:55287002(+),1,30,0.5,pb
1,chr7:55283003(-)-chr7:55287003(+),1,30,0.5,pb
1,chr7:55283003(-)-chr7:55287004(+),1,30,0.5,pb
1,chr7:55284998(+)-chr7:55285002(-),2,30,0.5,pb
1,chr7:55284999(+)-chr7:55285003(-),2,30,0.5,pb
1,chr7:55285000(+)-chr7:55285002(-),3,30,0.5,pb
1,chr7:55285001(+)-chr7:55285002(-),2,30,0.5,pb
1,chr7:55286984(+)-chr7:55287017(-),1,30,0.5,pb
1,chr7:55286986(+)-chr7:55286995(-),1,30,0.5,pb
1,chr7:55287001(+)-chr7:55287002(-),3,30,0.5,pb
1,chr7:55286990(+)-chr7:55287013(-),1,30,0.5,pb
1,chr7:55286991(+)-chr7:55287010(-),1,30,0.5,pb
1,chr7:55286994(+)-chr7:55287003(-),1,30,0.5,pb
1,chr7:55286995(+)-chr7:55287004(-),1,30,0.5,pb
1,chr7:55287002(+)-chr7:55287003(-),4,30,0.5,pb
1,chr7:55287000(+)-chr7:55287002(-),2,30,0.5,pb
1,chr7:55287001(+)-chr7:55287002(-),10,30,0.5,pb
1,chr7:55280993(-)-chr7:55281008(+),1,30,0.75,pb
1,chr7:55280994(-)-chr7:55287001(+),1,30,0.75,pb
1,chr7:55281001(-)-chr7:55287001(+),2,30,0.75,pb
1,chr7:55281002(-)-chr7:55281003(+),9,30,0.75,pb
1,chr7:55281003(+)-chr7:55284000(-),1,30,0.75,pb
1,chr7:55281003(-)-chr7:55281013(+),2,30,0.75,pb
1,chr7:55281003(-)-chr7:55287013(+),1,30,0.75,pb
1,chr7:55281005(-)-chr7:55286998(+),1,30,0.75,pb
1,chr7:55281997(-)-chr7:55282007(+),12,30,0.75,pb
1,chr7:55281998(-)-chr7:55282007(+),6,30,0.75,pb
1,chr7:55281999(-)-chr7:55287002(+),1,30,0.75,pb
1,chr7:55282001(-)-chr7:55282002(+),2,30,0.75,pb
1,chr7:55282002(-)-chr7:55284509(+),1,30,0.75,pb
1,chr7:55282003(-)-chr7:55282006(+),7,30,0.75,pb
1,chr7:55282004(-)-chr7:55285002(+),1,30,0.75,pb
1,chr7:55282004(-)-chr7:55286995(+),1,30,0.75,pb
1,chr7:55282004(-)-chr7:55284994(+),1,30,0.75,pb
1,chr7:55282006(-)-chr7:55284999(+),1,30,0.75,pb
1,chr7:55282006(-)-chr7:55287001(+),1,30,0.75,pb
1,chr7:55282008(-)-chr7:55284999(+),1,30,0.75,pb
1,chr7:55282008(-)-chr7:55284997(+),1,30,0.75,pb
1,chr7:55282009(-)-chr7:55285000(+),1,30,0.75,pb
1,chr7:55282010(-)-chr7:55285002(+),2,30,0.75,pb
1,chr7:55283002(-)-chr7:55283003(+),1,30,0.75,pb
1,chr7:55283005(-)-chr7:55285005(+),1,30,0.75,pb
1,chr7:55283008(-)-chr7:55287004(+),1,30,0.75,pb
1,chr7:55284994(+)-chr7:55285001(-),1,30,0.75,pb
1,chr7:55284996(+)-chr7:55284998(-),1,30,0.75,pb
1,chr7:55284998(+)-chr7:55285002(-),2,30,0.75,pb
1,chr7:55284999(+)-chr7:55285002(-),4,30,0.75,pb
1,chr7:55285000(+)-chr7:55285002(-),3,30,0.75,pb
1,chr7:55285001(+)-chr7:55285002(-),3,30,0.75,pb
1,chr7:55286984(+)-chr7:55287017(-),1,30,0.75,pb
1,chr7:55286986(+)-chr7:55286995(-),1,30,0.75,pb
1,chr7:55287001(+)-chr7:55287002(-),3,30,0.75,pb
1,chr7:55286989(+)-chr7:55287009(-),1,30,0.75,pb
1,chr7:55286990(+)-chr7:55287013(-),2,30,0.75,pb
1,chr7:55286991(+)-chr7:55287010(-),1,30,0.75,pb
1,chr7:55286994(+)-chr7:55287000(-),2,30,0.75,pb
1,chr7:55286995(+)-chr7:55287004(-),1,30,0.75,pb
1,chr7:55286997(+)-chr7:55287002(-),1,30,0.75,pb
1,chr7:55287002(+)-chr7:55287003(-),6,30,0.75,pb
1,chr7:55287000(+)-chr7:55287002(-),5,30,0.75,pb
1,chr7:55287001(+)-chr7:55287002(-),14,30,0.75,pb
2,chr3:82271001(-)-chr3:82276996(+),1,30,0.1,pb
2,chr3:82271002(-)-chr3:82277001(+),1,30,0.1,pb
2,chr3:82272002(+)-chr3:82277001(-),2,30,0.1,pb
2,chr3:82272003(-)-chr3:82273002(+),1,30,0.1,pb
2,chr3:82272004(-)-chr3:82277002(+),1,30,0.1,pb
2,chr3:82273005(+)-chr3:82276992(-),1,30,0.1,pb
2,chr3:82275004(+)-chr3:82276004(-),1,30,0.1,pb
2,chr3:82276999(+)-chr3:82277001(-),1,30,0.1,pb
2,chr3:82271001(-)-chr3:82277001(+),1,30,0.2,pb
2,chr3:82271001(-)-chr3:82275001(+),1,30,0.2,pb
2,chr3:82271001(-)-chr3:82276996(+),1,30,0.2,pb
2,chr3:82271002(-)-chr3:82277001(+),1,30,0.2,pb
2,chr3:82271004(-)-chr3:82275002(+),1,30,0.2,pb
2,chr3:82272002(+)-chr3:82277001(-),2,30,0.2,pb
2,chr3:82272003(-)-chr3:82273002(+),2,30,0.2,pb
2,chr3:82272004(-)-chr3:82277002(+),1,30,0.2,pb
2,chr3:82273002(+)-chr3:82277007(-),1,30,0.2,pb
2,chr3:82273002(-)-chr3:82277001(+),1,30,0.2,pb
2,chr3:82273004(-)-chr3:82277001(+),1,30,0.2,pb
2,chr3:82273005(+)-chr3:82276992(-),1,30,0.2,pb
2,chr3:82275004(+)-chr3:82276004(-),1,30,0.2,pb
2,chr3:82276997(+)-chr3:82277001(-),1,30,0.2,pb
2,chr3:82277001(+)-chr3:82277002(-),1,30,0.2,pb
2,chr3:82271001(-)-chr3:82277001(+),1,30,0.25,pb
2,chr3:82271001(-)-chr3:82277001(+),1,30,0.25,pb
2,chr3:82271001(-)-chr3:82275001(+),1,30,0.25,pb
2,chr3:82271001(-)-chr3:82276996(+),1,30,0.25,pb
2,chr3:82271002(-)-chr3:82277001(+),1,30,0.25,pb
2,chr3:82271003(-)-chr3:82273002(+),1,30,0.25,pb
2,chr3:82271004(-)-chr3:82275002(+),1,30,0.25,pb
2,chr3:82271007(-)-chr3:82277001(+),1,30,0.25,pb
2,chr3:82271009(-)-chr3:82275003(+),1,30,0.25,pb
2,chr3:82272002(+)-chr3:82277001(-),2,30,0.25,pb
2,chr3:82272003(-)-chr3:82273003(+),3,30,0.25,pb
2,chr3:82272004(-)-chr3:82277002(+),1,30,0.25,pb
2,chr3:82272004(-)-chr3:82277001(+),1,30,0.25,pb
2,chr3:82273002(+)-chr3:82277007(-),1,30,0.25,pb
2,chr3:82273002(-)-chr3:82277001(+),1,30,0.25,pb
2,chr3:82273003(+)-chr3:82277004(-),1,30,0.25,pb
2,chr3:82273004(-)-chr3:82277001(+),1,30,0.25,pb
2,chr3:82273005(+)-chr3:82276992(-),1,30,0.25,pb
2,chr3:82275000(+)-chr3:82276003(-),2,30,0.25,pb
2,chr3:82275001(+)-chr3:82276002(-),1,30,0.25,pb
2,chr3:82275004(+)-chr3:82276004(-),1,30,0.25,pb
2,chr3:82276997(+)-chr3:82277001(-),1,30,0.25,pb
2,chr3:82277001(+)-chr3:82277002(-),4,30,0.25,pb
2,chr3:82271001(-)-chr3:82277001(+),1,30,0.5,pb
2,chr3:82271001(-)-chr3:82274002(+),2,30,0.5,pb
2,chr3:82271001(-)-chr3:82275001(+),1,30,0.5,pb
2,chr3:82271001(-)-chr3:82276996(+),1,30,0.5,pb
2,chr3:82271002(-)-chr3:82274002(+),1,30,0.5,pb
2,chr3:82271003(-)-chr3:82274002(+),1,30,0.5,pb
2,chr3:82271003(-)-chr3:82275001(+),1,30,0.5,pb
2,chr3:82271004(-)-chr3:82275002(+),2,30,0.5,pb
2,chr3:82271004(-)-chr3:82275001(+),1,30,0.5,pb
2,chr3:82271005(-)-chr3:82274999(+),1,30,0.5,pb
2,chr3:82271007(-)-chr3:82277001(+),1,30,0.5,pb
2,chr3:82271009(-)-chr3:82275003(+),1,30,0.5,pb
2,chr3:82272003(-)-chr3:82273003(+),5,30,0.5,pb
2,chr3:82272004(-)-chr3:82277002(+),1,30,0.5,pb
2,chr3:82272004(-)-chr3:82277001(+),1,30,0.5,pb
2,chr3:82272006(-)-chr3:82277002(+),1,30,0.5,pb
2,chr3:82272007(-)-chr3:82277002(+),1,30,0.5,pb
2,chr3:82272009(-)-chr3:82273003(+),1,30,0.5,pb
2,chr3:82273002(+)-chr3:82277007(-),1,30,0.5,pb
2,chr3:82273002(-)-chr3:82277001(+),1,30,0.5,pb
2,chr3:82273003(+)-chr3:82276999(-),1,30,0.5,pb
2,chr3:82273003(+)-chr3:82277004(-),1,30,0.5,pb
2,chr3:82273003(-)-chr3:82277002(+),2,30,0.5,pb
2,chr3:82273004(-)-chr3:82277001(+),1,30,0.5,pb
2,chr3:82273005(+)-chr3:82276992(-),1,30,0.5,pb
2,chr3:82274994(+)-chr3:82276008(-),1,30,0.5,pb
2,chr3:82275000(+)-chr3:82276003(-),3,30,0.5,pb
2,chr3:82275001(+)-chr3:82276002(-),2,30,0.5,pb
2,chr3:82275002(+)-chr3:82276003(-),1,30,0.5,pb
2,chr3:82275004(+)-chr3:82276004(-),1,30,0.5,pb
2,chr3:82276989(+)-chr3:82277001(-),1,30,0.5,pb
2,chr3:82276997(+)-chr3:82277001(-),1,30,0.5,pb
2,chr3:82276999(+)-chr3:82277002(-),4,30,0.5,pb
2,chr3:82277000(+)-chr3:82277002(-),1,30,0.5,pb
2,chr3:82277001(+)-chr3:82277002(-),5,30,0.5,pb
2,chr3:82277001(+)-chr3:82277002(-),2,30,0.5,pb
2,chr3:82271001(-)-chr3:82277001(+),1,30,0.75,pb
2,chr3:82271001(-)-chr3:82271003(+),5,30,0.75,pb
2,chr3:82271001(-)-chr3:82275001(+),1,30,0.75,pb
2,chr3:82271001(-)-chr3:82277001(+),2,30,0.75,pb
2,chr3:82271001(-)-chr3:82276996(+),1,30,0.75,pb
2,chr3:82271002(-)-chr3:82271005(+),2,30,0.75,pb
2,chr3:82271003(-)-chr3:82274002(+),1,30,0.75,pb
2,chr3:82271003(-)-chr3:82275001(+),1,30,0.75,pb
2,chr3:82271004(-)-chr3:82275002(+),3,30,0.75,pb
2,chr3:82271005(-)-chr3:82274999(+),1,30,0.75,pb
2,chr3:82271007(-)-chr3:82277001(+),1,30,0.75,pb
2,chr3:82271009(-)-chr3:82275003(+),1,30,0.75,pb
2,chr3:82272003(-)-chr3:82273003(+),7,30,0.75,pb
2,chr3:82272004(-)-chr3:82277002(+),1,30,0.75,pb
2,chr3:82272004(-)-chr3:82277001(+),1,30,0.75,pb
2,chr3:82272006(-)-chr3:82277002(+),1,30,0.75,pb
2,chr3:82272007(-)-chr3:82275002(+),1,30,0.75,pb
2,chr3:82272009(-)-chr3:82273003(+),1,30,0.75,pb
2,chr3:82273001(+)-chr3:82276999(-),1,30,0.75,pb
2,chr3:82273002(+)-chr3:82277007(-),1,30,0.75,pb
2,chr3:82273002(-)-chr3:82277001(+),1,30,0.75,pb
2,chr3:82273003(+)-chr3:82277003(-),1,30,0.75,pb
2,chr3:82273003(+)-chr3:82276999(-),1,30,0.75,pb
2,chr3:82273003(+)-chr3:82277004(-),1,30,0.75,pb
2,chr3:82273003(-)-chr3:82277002(+),2,30,0.75,pb
2,chr3:82273004(-)-chr3:82277001(+),1,30,0.75,pb
2,chr3:82273005(+)-chr3:82276992(-),1,30,0.75,pb
2,chr3:82273007(+)-chr3:82277008(-),1,30,0.75,pb
2,chr3:82274990(+)-chr3:82276003(-),1,30,0.75,pb
2,chr3:82274994(+)-chr3:82276008(-),1,30,0.75,pb
2,chr3:82275000(+)-chr3:82276003(-),4,30,0.75,pb
2,chr3:82275001(+)-chr3:82276002(-),2,30,0.75,pb
2,chr3:82275002(+)-chr3:82276003(-),1,30,0.75,pb
2,chr3:82275004(+)-chr3:82276004(-),1,30,0.75,pb
2,chr3:82275562(+)-chr3:82275634(-),1,30,0.75,pb
2,chr3:82275633(-)-chr3:82275634(+),1,30,0.75,pb
2,chr3:82276977(+)-chr3:82276978(-),1,30,0.75,pb
2,chr3:82276989(+)-chr3:82277001(-),1,30,0.75,pb
2,chr3:82276997(+)-chr3:82277001(-),1,30,0.75,pb
2,chr3:82276999(+)-chr3:82277002(-),4,30,0.75,pb
2,chr3:82277000(+)-chr3:82277002(-),2,30,0.75,pb
2,chr3:82277001(+)-chr3:82277002(-),6,30,0.75,pb
2,chr3:82277001(+)-chr3:82277002(-),3,30,0.75,pb
3,chr2:33090995(-)-chr2:33091009(+),1,30,0.1,pb
3,chr2:33090996(-)-chr2:33091010(+),1,30,0.1,pb
3,chr2:33094001(+)-chr2:33094002(-),2,30,0.1,pb
3,chr6:37146986(+)-chr6:37147015(-),1,30,0.1,pb
3,chr6:37146998(+)-chr6:37147002(-),1,30,0.1,pb
3,chr13:74087001(-)-chr6:37145006(+),1,30,0.1,pb
3,chr13:74087003(-)-chr6:37145002(+),1,30,0.1,pb
3,chr13:74087013(-)-chr6:37144996(+),1,30,0.1,pb
3,chr13:74087014(-)-chr6:37145023(+),1,30,0.1,pb
3,chr13:74088990(+)-chr2:33094000(-),1,30,0.1,pb
3,chr13:74089002(+)-chr2:33094002(-),1,30,0.1,pb
3,chr13:74089003(+)-chr2:33094000(-),2,30,0.1,pb
3,chr13:74089003(+)-chr2:33094001(-),1,30,0.1,pb
3,chr2:33092999(+)-chr6:37144002(+),1,30,0.1,pb
3,chr2:33092999(+)-chr6:37144003(+),1,30,0.1,pb
3,chr2:33093002(+)-chr6:37144003(+),1,30,0.1,pb
3,chr2:33093002(+)-chr6:37144002(+),1,30,0.1,pb
3,chr2:33090995(-)-chr2:33091009(+),1,30,0.2,pb
3,chr2:33090996(-)-chr2:33091010(+),1,30,0.2,pb
3,chr2:33091011(-)-chr2:33091017(+),1,30,0.2,pb
3,chr2:33093999(+)-chr2:33094002(-),1,30,0.2,pb
3,chr2:33094001(+)-chr2:33094002(-),3,30,0.2,pb
3,chr6:37146986(+)-chr6:37147015(-),1,30,0.2,pb
3,chr6:37146998(+)-chr6:37147002(-),1,30,0.2,pb
3,chr13:74087001(-)-chr6:37145006(+),1,30,0.2,pb
3,chr13:74087003(-)-chr6:37145002(+),2,30,0.2,pb
3,chr13:74087013(-)-chr6:37144996(+),1,30,0.2,pb
3,chr13:74087014(-)-chr6:37145023(+),1,30,0.2,pb
3,chr13:74088990(+)-chr2:33094000(-),1,30,0.2,pb
3,chr13:74089002(+)-chr2:33094002(-),1,30,0.2,pb
3,chr13:74089003(+)-chr2:33094002(-),1,30,0.2,pb
3,chr13:74089003(+)-chr2:33094000(-),2,30,0.2,pb
3,chr13:74089003(+)-chr2:33094001(-),1,30,0.2,pb
3,chr2:33092999(+)-chr6:37144002(+),1,30,0.2,pb
3,chr2:33092999(+)-chr6:37144003(+),1,30,0.2,pb
3,chr2:33093002(+)-chr6:37144003(+),2,30,0.2,pb
3,chr2:33093002(+)-chr6:37144002(+),1,30,0.2,pb
3,chr2:33090995(-)-chr2:33091009(+),1,30,0.25,pb
3,chr2:33090996(-)-chr2:33091010(+),1,30,0.25,pb
3,chr2:33091011(-)-chr2:33091017(+),1,30,0.25,pb
3,chr2:33093999(+)-chr2:33094002(-),1,30,0.25,pb
3,chr2:33094001(+)-chr2:33094002(-),3,30,0.25,pb
3,chr2:33090996(-)-chr2:33091009(+),1,30,0.25,pb
3,chr2:33094001(+)-chr2:33094002(-),1,30,0.25,pb
3,chr6:37146986(+)-chr6:37147015(-),1,30,0.25,pb
3,chr6:37146998(+)-chr6:37147002(-),2,30,0.25,pb
3,chr6:37147001(+)-chr6:37147002(-),1,30,0.25,pb
3,chr13:74086999(-)-chr6:37145006(+),1,30,0.25,pb
3,chr13:74087001(-)-chr6:37145006(+),1,30,0.25,pb
3,chr13:74087003(-)-chr6:37145002(+),3,30,0.25,pb
3,chr13:74087013(-)-chr6:37144996(+),1,30,0.25,pb
3,chr13:74087014(-)-chr6:37145023(+),1,30,0.25,pb
3,chr13:74087021(-)-chr6:37145006(+),1,30,0.25,pb
3,chr13:74088990(+)-chr2:33094000(-),1,30,0.25,pb
3,chr13:74089002(+)-chr2:33094001(-),1,30,0.25,pb
3,chr13:74089002(+)-chr2:33094002(-),1,30,0.25,pb
3,chr13:74089003(+)-chr2:33094002(-),1,30,0.25,pb
3,chr13:74089003(+)-chr2:33094000(-),2,30,0.25,pb
3,chr13:74089003(+)-chr2:33093994(-),1,30,0.25,pb
3,chr13:74089003(+)-chr2:33094001(-),1,30,0.25,pb
3,chr13:74089003(+)-chr2:33094002(-),1,30,0.25,pb
3,chr2:33092999(+)-chr6:37144002(+),1,30,0.25,pb
3,chr2:33092999(+)-chr6:37144003(+),1,30,0.25,pb
3,chr2:33093002(+)-chr6:37144003(+),2,30,0.25,pb
3,chr2:33093002(+)-chr6:37144002(+),3,30,0.25,pb
3,chr2:33090995(-)-chr2:33091009(+),2,30,0.5,pb
3,chr2:33090996(-)-chr2:33091009(+),2,30,0.5,pb
3,chr2:33090997(-)-chr2:33091005(+),1,30,0.5,pb
3,chr2:33091002(-)-chr2:33091006(+),4,30,0.5,pb
3,chr2:33091011(-)-chr2:33091017(+),1,30,0.5,pb
3,chr2:33093999(+)-chr2:33094002(-),3,30,0.5,pb
3,chr2:33094001(+)-chr2:33094002(-),7,30,0.5,pb
3,chr6:37147000(+)-chr6:37147002(-),5,30,0.5,pb
3,chr2:33090996(-)-chr2:33091009(+),2,30,0.5,pb
3,chr2:33094001(+)-chr2:33094002(-),1,30,0.5,pb
3,chr6:37146986(+)-chr6:37147016(-),2,30,0.5,pb
3,chr6:37146992(+)-chr6:37147002(-),1,30,0.5,pb
3,chr6:37146999(+)-chr6:37147001(-),2,30,0.5,pb
3,chr6:37146998(+)-chr6:37147002(-),2,30,0.5,pb
3,chr13:74086999(-)-chr6:37145006(+),1,30,0.5,pb
3,chr13:74087000(-)-chr6:37145005(+),1,30,0.5,pb
3,chr13:74087001(-)-chr6:37145006(+),1,30,0.5,pb
3,chr13:74087003(-)-chr6:37145002(+),3,30,0.5,pb
3,chr13:74087003(-)-chr6:37145003(+),1,30,0.5,pb
3,chr13:74087003(-)-chr6:37145285(+),1,30,0.5,pb
3,chr13:74087003(-)-chr6:37145002(+),3,30,0.5,pb
3,chr13:74087007(-)-chr6:37145003(+),1,30,0.5,pb
3,chr13:74087010(-)-chr6:37145003(+),1,30,0.5,pb
3,chr13:74087013(-)-chr6:37144996(+),1,30,0.5,pb
3,chr13:74087014(-)-chr6:37145023(+),1,30,0.5,pb
3,chr13:74087015(-)-chr6:37144997(+),1,30,0.5,pb
3,chr13:74087021(-)-chr6:37145006(+),1,30,0.5,pb
3,chr13:74087034(-)-chr6:37145017(+),1,30,0.5,pb
3,chr13:74088990(+)-chr2:33094000(-),1,30,0.5,pb
3,chr13:74089000(+)-chr2:33094001(-),1,30,0.5,pb
3,chr13:74089002(+)-chr2:33094001(-),2,30,0.5,pb
3,chr13:74089002(+)-chr2:33094002(-),2,30,0.5,pb
3,chr13:74089003(+)-chr2:33094002(-),1,30,0.5,pb
3,chr13:74089003(+)-chr2:33094000(-),2,30,0.5,pb
3,chr13:74089003(+)-chr2:33093999(-),2,30,0.5,pb
3,chr13:74089003(+)-chr2:33094001(-),2,30,0.5,pb
3,chr13:74089003(+)-chr2:33093996(-),1,30,0.5,pb
3,chr13:74089003(+)-chr2:33093975(-),1,30,0.5,pb
3,chr13:74089003(+)-chr2:33094002(-),1,30,0.5,pb
3,chr13:74089003(+)-chr2:33093994(-),1,30,0.5,pb
3,chr13:74089003(+)-chr2:33094001(-),2,30,0.5,pb
3,chr13:74089003(+)-chr2:33094002(-),1,30,0.5,pb
3,chr2:33092991(+)-chr6:37144008(+),1,30,0.5,pb
3,chr2:33092998(+)-chr6:37144003(+),1,30,0.5,pb
3,chr2:33092999(+)-chr6:37144002(+),1,30,0.5,pb
3,chr2:33092999(+)-chr6:37144003(+),1,30,0.5,pb
3,chr2:33093001(+)-chr6:37144003(+),1,30,0.5,pb
3,chr2:33093002(+)-chr6:37144003(+),3,30,0.5,pb
3,chr2:33093002(+)-chr6:37144001(+),3,30,0.5,pb
3,chr2:33093002(+)-chr6:37144002(+),4,30,0.5,pb
3,chr2:33090995(-)-chr2:33091009(+),3,30,0.75,pb
3,chr2:33090996(-)-chr2:33091009(+),5,30,0.75,pb
3,chr2:33090997(-)-chr2:33091005(+),1,30,0.75,pb
3,chr2:33091002(-)-chr2:33091007(+),6,30,0.75,pb
3,chr2:33091002(-)-chr2:33094001(+),1,30,0.75,pb
3,chr2:33091011(-)-chr2:33091017(+),1,30,0.75,pb
3,chr2:33093996(+)-chr2:33094002(-),1,30,0.75,pb
3,chr2:33094000(+)-chr2:33094002(-),4,30,0.75,pb
3,chr2:33094000(+)-chr2:33094001(-),2,30,0.75,pb
3,chr2:33094001(+)-chr2:33094002(-),9,30,0.75,pb
3,chr6:37146994(+)-chr6:37147002(-),1,30,0.75,pb
3,chr6:37147001(+)-chr6:37147002(-),1,30,0.75,pb
3,chr2:33090996(-)-chr2:33091009(+),2,30,0.75,pb
3,chr2:33094001(+)-chr2:33094002(-),1,30,0.75,pb
3,chr6:37146986(+)-chr6:37147016(-),2,30,0.75,pb
3,chr6:37146992(+)-chr6:37147002(-),1,30,0.75,pb
3,chr6:37147001(+)-chr6:37147002(-),3,30,0.75,pb
3,chr6:37146998(+)-chr6:37147002(-),2,30,0.75,pb
3,chr13:74086999(-)-chr6:37145006(+),1,30,0.75,pb
3,chr13:74087000(-)-chr6:37145005(+),1,30,0.75,pb
3,chr13:74087001(-)-chr6:37145004(+),1,30,0.75,pb
3,chr13:74087001(-)-chr6:37145006(+),1,30,0.75,pb
3,chr13:74087002(-)-chr6:37145016(+),1,30,0.75,pb
3,chr13:74087003(-)-chr6:37145002(+),3,30,0.75,pb
3,chr13:74087003(-)-chr6:37145003(+),1,30,0.75,pb
3,chr13:74087003(-)-chr6:37145285(+),1,30,0.75,pb
3,chr13:74087003(-)-chr6:37145002(+),4,30,0.75,pb
3,chr13:74087004(-)-chr6:37145003(+),1,30,0.75,pb
3,chr13:74087004(-)-chr6:37145013(+),1,30,0.75,pb
3,chr13:74087007(-)-chr6:37145003(+),1,30,0.75,pb
3,chr13:74087010(-)-chr6:37145003(+),1,30,0.75,pb
3,chr13:74087011(-)-chr6:37145002(+),1,30,0.75,pb
3,chr13:74087013(-)-chr6:37144996(+),1,30,0.75,pb
3,chr13:74087014(-)-chr6:37144997(+),1,30,0.75,pb
3,chr13:74087014(-)-chr6:37145023(+),1,30,0.75,pb
3,chr13:74087015(-)-chr6:37145002(+),1,30,0.75,pb
3,chr13:74087015(-)-chr6:37144997(+),1,30,0.75,pb
3,chr13:74087015(-)-chr6:37144996(+),1,30,0.75,pb
3,chr13:74087021(-)-chr6:37145006(+),1,30,0.75,pb
3,chr13:74087034(-)-chr6:37145017(+),1,30,0.75,pb
3,chr13:74088990(+)-chr2:33094000(-),1,30,0.75,pb
3,chr13:74088999(+)-chr2:33094003(-),1,30,0.75,pb
3,chr13:74089000(+)-chr2:33094001(-),1,30,0.75,pb
3,chr13:74089001(+)-chr2:33094004(-),1,30,0.75,pb
3,chr13:74089002(+)-chr2:33094001(-),2,30,0.75,pb
3,chr13:74089002(+)-chr2:33094002(-),1,30,0.75,pb
3,chr13:74089002(+)-chr2:33094004(-),1,30,0.75,pb
3,chr13:74089002(+)-chr2:33094001(-),1,30,0.75,pb
3,chr13:74089002(+)-chr2:33094002(-),1,30,0.75,pb
3,chr13:74089003(+)-chr2:33094002(-),2,30,0.75,pb
3,chr13:74089003(+)-chr2:33094000(-),2,30,0.75,pb
3,chr13:74089003(+)-chr2:33093928(-),1,30,0.75,pb
3,chr13:74089003(+)-chr2:33093999(-),2,30,0.75,pb
3,chr13:74089003(+)-chr2:33094001(-),4,30,0.75,pb
3,chr13:74089003(+)-chr2:33093996(-),1,30,0.75,pb
3,chr13:74089003(+)-chr2:33093975(-),1,30,0.75,pb
3,chr13:74089003(+)-chr2:33094002(-),3,30,0.75,pb
3,chr13:74089003(+)-chr2:33093994(-),1,30,0.75,pb
3,chr13:74089003(+)-chr2:33094001(-),2,30,0.75,pb
3,chr2:33092991(+)-chr6:37144008(+),1,30,0.75,pb
3,chr2:33092992(+)-chr6:37144003(+),1,30,0.75,pb
3,chr2:33092998(+)-chr6:37144003(+),1,30,0.75,pb
3,chr2:33092999(+)-chr6:37144002(+),1,30,0.75,pb
3,chr2:33092999(+)-chr6:37144003(+),2,30,0.75,pb
3,chr2:33093001(+)-chr6:37144003(+),3,30,0.75,pb
3,chr2:33093002(+)-chr6:37144003(+),3,30,0.75,pb
3,chr2:33093002(+)-chr6:37144001(+),3,30,0.75,pb
3,chr2:33093002(+)-chr6:37144002(+),5,30,0.75,pb
4,chr2:33092002(-)-chr2:33092003(+),2,30,0.1,pb
4,chr2:33094993(+)-chr2:33095002(-),1,30,0.1,pb
4,chr2:33094999(+)-chr2:33095002(-),1,30,0.1,pb
4,chr6:45655999(-)-chr6:45656009(+),1,30,0.1,pb
4,chr6:45657996(+)-chr6:45658001(-),1,30,0.1,pb
4,chr6:45658002(+)-chr6:45658003(-),1,30,0.1,pb
4,chr6:45655999(-)-chr6:45656004(+),1,30,0.1,pb
4,chr6:45658001(+)-chr6:45658002(-),1,30,0.1,pb
4,chr2:33093987(+)-chr6:45656000(+),1,30,0.1,pb
4,chr2:33093999(+)-chr6:45656005(+),1,30,0.1,pb
4,chr2:33094000(+)-chr6:45656001(+),1,30,0.1,pb
4,chr2:33094001(+)-chr6:45656001(+),1,30,0.1,pb
4,chr2:33094002(+)-chr6:45656002(+),1,30,0.1,pb
4,chr2:33092002(-)-chr2:33092003(+),3,30,0.2,pb
4,chr2:33094993(+)-chr2:33095002(-),1,30,0.2,pb
4,chr2:33094999(+)-chr2:33095002(-),2,30,0.2,pb
4,chr6:45655999(-)-chr6:45656007(+),2,30,0.2,pb
4,chr6:45657996(+)-chr6:45658001(-),1,30,0.2,pb
4,chr6:45655999(-)-chr6:45656004(+),1,30,0.2,pb
4,chr6:45658001(+)-chr6:45658002(-),1,30,0.2,pb
4,chr2:33093987(+)-chr6:45656000(+),1,30,0.2,pb
4,chr2:33093998(+)-chr6:45656000(+),1,30,0.2,pb
4,chr2:33093999(+)-chr6:45656005(+),1,30,0.2,pb
4,chr2:33094000(+)-chr6:45656001(+),1,30,0.2,pb
4,chr2:33094001(+)-chr6:45656001(+),1,30,0.2,pb
4,chr2:33094001(+)-chr6:45656004(+),1,30,0.2,pb
4,chr2:33094002(+)-chr6:45656003(+),1,30,0.2,pb
4,chr2:33094002(+)-chr6:45656002(+),1,30,0.2,pb
4,chr2:33092000(-)-chr2:33092007(+),1,30,0.25,pb
4,chr2:33092002(-)-chr2:33092003(+),2,30,0.25,pb
4,chr2:33094993(+)-chr2:33095002(-),1,30,0.25,pb
4,chr2:33094999(+)-chr2:33095002(-),2,30,0.25,pb
4,chr2:33095001(+)-chr2:33095002(-),2,30,0.25,pb
4,chr6:45655999(-)-chr6:45656006(+),3,30,0.25,pb
4,chr6:45657996(+)-chr6:45658001(-),1,30,0.25,pb
4,chr2:33092003(-)-chr2:33092008(+),1,30,0.25,pb
4,chr2:33094999(+)-chr2:33095002(-),1,30,0.25,pb
4,chr6:45655999(-)-chr6:45656005(+),2,30,0.25,pb
4,chr6:45656002(-)-chr6:45658001(+),1,30,0.25,pb
4,chr6:45658000(+)-chr6:45658001(-),2,30,0.25,pb
4,chr2:33093987(+)-chr6:45656000(+),1,30,0.25,pb
4,chr2:33093997(+)-chr6:45656019(+),1,30,0.25,pb
4,chr2:33093998(+)-chr6:45656000(+),1,30,0.25,pb
4,chr2:33093999(+)-chr6:45656005(+),1,30,0.25,pb
4,chr2:33094000(+)-chr6:45656001(+),1,30,0.25,pb
4,chr2:33094001(+)-chr6:45656006(+),1,30,0.25,pb
4,chr2:33094001(+)-chr6:45656001(+),2,30,0.25,pb
4,chr2:33094001(+)-chr6:45656004(+),1,30,0.25,pb
4,chr2:33094002(+)-chr6:45656003(+),1,30,0.25,pb
4,chr2:33094002(+)-chr6:45656002(+),1,30,0.25,pb
4,chr2:33092000(-)-chr2:33092007(+),1,30,0.5,pb
4,chr2:33092002(-)-chr2:33092003(+),6,30,0.5,pb
4,chr2:33094993(+)-chr2:33095002(-),1,30,0.5,pb
4,chr2:33094999(+)-chr2:33095001(-),6,30,0.5,pb
4,chr2:33095001(+)-chr2:33095002(-),6,30,0.5,pb
4,chr6:45655999(-)-chr6:45656007(+),6,30,0.5,pb
4,chr6:45657996(+)-chr6:45658002(-),2,30,0.5,pb
4,chr2:33092003(-)-chr2:33092005(+),3,30,0.5,pb
4,chr2:33094999(+)-chr2:33095002(-),3,30,0.5,pb
4,chr6:45655998(-)-chr6:45657005(+),1,30,0.5,pb
4,chr6:45655999(-)-chr6:45656006(+),3,30,0.5,pb
4,chr6:45656002(-)-chr6:45658001(+),1,30,0.5,pb
4,chr6:45656003(-)-chr6:45657998(+),1,30,0.5,pb
4,chr6:45656034(-)-chr6:45658000(+),1,30,0.5,pb
4,chr6:45657994(+)-chr6:45658001(-),1,30,0.5,pb
4,chr6:45657996(+)-chr6:45657997(-),1,30,0.5,pb
4,chr6:45657998(+)-chr6:45658002(-),1,30,0.5,pb
4,chr6:45658000(+)-chr6:45658001(-),4,30,0.5,pb
4,chr2:33093987(+)-chr6:45656000(+),1,30,0.5,pb
4,chr2:33093997(+)-chr6:45656019(+),1,30,0.5,pb
4,chr2:33093998(+)-chr6:45656000(+),1,30,0.5,pb
4,chr2:33093999(+)-chr6:45656001(+),1,30,0.5,pb
4,chr2:33093999(+)-chr6:45656005(+),1,30,0.5,pb
4,chr2:33094000(+)-chr6:45656001(+),3,30,0.5,pb
4,chr2:33094001(+)-chr6:45656006(+),1,30,0.5,pb
4,chr2:33094001(+)-chr6:45656003(+),1,30,0.5,pb
4,chr2:33094001(+)-chr6:45656001(+),1,30,0.5,pb
4,chr2:33094001(+)-chr6:45656004(+),1,30,0.5,pb
4,chr2:33094001(+)-chr6:45656002(+),1,30,0.5,pb
4,chr2:33094001(+)-chr6:45656001(+),2,30,0.5,pb
4,chr2:33094002(+)-chr6:45656002(+),2,30,0.5,pb
4,chr2:33094002(+)-chr6:45656003(+),3,30,0.5,pb
4,chr2:33094002(+)-chr6:45656008(+),1,30,0.5,pb
4,chr2:33094002(+)-chr6:45656004(+),2,30,0.5,pb
4,chr2:33094002(+)-chr6:45656002(+),1,30,0.5,pb
4,chr2:33092000(-)-chr2:33092005(+),2,30,0.75,pb
4,chr2:33092002(-)-chr2:33092003(+),9,30,0.75,pb
4,chr2:33092006(-)-chr2:33092025(+),1,30,0.75,pb
4,chr2:33094978(+)-chr2:33094997(-),1,30,0.75,pb
4,chr2:33094993(+)-chr2:33095002(-),1,30,0.75,pb
4,chr2:33094995(+)-chr2:33095002(-),1,30,0.75,pb
4,chr2:33094999(+)-chr2:33095002(-),7,30,0.75,pb
4,chr2:33095001(+)-chr2:33095002(-),7,30,0.75,pb
4,chr6:45655999(-)-chr6:45656007(+),9,30,0.75,pb
4,chr6:45657996(+)-chr6:45658002(-),2,30,0.75,pb
4,chr6:45657999(+)-chr6:45658002(-),2,30,0.75,pb
4,chr6:45658000(+)-chr6:45658002(-),1,30,0.75,pb
4,chr2:33092003(-)-chr2:33092005(+),3,30,0.75,pb
4,chr2:33094999(+)-chr2:33095002(-),3,30,0.75,pb
4,chr6:45655998(-)-chr6:45656009(+),2,30,0.75,pb
4,chr6:45655999(-)-chr6:45656006(+),3,30,0.75,pb
4,chr6:45656002(-)-chr6:45658001(+),1,30,0.75,pb
4,chr6:45656003(-)-chr6:45657998(+),1,30,0.75,pb
4,chr6:45656034(-)-chr6:45658000(+),1,30,0.75,pb
4,chr6:45657994(+)-chr6:45658001(-),1,30,0.75,pb
4,chr6:45657996(+)-chr6:45657997(-),1,30,0.75,pb
4,chr6:45657998(+)-chr6:45658002(-),1,30,0.75,pb
4,chr6:45658000(+)-chr6:45658002(-),5,30,0.75,pb
4,chr2:33093987(+)-chr6:45656000(+),1,30,0.75,pb
4,chr2:33093997(+)-chr6:45656019(+),1,30,0.75,pb
4,chr2:33093998(+)-chr6:45656006(+),1,30,0.75,pb
4,chr2:33093998(+)-chr6:45656000(+),1,30,0.75,pb
4,chr2:33093999(+)-chr6:45656001(+),1,30,0.75,pb
4,chr2:33093999(+)-chr6:45656005(+),1,30,0.75,pb
4,chr2:33094000(+)-chr6:45656001(+),4,30,0.75,pb
4,chr2:33094000(+)-chr6:45656012(+),1,30,0.75,pb
4,chr2:33094000(+)-chr6:45656000(+),1,30,0.75,pb
4,chr2:33094001(+)-chr6:45656006(+),1,30,0.75,pb
4,chr2:33094001(+)-chr6:45656003(+),1,30,0.75,pb
4,chr2:33094001(+)-chr6:45656001(+),3,30,0.75,pb
4,chr2:33094001(+)-chr6:45656004(+),1,30,0.75,pb
4,chr2:33094001(+)-chr6:45656002(+),1,30,0.75,pb
4,chr2:33094002(+)-chr6:45656002(+),3,30,0.75,pb
4,chr2:33094002(+)-chr6:45656003(+),4,30,0.75,pb
4,chr2:33094002(+)-chr6:45656008(+),1,30,0.75,pb
4,chr2:33094002(+)-chr6:45656004(+),2,30,0.75,pb
4,chr2:33094002(+)-chr6:45656002(+),1,30,0.75,pb
4,chr2:33094003(+)-chr6:45656007(+),1,30,0.75,pb
1,chr7:55282002(-)-chr7:55282002(+),6,30,0.1,pe
1,chr7:55283002(-)-chr7:55283002(+),2,30,0.1,pe
1,chr7:55285000(+)-chr7:55285000(-),4,30,0.1,pe
1,chr7:55287000(+)-chr7:55287000(-),6,30,0.1,pe
1,chr3:133794493(-)-chr7:55283002(+),2,30,0.2,pe
1,chr7:55281002(-)-chr7:55281002(+),4,30,0.2,pe
1,chr7:55282002(-)-chr7:55282002(+),13,30,0.2,pe
1,chr7:55283002(-)-chr7:55283002(+),2,30,0.2,pe
1,chr7:55285000(+)-chr7:55285000(-),6,30,0.2,pe
1,chr7:55287000(+)-chr7:55287000(-),18,30,0.2,pe
1,chr7:55281002(-)-chr7:55281002(+),4,30,0.25,pe
1,chr7:55282002(-)-chr7:55282002(+),18,30,0.25,pe
1,chr7:55285000(+)-chr7:55285000(-),5,30,0.25,pe
1,chr7:55287000(+)-chr7:55287000(-),26,30,0.25,pe
1,chr7:55281002(-)-chr7:55281002(+),17,30,0.5,pe
1,chr7:55282002(-)-chr7:55282002(+),26,30,0.5,pe
1,chr7:55285000(+)-chr7:55285000(-),12,30,0.5,pe
1,chr7:55287000(+)-chr7:55287000(-),44,30,0.5,pe
1,chr7:55281002(-)-chr7:55281002(+),27,30,0.75,pe
1,chr7:55282002(-)-chr7:55282002(+),29,30,0.75,pe
1,chr7:55283002(-)-chr7:55283002(+),5,30,0.75,pe
1,chr7:55285000(+)-chr7:55285000(-),11,30,0.75,pe
1,chr7:55287000(+)-chr7:55287000(-),64,30,0.75,pe
2,chr3:82277000(+)-chr3:82277000(-),12,30,0.1,pe
2,chr3:82271001(-)-chr3:82271001(+),8,30,0.2,pe
2,chr3:82272002(-)-chr3:82273002(+),9,30,0.2,pe
2,chr3:82275000(+)-chr3:82276002(-),8,30,0.2,pe
2,chr3:82277000(+)-chr3:82277000(-),25,30,0.2,pe
2,chr3:82271001(-)-chr3:82271001(+),9,30,0.25,pe
2,chr3:82272002(-)-chr3:82273002(+),9,30,0.25,pe
2,chr3:82275000(+)-chr3:82276002(-),8,30,0.25,pe
2,chr3:82277000(+)-chr3:82277000(-),27,30,0.25,pe
2,chr3:82271001(-)-chr3:82271001(+),23,30,0.5,pe
2,chr3:82272002(-)-chr3:82273002(+),5,30,0.5,pe
2,chr3:82275000(+)-chr3:82276002(-),11,30,0.5,pe
2,chr3:82277000(+)-chr3:82277000(-),44,30,0.5,pe
2,chr3:82271001(-)-chr3:82271001(+),34,30,0.75,pe
2,chr3:82272002(-)-chr3:82273002(+),7,30,0.75,pe
2,chr3:82275000(+)-chr3:82276002(-),15,30,0.75,pe
2,chr3:82277000(+)-chr3:82277000(-),64,30,0.75,pe
3,chr13:74087002(-)-chr6:37145001(+),3,30,0.1,pe
3,chr13:74089001(+)-chr2:33094000(-),6,30,0.1,pe
3,chr2:33091002(-)-chr2:33091002(+),4,30,0.1,pe
3,chr2:33093000(+)-chr6:37144002(+),4,30,0.1,pe
3,chr2:33094000(+)-chr2:33094000(-),6,30,0.1,pe
3,chr6:37147000(+)-chr6:37147000(-),5,30,0.1,pe
3,chr13:74087002(-)-chr6:37145001(+),3,30,0.2,pe
3,chr13:74089001(+)-chr2:33094000(-),11,30,0.2,pe
3,chr2:33091002(-)-chr2:33091002(+),7,30,0.2,pe
3,chr2:33093000(+)-chr6:37144002(+),6,30,0.2,pe
3,chr2:33094000(+)-chr2:33094000(-),15,30,0.2,pe
3,chr6:37147000(+)-chr6:37147000(-),10,30,0.2,pe
3,chr13:74087002(-)-chr6:37145001(+),5,30,0.25,pe
3,chr13:74089001(+)-chr2:33094000(-),13,30,0.25,pe
3,chr2:33091002(-)-chr2:33091002(+),7,30,0.25,pe
3,chr2:33093000(+)-chr6:37144002(+),8,30,0.25,pe
3,chr2:33094000(+)-chr2:33094000(-),16,30,0.25,pe
3,chr6:37147000(+)-chr6:37147000(-),10,30,0.25,pe
3,chr13:74087002(-)-chr6:37145001(+),10,30,0.5,pe
3,chr13:74089001(+)-chr2:33094000(-),19,30,0.5,pe
3,chr2:33091002(-)-chr2:33091002(+),12,30,0.5,pe
3,chr2:33093000(+)-chr6:37144002(+),14,30,0.5,pe
3,chr2:33094000(+)-chr2:33094000(-),27,30,0.5,pe
3,chr6:37147000(+)-chr6:37147000(-),18,30,0.5,pe
3,chr13:74087002(-)-chr6:37145001(+),12,30,0.75,pe
3,chr13:74089001(+)-chr2:33094000(-),25,30,0.75,pe
3,chr2:33091002(-)-chr2:33091002(+),11,30,0.75,pe
3,chr2:33093000(+)-chr6:37144002(+),17,30,0.75,pe
3,chr2:33094000(+)-chr2:33094000(-),37,30,0.75,pe
3,chr6:37147000(+)-chr6:37147000(-),34,30,0.75,pe
4,chr2:33094000(+)-chr6:45656000(+),4,30,0.1,pe
4,chr2:33095000(+)-chr2:33095000(-),2,30,0.1,pe
4,chr6:45656002(-)-chr6:45656002(+),6,30,0.1,pe
4,chr6:45658000(+)-chr6:45658000(-),8,30,0.1,pe
4,chr2:33092002(-)-chr2:33092002(+),6,30,0.2,pe
4,chr2:33094000(+)-chr6:45656000(+),8,30,0.2,pe
4,chr2:33095000(+)-chr2:33095000(-),4,30,0.2,pe
4,chr6:45656002(-)-chr6:45656002(+),11,30,0.2,pe
4,chr6:45658000(+)-chr6:45658000(-),14,30,0.2,pe
4,chr2:33092002(-)-chr2:33092002(+),6,30,0.25,pe
4,chr2:33094000(+)-chr6:45656000(+),9,30,0.25,pe
4,chr2:33095000(+)-chr2:33095000(-),5,30,0.25,pe
4,chr6:45656002(-)-chr6:45656002(+),12,30,0.25,pe
4,chr6:45658000(+)-chr6:45658000(-),18,30,0.25,pe
4,chr2:33092002(-)-chr2:33092002(+),23,30,0.5,pe
4,chr2:33094000(+)-chr6:45656000(+),13,30,0.5,pe
4,chr2:33095000(+)-chr2:33095000(-),17,30,0.5,pe
4,chr6:45656002(-)-chr6:45656002(+),16,30,0.5,pe
4,chr6:45658000(+)-chr6:45658000(-),29,30,0.5,pe
4,chr2:33092002(-)-chr2:33092002(+),21,30,0.75,pe
4,chr2:33094000(+)-chr6:45656000(+),13,30,0.75,pe
4,chr2:33095000(+)-chr2:33095000(-),24,30,0.75,pe
4,chr6:45656002(-)-chr6:45656002(+),17,30,0.75,pe
4,chr6:45658000(+)-chr6:45658000(-),46,30,0.75,pe
