case_id,ground_truth_sv_id,ground_truth_sv,copy_number
1,1,chr7:55282001(-)-chr7:55282001(+),2
1,2,chr7:55283001(-)-chr7:55283001(+),1
1,3,chr7:55285000(+)-chr7:55285000(-),2
1,4,chr7:55287000(+)-chr7:55287000(-),2
2,1,chr3:82271001(-)-chr3:82271001(+),1
2,2,chr3:82272001(-)-chr3:82273001(+),1
2,3,chr3:82275000(+)-chr3:82276000(-),1
2,4,chr3:82277000(+)-chr3:82277000(-),2
3,1,chr2:33091001(-)-chr2:33091001(+),1
3,2,chr2:33094000(+)-chr2:33094000(-),2
3,3,chr2:33093000(+)-chr6:37144001(+),1
3,4,chr6:37147000(+)-chr6:37147000(-),1
3,5,chr6:37145001(-)-chr13:74087001(+),1
3,6,chr13:74089000(+)-chr2:33094000(-),1
4,1,chr2:33092001(-)-chr2:33092001(+),1
4,2,chr2:33095000(+)-chr2:33095000(-),2
4,3,chr2:33094000(+)-chr6:45656001(+),1
4,4,chr6:45656001(-)-chr6:45656001(+),1
4,5,chr6:45658000(+)-chr6:45658000(-),2
5,1,chr6:45653000(-)-chr6:45653000(+),1
5,2,chr6:45656000(+)-chr6:45656000(-),1
5,3,chr6:45657000(+)-chr6:45657000(-),1
5,4,chr6:45653000(+)-chr6:45651000(+),1
5,5,chr6:45652000(+)-chr6:45653000(+),1
5,6,chr6:45653000(-)-chr6:45656000(-),1
5,7,chr6:45655000(+)-chr6:45656000(+),1
6,1,chr8:33092000(-)-chr8:33092000(+),1
6,2,chr8:33095000(+)-chr8:33095000(-),2
6,3,chr8:33094000(+)-virus:45656000(+),4
6,4,virus:45657000(+)-chr8:33094000(+),4
